[  9%] Built target adbsynth_core
[ 13%] Building CXX object CMakeFiles/AdbSynth.dir/Source/PluginEditor.cpp.o
[ 18%] Building CXX object CMakeFiles/AdbSynth.dir/Source/PluginProcessor.cpp.o
In file included from /var/www/adbsynth/build/_deps/juce-src/modules/juce_audio_processors/juce_audio_processors.h:154,
                 from /var/www/adbsynth/build/_deps/juce-src/modules/juce_audio_plugin_client/juce_audio_plugin_client.h:65,
                 from /var/www/adbsynth/build/AdbSynth_artefacts/JuceLibraryCode/JuceHeader.h:14,
                 from /var/www/adbsynth/Source/PluginProcessor.h:3,
                 from /var/www/adbsynth/Source/PluginEditor.h:3,
                 from /var/www/adbsynth/Source/PluginEditor.cpp:1:
/var/www/adbsynth/build/_deps/juce-src/modules/juce_audio_processors/processors/juce_AudioProcessor.h:289:18: warning: ‘virtual void juce::AudioProcessor::processBlock(juce::AudioBuffer<double>&, juce::MidiBuffer&)’ was hidden [-Woverloaded-virtual=]
  289 |     virtual void processBlock (AudioBuffer<double>& buffer,
      |                  ^~~~~~~~~~~~
/var/www/adbsynth/Source/PluginProcessor.h:21:10: note:   by ‘virtual void AdbSynthAudioProcessor::processBlock(juce::AudioBuffer<float>&, juce::MidiBuffer&)’
   21 |     void processBlock(juce::AudioBuffer<float>&, juce::MidiBuffer&) override;
      |          ^~~~~~~~~~~~
In file included from /var/www/adbsynth/build/_deps/juce-src/modules/juce_audio_processors/juce_audio_processors.h:154,
                 from /var/www/adbsynth/build/_deps/juce-src/modules/juce_audio_plugin_client/juce_audio_plugin_client.h:65,
                 from /var/www/adbsynth/build/AdbSynth_artefacts/JuceLibraryCode/JuceHeader.h:14,
                 from /var/www/adbsynth/Source/PluginProcessor.h:3,
                 from /var/www/adbsynth/Source/PluginProcessor.cpp:1:
/var/www/adbsynth/build/_deps/juce-src/modules/juce_audio_processors/processors/juce_AudioProcessor.h:289:18: warning: ‘virtual void juce::AudioProcessor::processBlock(juce::AudioBuffer<double>&, juce::MidiBuffer&)’ was hidden [-Woverloaded-virtual=]
  289 |     virtual void processBlock (AudioBuffer<double>& buffer,
      |                  ^~~~~~~~~~~~
/var/www/adbsynth/Source/PluginProcessor.h:21:10: note:   by ‘virtual void AdbSynthAudioProcessor::processBlock(juce::AudioBuffer<float>&, juce::MidiBuffer&)’
   21 |     void processBlock(juce::AudioBuffer<float>&, juce::MidiBuffer&) override;
      |          ^~~~~~~~~~~~
In file included from /var/www/chino/.venv-whisper/lib/python3.12/site-packages/torch/include/c10/util/Metaprogramming.h:2,
                 from /var/www/chino/.venv-whisper/lib/python3.12/site-packages/torch/include/c10/core/DispatchKeySet.h:7,
                 from /var/www/chino/.venv-whisper/lib/python3.12/site-packages/torch/include/ATen/core/Generator.h:12,
                 from /var/www/chino/.venv-whisper/lib/python3.12/site-packages/torch/include/ATen/CPUGeneratorImpl.h:4,
                 from /var/www/chino/.venv-whisper/lib/python3.12/site-packages/torch/include/ATen/Context.h:5,
                 from /var/www/chino/.venv-whisper/lib/python3.12/site-packages/torch/include/ATen/ATen.h:8,
                 from /var/www/chino/.venv-whisper/lib/python3.12/site-packages/torch/include/torch/csrc/api/include/torch/types.h:4,
                 from /var/www/chino/.venv-whisper/lib/python3.12/site-packages/torch/include/torch/script.h:4,
                 from /var/www/adbsynth/Source/PluginProcessor.cpp:6:
/var/www/chino/.venv-whisper/lib/python3.12/site-packages/torch/include/torch/headeronly/util/Metaprogramming.h: In static member function ‘static auto c10::guts::TupleTake<Tuple, N, typename std::enable_if<(N >= 0), void>::type>::call(Tuple)’:
/var/www/chino/.venv-whisper/lib/python3.12/site-packages/torch/include/torch/headeronly/util/Metaprogramming.h:137:56: warning: conversion to ‘long unsigned int’ from ‘int’ may change the sign of the result [-Wsign-conversion]
  137 |     return tuple_elements(t, std::make_index_sequence<N>{});
      |                                                        ^
/var/www/chino/.venv-whisper/lib/python3.12/site-packages/torch/include/torch/headeronly/util/Metaprogramming.h: In static member function ‘static auto c10::guts::TupleTake<Tuple, N, typename std::enable_if<(N < 0), void>::type>::call(Tuple)’:
/var/www/chino/.venv-whisper/lib/python3.12/site-packages/torch/include/torch/headeronly/util/Metaprogramming.h:147:67: warning: conversion to ‘long unsigned int’ from ‘int’ may change the sign of the result [-Wsign-conversion]
  147 |     return tuple_elements(t, make_offset_index_sequence<size + N, -N>{});
      |                                                                   ^~
In file included from /var/www/chino/.venv-whisper/lib/python3.12/site-packages/torch/include/c10/core/DispatchKeySet.h:9:
/var/www/chino/.venv-whisper/lib/python3.12/site-packages/torch/include/c10/util/llvmMathExtras.h: In function ‘int64_t c10::llvm::minIntN(int64_t)’:
/var/www/chino/.venv-whisper/lib/python3.12/site-packages/torch/include/c10/util/llvmMathExtras.h:428:10: warning: conversion to ‘int64_t’ {aka ‘long int’} from ‘long unsigned int’ may change the sign of the result [-Wsign-conversion]
  428 |   return -(UINT64_C(1) << (N - 1));
      |          ^~~~~~~~~~~~~~~~~~~~~~~~~
/var/www/chino/.venv-whisper/lib/python3.12/site-packages/torch/include/c10/util/llvmMathExtras.h: In function ‘int64_t c10::llvm::maxIntN(int64_t)’:
/var/www/chino/.venv-whisper/lib/python3.12/site-packages/torch/include/c10/util/llvmMathExtras.h:442:35: warning: conversion to ‘int64_t’ {aka ‘long int’} from ‘long unsigned int’ may change the sign of the result [-Wsign-conversion]
  442 |   return (UINT64_C(1) << (N - 1)) - 1;
      |          ~~~~~~~~~~~~~~~~~~~~~~~~~^~~
/var/www/chino/.venv-whisper/lib/python3.12/site-packages/torch/include/c10/core/DispatchKeySet.h: In constructor ‘c10::FunctionalityOffsetAndMask::FunctionalityOffsetAndMask(uint16_t, uint16_t)’:
/var/www/chino/.venv-whisper/lib/python3.12/site-packages/torch/include/c10/core/DispatchKeySet.h:27:56: warning: declaration of ‘mask’ shadows a member of ‘c10::FunctionalityOffsetAndMask’ [-Wshadow]
   27 |   FunctionalityOffsetAndMask(uint16_t offset, uint16_t mask)
      |                                               ~~~~~~~~~^~~~
/var/www/chino/.venv-whisper/lib/python3.12/site-packages/torch/include/c10/core/DispatchKeySet.h:35:12: note: shadowed declaration is here
   35 |   uint16_t mask{};
      |            ^~~~
/var/www/chino/.venv-whisper/lib/python3.12/site-packages/torch/include/c10/core/DispatchKeySet.h:27:39: warning: declaration of ‘offset’ shadows a member of ‘c10::FunctionalityOffsetAndMask’ [-Wshadow]
   27 |   FunctionalityOffsetAndMask(uint16_t offset, uint16_t mask)
      |                              ~~~~~~~~~^~~~~~
/var/www/chino/.venv-whisper/lib/python3.12/site-packages/torch/include/c10/core/DispatchKeySet.h:30:12: note: shadowed declaration is here
   30 |   uint16_t offset{};
      |            ^~~~~~
/var/www/chino/.venv-whisper/lib/python3.12/site-packages/torch/include/c10/core/DispatchKeySet.h: In constructor ‘c10::FunctionalityOffsetAndMask::FunctionalityOffsetAndMask(uint16_t, uint16_t)’:
/var/www/chino/.venv-whisper/lib/python3.12/site-packages/torch/include/c10/core/DispatchKeySet.h:27:56: warning: declaration of ‘mask’ shadows a member of ‘c10::FunctionalityOffsetAndMask’ [-Wshadow]
   27 |   FunctionalityOffsetAndMask(uint16_t offset, uint16_t mask)
      |                                               ~~~~~~~~~^~~~
/var/www/chino/.venv-whisper/lib/python3.12/site-packages/torch/include/c10/core/DispatchKeySet.h:35:12: note: shadowed declaration is here
   35 |   uint16_t mask{};
      |            ^~~~
/var/www/chino/.venv-whisper/lib/python3.12/site-packages/torch/include/c10/core/DispatchKeySet.h:27:39: warning: declaration of ‘offset’ shadows a member of ‘c10::FunctionalityOffsetAndMask’ [-Wshadow]
   27 |   FunctionalityOffsetAndMask(uint16_t offset, uint16_t mask)
      |                              ~~~~~~~~~^~~~~~
/var/www/chino/.venv-whisper/lib/python3.12/site-packages/torch/include/c10/core/DispatchKeySet.h:30:12: note: shadowed declaration is here
   30 |   uint16_t offset{};
      |            ^~~~~~
/var/www/chino/.venv-whisper/lib/python3.12/site-packages/torch/include/c10/core/DispatchKeySet.h: In constructor ‘c10::FunctionalityOffsetAndMask::FunctionalityOffsetAndMask(uint16_t, uint16_t)’:
/var/www/chino/.venv-whisper/lib/python3.12/site-packages/torch/include/c10/core/DispatchKeySet.h:27:56: warning: declaration of ‘mask’ shadows a member of ‘c10::FunctionalityOffsetAndMask’ [-Wshadow]
   27 |   FunctionalityOffsetAndMask(uint16_t offset, uint16_t mask)
      |                                               ~~~~~~~~~^~~~
/var/www/chino/.venv-whisper/lib/python3.12/site-packages/torch/include/c10/core/DispatchKeySet.h:35:12: note: shadowed declaration is here
   35 |   uint16_t mask{};
      |            ^~~~
/var/www/chino/.venv-whisper/lib/python3.12/site-packages/torch/include/c10/core/DispatchKeySet.h:27:39: warning: declaration of ‘offset’ shadows a member of ‘c10::FunctionalityOffsetAndMask’ [-Wshadow]
   27 |   FunctionalityOffsetAndMask(uint16_t offset, uint16_t mask)
      |                              ~~~~~~~~~^~~~~~
/var/www/chino/.venv-whisper/lib/python3.12/site-packages/torch/include/c10/core/DispatchKeySet.h:30:12: note: shadowed declaration is here
   30 |   uint16_t offset{};
      |            ^~~~~~
/var/www/chino/.venv-whisper/lib/python3.12/site-packages/torch/include/c10/core/DispatchKeySet.h: In member function ‘constexpr c10::DispatchKeySet c10::DispatchKeySet::remove(c10::DispatchKey) const’:
/var/www/chino/.venv-whisper/lib/python3.12/site-packages/torch/include/c10/core/DispatchKeySet.h:388:45: warning: unsigned conversion from ‘int’ to ‘uint64_t’ {aka ‘long unsigned int’} changes value from ‘-65536’ to ‘18446744073709486080’ [-Wsign-conversion]
  388 |         repr_ & ~(DispatchKeySet(t).repr_ & ~full_backend_mask));
      |                                             ^~~~~~~~~~~~~~~~~~
In file included from /var/www/chino/.venv-whisper/lib/python3.12/site-packages/torch/include/c10/core/impl/PyInterpreter.h:8,
                 from /var/www/chino/.venv-whisper/lib/python3.12/site-packages/torch/include/c10/core/SafePyObject.h:4,
                 from /var/www/chino/.venv-whisper/lib/python3.12/site-packages/torch/include/c10/core/AutogradState.h:4,
                 from /var/www/chino/.venv-whisper/lib/python3.12/site-packages/torch/include/c10/core/InferenceMode.h:4,
                 from /var/www/chino/.venv-whisper/lib/python3.12/site-packages/torch/include/c10/core/TensorImpl.h:9,
                 from /var/www/chino/.venv-whisper/lib/python3.12/site-packages/torch/include/c10/core/GeneratorImpl.h:9,
                 from /var/www/chino/.venv-whisper/lib/python3.12/site-packages/torch/include/ATen/core/Generator.h:19:
/var/www/chino/.venv-whisper/lib/python3.12/site-packages/torch/include/c10/core/SymIntArrayRef.h: In function ‘c10::SymBool c10::sym_equals(SymIntArrayRef, SymIntArrayRef)’:
/var/www/chino/.venv-whisper/lib/python3.12/site-packages/torch/include/c10/core/SymIntArrayRef.h:95:40: warning: conversion to ‘int64_t’ {aka ‘long int’} from ‘size_t’ {aka ‘long unsigned int’} may change the sign of the result [-Wsign-conversion]
   95 |   c10::SymBool result = sym_eq(LHS.size(), RHS.size());
      |                                ~~~~~~~~^~
/var/www/chino/.venv-whisper/lib/python3.12/site-packages/torch/include/c10/core/SymIntArrayRef.h:95:52: warning: conversion to ‘int64_t’ {aka ‘long int’} from ‘size_t’ {aka ‘long unsigned int’} may change the sign of the result [-Wsign-conversion]
   95 |   c10::SymBool result = sym_eq(LHS.size(), RHS.size());
      |                                            ~~~~~~~~^~
In file included from /var/www/chino/.venv-whisper/lib/python3.12/site-packages/torch/include/c10/util/Float8_e4m3fn.h:2,
                 from /var/www/chino/.venv-whisper/lib/python3.12/site-packages/torch/include/c10/core/ScalarType.h:7,
                 from /var/www/chino/.venv-whisper/lib/python3.12/site-packages/torch/include/c10/core/TensorImpl.h:12:
/var/www/chino/.venv-whisper/lib/python3.12/site-packages/torch/include/torch/headeronly/util/Float8_e4m3fn.h: In function ‘float c10::detail::fp8e4m3fn_to_fp32_value(uint8_t)’:
/var/www/chino/.venv-whisper/lib/python3.12/site-packages/torch/include/torch/headeronly/util/Float8_e4m3fn.h:122:35: warning: conversion to ‘long unsigned int’ from ‘int’ may change the sign of the result [-Wsign-conversion]
  122 |       nonsign != 0 ? __builtin_clz(nonsign) : sizeof(uint32_t) * CHAR_BIT;
      |                      ~~~~~~~~~~~~~^~~~~~~~~
/var/www/chino/.venv-whisper/lib/python3.12/site-packages/torch/include/torch/headeronly/util/Float8_e4m3fn.h:122:20: warning: conversion to ‘uint32_t’ {aka ‘unsigned int’} from ‘long unsigned int’ may change the sign of the result [-Wsign-conversion]
  122 |       nonsign != 0 ? __builtin_clz(nonsign) : sizeof(uint32_t) * CHAR_BIT;
      |                    ^
/var/www/chino/.venv-whisper/lib/python3.12/site-packages/torch/include/torch/headeronly/util/Float8_e4m3fn.h:161:9: warning: conversion to ‘unsigned int’ from ‘int’ may change the sign of the result [-Wsign-conversion]
  161 |         inf_nan_mask) &
      |         ^~~~~~~~~~~~
/var/www/chino/.venv-whisper/lib/python3.12/site-packages/torch/include/torch/headeronly/util/Float8_e4m3fn.h:162:8: warning: conversion to ‘unsigned int’ from ‘int’ may change the sign of the result [-Wsign-conversion]
  162 |        ~zero_mask);
      |        ^~~~~~~~~~
In file included from /var/www/chino/.venv-whisper/lib/python3.12/site-packages/torch/include/torch/headeronly/util/Float8_e5m2.h:18,
                 from /var/www/chino/.venv-whisper/lib/python3.12/site-packages/torch/include/c10/util/Float8_e5m2.h:2,
                 from /var/www/chino/.venv-whisper/lib/python3.12/site-packages/torch/include/c10/core/ScalarType.h:9:
/var/www/chino/.venv-whisper/lib/python3.12/site-packages/torch/include/torch/headeronly/util/Half.h: In function ‘uint32_t c10::detail::fp16_ieee_to_fp32_bits(uint16_t)’:
/var/www/chino/.venv-whisper/lib/python3.12/site-packages/torch/include/torch/headeronly/util/Half.h:354:40: warning: conversion to ‘uint32_t’ {aka ‘unsigned int’} from ‘int’ may change the sign of the result [-Wsign-conversion]
  354 |   uint32_t renorm_shift = __builtin_clz(nonsign);
      |                           ~~~~~~~~~~~~~^~~~~~~~~
/var/www/chino/.venv-whisper/lib/python3.12/site-packages/torch/include/torch/headeronly/util/Half.h:393:9: warning: conversion to ‘unsigned int’ from ‘int’ may change the sign of the result [-Wsign-conversion]
  393 |         inf_nan_mask) &
      |         ^~~~~~~~~~~~
/var/www/chino/.venv-whisper/lib/python3.12/site-packages/torch/include/torch/headeronly/util/Half.h:394:8: warning: conversion to ‘unsigned int’ from ‘int’ may change the sign of the result [-Wsign-conversion]
  394 |        ~zero_mask);
      |        ^~~~~~~~~~
In file included from /var/www/chino/.venv-whisper/lib/python3.12/site-packages/torch/include/c10/util/TypeIndex.h:4,
                 from /var/www/chino/.venv-whisper/lib/python3.12/site-packages/torch/include/c10/util/typeid.h:20,
                 from /var/www/chino/.venv-whisper/lib/python3.12/site-packages/torch/include/c10/core/ScalarTypeToTypeMeta.h:6,
                 from /var/www/chino/.venv-whisper/lib/python3.12/site-packages/torch/include/c10/core/TensorImpl.h:13:
/var/www/chino/.venv-whisper/lib/python3.12/site-packages/torch/include/c10/util/ConstexprCrc.h: In function ‘constexpr uint64_t c10::util::detail::crc64impl(uint64_t, const char*, size_t)’:
/var/www/chino/.venv-whisper/lib/python3.12/site-packages/torch/include/c10/util/ConstexprCrc.h:109:42: warning: conversion to ‘uint64_t’ {aka ‘long unsigned int’} from ‘int’ may change the sign of the result [-Wsign-conversion]
  109 |         crc64_table[(accumulator ^ data[i]) & 0xFF] ^ (accumulator >> 8);
      |                                    ~~~~~~^
In file included from /var/www/chino/.venv-whisper/lib/python3.12/site-packages/torch/include/c10/core/Storage.h:7,
                 from /var/www/chino/.venv-whisper/lib/python3.12/site-packages/torch/include/c10/core/TensorImpl.h:14:
/var/www/chino/.venv-whisper/lib/python3.12/site-packages/torch/include/c10/core/StorageImpl.h: In constructor ‘c10::StorageImpl::StorageImpl(use_byte_size_t, const c10::SymInt&, c10::Allocator*, bool)’:
/var/www/chino/.venv-whisper/lib/python3.12/site-packages/torch/include/c10/core/StorageImpl.h:86:66: warning: conversion to ‘size_t’ {aka ‘long unsigned int’} from ‘int64_t’ {aka ‘long int’} may change the sign of the result [-Wsign-conversion]
   86 |                 : allocator->allocate(size_bytes.as_int_unchecked()),
      |                                       ~~~~~~~~~~~~~~~~~~~~~~~~~~~^~
/var/www/chino/.venv-whisper/lib/python3.12/site-packages/torch/include/c10/core/StorageImpl.h: In member function ‘size_t c10::StorageImpl::nbytes() const’:
/var/www/chino/.venv-whisper/lib/python3.12/site-packages/torch/include/c10/core/StorageImpl.h:118:40: warning: conversion to ‘size_t’ {aka ‘long unsigned int’} from ‘int64_t’ {aka ‘long int’} may change the sign of the result [-Wsign-conversion]
  118 |     return size_bytes_.as_int_unchecked();
      |            ~~~~~~~~~~~~~~~~~~~~~~~~~~~~^~
/var/www/chino/.venv-whisper/lib/python3.12/site-packages/torch/include/c10/core/TensorImpl.h: In function ‘int64_t c10::size_to_dim_(int, IntArrayRef)’:
/var/www/chino/.venv-whisper/lib/python3.12/site-packages/torch/include/c10/core/TensorImpl.h:93:15: warning: conversion to ‘size_t’ {aka ‘long unsigned int’} from ‘int’ may change the sign of the result [-Wsign-conversion]
   93 |     r *= dims[i];
      |               ^
/var/www/chino/.venv-whisper/lib/python3.12/site-packages/torch/include/c10/core/TensorImpl.h: In function ‘int64_t c10::size_between_dim_(int, int, IntArrayRef)’:
/var/www/chino/.venv-whisper/lib/python3.12/site-packages/torch/include/c10/core/TensorImpl.h:104:17: warning: conversion to ‘size_t’ {aka ‘long unsigned int’} from ‘int’ may change the sign of the result [-Wsign-conversion]
  104 |       r *= dims[i];
      |                 ^
/var/www/chino/.venv-whisper/lib/python3.12/site-packages/torch/include/c10/core/TensorImpl.h:108:17: warning: conversion to ‘size_t’ {aka ‘long unsigned int’} from ‘int’ may change the sign of the result [-Wsign-conversion]
  108 |       r *= dims[i];
      |                 ^
/var/www/chino/.venv-whisper/lib/python3.12/site-packages/torch/include/c10/core/TensorImpl.h: In member function ‘int64_t c10::TensorImpl::size(int64_t) const’:
/var/www/chino/.venv-whisper/lib/python3.12/site-packages/torch/include/c10/core/TensorImpl.h:919:49: warning: conversion to ‘size_t’ {aka ‘long unsigned int’} from ‘int64_t’ {aka ‘long int’} may change the sign of the result [-Wsign-conversion]
  919 |     return sizes_and_strides_.size_at_unchecked(d);
      |                                                 ^
/var/www/chino/.venv-whisper/lib/python3.12/site-packages/torch/include/c10/core/TensorImpl.h: In member function ‘c10::SymInt c10::TensorImpl::sym_size(int64_t) const’:
/var/www/chino/.venv-whisper/lib/python3.12/site-packages/torch/include/c10/core/TensorImpl.h:928:18: warning: conversion to ‘size_t’ {aka ‘long unsigned int’} from ‘int64_t’ {aka ‘long int’} may change the sign of the result [-Wsign-conversion]
  928 |     return sizes[d];
      |                  ^
/var/www/chino/.venv-whisper/lib/python3.12/site-packages/torch/include/c10/core/TensorImpl.h: In member function ‘int64_t c10::TensorImpl::stride(int64_t) const’:
/var/www/chino/.venv-whisper/lib/python3.12/site-packages/torch/include/c10/core/TensorImpl.h:944:31: warning: conversion to ‘size_t’ {aka ‘long unsigned int’} from ‘int64_t’ {aka ‘long int’} may change the sign of the result [-Wsign-conversion]
  944 |       return strides_custom()[d]; // unchecked (maybe_wrap_dim enforces bounds)
      |                               ^
/var/www/chino/.venv-whisper/lib/python3.12/site-packages/torch/include/c10/core/TensorImpl.h:947:51: warning: conversion to ‘size_t’ {aka ‘long unsigned int’} from ‘int64_t’ {aka ‘long int’} may change the sign of the result [-Wsign-conversion]
  947 |     return sizes_and_strides_.stride_at_unchecked(d);
      |                                                   ^
/var/www/chino/.venv-whisper/lib/python3.12/site-packages/torch/include/c10/core/TensorImpl.h: In member function ‘virtual int64_t c10::TensorImpl::size_custom(int64_t) const’:
/var/www/chino/.venv-whisper/lib/python3.12/site-packages/torch/include/c10/core/TensorImpl.h:1017:27: warning: conversion to ‘size_t’ {aka ‘long unsigned int’} from ‘int64_t’ {aka ‘long int’} may change the sign of the result [-Wsign-conversion]
 1017 |     return sizes_custom()[d]; // unchecked (maybe_wrap_dim enforces bounds)
      |                           ^
/var/www/chino/.venv-whisper/lib/python3.12/site-packages/torch/include/c10/core/TensorImpl.h: In member function ‘virtual c10::SymInt c10::TensorImpl::sym_size_custom(int64_t) const’:
/var/www/chino/.venv-whisper/lib/python3.12/site-packages/torch/include/c10/core/TensorImpl.h:1025:31: warning: conversion to ‘size_t’ {aka ‘long unsigned int’} from ‘int64_t’ {aka ‘long int’} may change the sign of the result [-Wsign-conversion]
 1025 |     return sym_sizes_custom()[d]; // unchecked (maybe_wrap_dim enforces bounds)
      |                               ^
/var/www/chino/.venv-whisper/lib/python3.12/site-packages/torch/include/c10/core/TensorImpl.h: In member function ‘virtual void c10::TensorImpl::set_size(int64_t, int64_t)’:
/var/www/chino/.venv-whisper/lib/python3.12/site-packages/torch/include/c10/core/TensorImpl.h:1808:32: warning: conversion to ‘size_t’ {aka ‘long unsigned int’} from ‘int64_t’ {aka ‘long int’} may change the sign of the result [-Wsign-conversion]
 1808 |     sizes_and_strides_.size_at(dim) = new_size;
      |                                ^~~
/var/www/chino/.venv-whisper/lib/python3.12/site-packages/torch/include/c10/core/TensorImpl.h: In member function ‘virtual void c10::TensorImpl::set_stride(int64_t, int64_t)’:
/var/www/chino/.venv-whisper/lib/python3.12/site-packages/torch/include/c10/core/TensorImpl.h:1827:44: warning: conversion to ‘size_t’ {aka ‘long unsigned int’} from ‘int64_t’ {aka ‘long int’} may change the sign of the result [-Wsign-conversion]
 1827 |     sizes_and_strides_.stride_at_unchecked(dim) = new_stride;
      |                                            ^~~
/var/www/chino/.venv-whisper/lib/python3.12/site-packages/torch/include/c10/core/TensorImpl.h: In member function ‘void* c10::TensorImpl::raw_mutable_data(const caffe2::TypeMeta&)’:
/var/www/chino/.venv-whisper/lib/python3.12/site-packages/torch/include/c10/core/TensorImpl.h:2309:11: warning: conversion to ‘long unsigned int’ from ‘int64_t’ {aka ‘long int’} may change the sign of the result [-Wsign-conversion]
 2309 |           storage_offset_ * meta.itemsize());
      |           ^~~~~~~~~~~~~~~
/var/www/chino/.venv-whisper/lib/python3.12/site-packages/torch/include/c10/core/TensorImpl.h:2321:35: warning: conversion to ‘long unsigned int’ from ‘int64_t’ {aka ‘long int’} may change the sign of the result [-Wsign-conversion]
 2321 |            (storage_.nbytes() >= (numel_ * data_type_.itemsize())))) {
      |                                   ^~~~~~
/var/www/chino/.venv-whisper/lib/python3.12/site-packages/torch/include/c10/core/TensorImpl.h:2340:45: warning: conversion to ‘long unsigned int’ from ‘int64_t’ {aka ‘long int’} may change the sign of the result [-Wsign-conversion]
 2340 |         auto data_ptr = allocator->allocate(numel_ * data_type_.itemsize());
      |                                             ^~~~~~
/var/www/chino/.venv-whisper/lib/python3.12/site-packages/torch/include/c10/core/TensorImpl.h:2342:40: warning: conversion to ‘size_t’ {aka ‘long unsigned int’} from ‘long int’ may change the sign of the result [-Wsign-conversion]
 2342 |             std::move(data_ptr), dtor, size, storage_.device()));
      |                                        ^~~~
/var/www/chino/.venv-whisper/lib/python3.12/site-packages/torch/include/c10/core/TensorImpl.h:2343:60: warning: conversion to ‘size_t’ {aka ‘long unsigned int’} from ‘int64_t’ {aka ‘long int’} may change the sign of the result [-Wsign-conversion]
 2343 |         data_type_.placementNew()(storage_.mutable_data(), numel_);
      |                                                            ^~~~~~
/var/www/chino/.venv-whisper/lib/python3.12/site-packages/torch/include/c10/core/TensorImpl.h:2347:33: warning: conversion to ‘long unsigned int’ from ‘int64_t’ {aka ‘long int’} may change the sign of the result [-Wsign-conversion]
 2347 |             allocator->allocate(numel_ * data_type_.itemsize()));
      |                                 ^~~~~~
/var/www/chino/.venv-whisper/lib/python3.12/site-packages/torch/include/c10/core/TensorImpl.h:2349:27: warning: conversion to ‘long unsigned int’ from ‘int64_t’ {aka ‘long int’} may change the sign of the result [-Wsign-conversion]
 2349 |       storage_.set_nbytes(numel_ * data_type_.itemsize());
      |                           ^~~~~~
/var/www/chino/.venv-whisper/lib/python3.12/site-packages/torch/include/c10/core/TensorImpl.h: In member function ‘void c10::TensorImpl::empty_tensor_restride(c10::MemoryFormat)’:
/var/www/chino/.venv-whisper/lib/python3.12/site-packages/torch/include/c10/core/TensorImpl.h:2435:35: warning: conversion to ‘size_t’ {aka ‘long unsigned int’} from ‘long int’ may change the sign of the result [-Wsign-conversion]
 2435 |         sizes_and_strides_.resize(dim_);
      |                                   ^~~~
/var/www/chino/.venv-whisper/lib/python3.12/site-packages/torch/include/c10/core/TensorImpl.h:2439:50: warning: conversion to ‘size_t’ {aka ‘long unsigned int’} from ‘long int’ may change the sign of the result [-Wsign-conversion]
 2439 |           sizes_and_strides_.stride_at_unchecked(last_idx) = 1;
      |                                                  ^~~~~~~~
/var/www/chino/.venv-whisper/lib/python3.12/site-packages/torch/include/c10/core/TensorImpl.h:2442:58: warning: conversion to ‘size_t’ {aka ‘long unsigned int’} from ‘long int’ may change the sign of the result [-Wsign-conversion]
 2442 |                 sizes_and_strides_.stride_at_unchecked(i + 1),
      |                                                        ~~^~~
/var/www/chino/.venv-whisper/lib/python3.12/site-packages/torch/include/c10/core/TensorImpl.h:2444:60: warning: conversion to ‘size_t’ {aka ‘long unsigned int’} from ‘long int’ may change the sign of the result [-Wsign-conversion]
 2444 |                     sizes_and_strides_.size_at_unchecked(i + 1), 1),
      |                                                          ~~^~~
/var/www/chino/.venv-whisper/lib/python3.12/site-packages/torch/include/c10/core/TensorImpl.h:2445:71: warning: conversion to ‘size_t’ {aka ‘long unsigned int’} from ‘long int’ may change the sign of the result [-Wsign-conversion]
 2445 |                 std::addressof(sizes_and_strides_.stride_at_unchecked(i)));
      |                                                                       ^
In file included from /var/www/chino/.venv-whisper/lib/python3.12/site-packages/torch/include/ATen/CPUGeneratorImpl.h:5:
/var/www/chino/.venv-whisper/lib/python3.12/site-packages/torch/include/ATen/core/MT19937RNGEngine.h: In member function ‘void at::mt19937_engine::init_with_uint32(uint64_t)’:
/var/www/chino/.venv-whisper/lib/python3.12/site-packages/torch/include/ATen/core/MT19937RNGEngine.h:161:20: warning: conversion to ‘std::array<unsigned int, 624>::size_type’ {aka ‘long unsigned int’} from ‘int’ may change the sign of the result [-Wsign-conversion]
  161 |       data_.state_[j] = (1812433253 * (data_.state_[j-1] ^ (data_.state_[j-1] >> 30)) + j);
      |                    ^
/var/www/chino/.venv-whisper/lib/python3.12/site-packages/torch/include/ATen/core/MT19937RNGEngine.h:161:54: warning: conversion to ‘std::array<unsigned int, 624>::size_type’ {aka ‘long unsigned int’} from ‘int’ may change the sign of the result [-Wsign-conversion]
  161 |       data_.state_[j] = (1812433253 * (data_.state_[j-1] ^ (data_.state_[j-1] >> 30)) + j);
      |                                                     ~^~
/var/www/chino/.venv-whisper/lib/python3.12/site-packages/torch/include/ATen/core/MT19937RNGEngine.h:161:75: warning: conversion to ‘std::array<unsigned int, 624>::size_type’ {aka ‘long unsigned int’} from ‘int’ may change the sign of the result [-Wsign-conversion]
  161 |       data_.state_[j] = (1812433253 * (data_.state_[j-1] ^ (data_.state_[j-1] >> 30)) + j);
      |                                                                          ~^~
/var/www/chino/.venv-whisper/lib/python3.12/site-packages/torch/include/ATen/core/MT19937RNGEngine.h:161:89: warning: conversion to ‘std::array<unsigned int, 624>::value_type’ {aka ‘unsigned int’} from ‘int’ may change the sign of the result [-Wsign-conversion]
  161 |       data_.state_[j] = (1812433253 * (data_.state_[j-1] ^ (data_.state_[j-1] >> 30)) + j);
      |                                                                                         ^
In file included from /var/www/chino/.venv-whisper/lib/python3.12/site-packages/torch/include/ATen/DeviceAccelerator.h:4,
                 from /var/www/chino/.venv-whisper/lib/python3.12/site-packages/torch/include/ATen/Context.h:6:
/var/www/chino/.venv-whisper/lib/python3.12/site-packages/torch/include/c10/core/CachingDeviceAllocator.h: In member function ‘virtual std::pair<long unsigned int, long unsigned int> c10::DeviceAllocator::getMemoryInfo(c10::DeviceIndex)’:
/var/www/chino/.venv-whisper/lib/python3.12/site-packages/torch/include/c10/core/CachingDeviceAllocator.h:103:68: warning: unused parameter ‘device’ [-Wunused-parameter]
  103 |   virtual std::pair<size_t, size_t> getMemoryInfo(c10::DeviceIndex device) {
      |                                                   ~~~~~~~~~~~~~~~~~^~~~~~
In file included from /var/www/chino/.venv-whisper/lib/python3.12/site-packages/torch/include/ATen/DeviceAccelerator.h:9:
/var/www/chino/.venv-whisper/lib/python3.12/site-packages/torch/include/ATen/detail/MTIAHooksInterface.h: In member function ‘virtual PyObject* at::MTIAHooksInterface::getDeviceProperties(c10::DeviceIndex) const’:
/var/www/chino/.venv-whisper/lib/python3.12/site-packages/torch/include/ATen/detail/MTIAHooksInterface.h:118:53: warning: unused parameter ‘device’ [-Wunused-parameter]
  118 |   virtual PyObject* getDeviceProperties(DeviceIndex device) const {
      |                                         ~~~~~~~~~~~~^~~~~~
/var/www/chino/.venv-whisper/lib/python3.12/site-packages/torch/include/ATen/detail/MTIAHooksInterface.h: In member function ‘virtual PyObject* at::MTIAHooksInterface::memorySnapshot(const std::optional<std::__cxx11::basic_string<char> >&) const’:
/var/www/chino/.venv-whisper/lib/python3.12/site-packages/torch/include/ATen/detail/MTIAHooksInterface.h:133:70: warning: unused parameter ‘local_path’ [-Wunused-parameter]
  133 |   virtual PyObject* memorySnapshot(const std::optional<std::string>& local_path) const {
      |                                    ~~~~~~~~~~~~~~~~~~~~~~~~~~~~~~~~~~^~~~~~~~~~
/var/www/chino/.venv-whisper/lib/python3.12/site-packages/torch/include/ATen/detail/MTIAHooksInterface.h: In member function ‘virtual void at::MTIAHooksInterface::attachOutOfMemoryObserver(PyObject*) const’:
/var/www/chino/.venv-whisper/lib/python3.12/site-packages/torch/include/ATen/detail/MTIAHooksInterface.h:147:52: warning: unused parameter ‘observer’ [-Wunused-parameter]
  147 |   virtual void attachOutOfMemoryObserver(PyObject* observer) const {
      |                                          ~~~~~~~~~~^~~~~~~~
/var/www/chino/.venv-whisper/lib/python3.12/site-packages/torch/include/ATen/detail/MTIAHooksInterface.h: In member function ‘virtual int64_t at::MTIAHooksInterface::mtiagraphCreate(bool) const’:
/var/www/chino/.venv-whisper/lib/python3.12/site-packages/torch/include/ATen/detail/MTIAHooksInterface.h:155:40: warning: unused parameter ‘keep_graph’ [-Wunused-parameter]
  155 |   virtual int64_t mtiagraphCreate(bool keep_graph = false) const {
      |                                   ~~~~~^~~~~~~~~~~~~~~~~~
/var/www/chino/.venv-whisper/lib/python3.12/site-packages/torch/include/ATen/detail/MTIAHooksInterface.h: In member function ‘virtual void at::MTIAHooksInterface::mtiagraphDestroy(int64_t) const’:
/var/www/chino/.venv-whisper/lib/python3.12/site-packages/torch/include/ATen/detail/MTIAHooksInterface.h:160:41: warning: unused parameter ‘handle’ [-Wunused-parameter]
  160 |   virtual void mtiagraphDestroy(int64_t handle) const {
      |                                 ~~~~~~~~^~~~~~
/var/www/chino/.venv-whisper/lib/python3.12/site-packages/torch/include/ATen/detail/MTIAHooksInterface.h: In member function ‘virtual void at::MTIAHooksInterface::mtiagraphCaptureBegin(int64_t, c10::MempoolId_t) const’:
/var/www/chino/.venv-whisper/lib/python3.12/site-packages/torch/include/ATen/detail/MTIAHooksInterface.h:164:46: warning: unused parameter ‘handle’ [-Wunused-parameter]
  164 |   virtual void mtiagraphCaptureBegin(int64_t handle, MempoolId_t pool) const {
      |                                      ~~~~~~~~^~~~~~
/var/www/chino/.venv-whisper/lib/python3.12/site-packages/torch/include/ATen/detail/MTIAHooksInterface.h:164:66: warning: unused parameter ‘pool’ [-Wunused-parameter]
  164 |   virtual void mtiagraphCaptureBegin(int64_t handle, MempoolId_t pool) const {
      |                                                      ~~~~~~~~~~~~^~~~
/var/www/chino/.venv-whisper/lib/python3.12/site-packages/torch/include/ATen/detail/MTIAHooksInterface.h: In member function ‘virtual void at::MTIAHooksInterface::mtiagraphCaptureEnd(int64_t) const’:
/var/www/chino/.venv-whisper/lib/python3.12/site-packages/torch/include/ATen/detail/MTIAHooksInterface.h:168:44: warning: unused parameter ‘handle’ [-Wunused-parameter]
  168 |   virtual void mtiagraphCaptureEnd(int64_t handle) const {
      |                                    ~~~~~~~~^~~~~~
/var/www/chino/.venv-whisper/lib/python3.12/site-packages/torch/include/ATen/detail/MTIAHooksInterface.h: In member function ‘virtual void at::MTIAHooksInterface::mtiagraphInstantiate(int64_t) const’:
/var/www/chino/.venv-whisper/lib/python3.12/site-packages/torch/include/ATen/detail/MTIAHooksInterface.h:172:45: warning: unused parameter ‘handle’ [-Wunused-parameter]
  172 |   virtual void mtiagraphInstantiate(int64_t handle) const {
      |                                     ~~~~~~~~^~~~~~
/var/www/chino/.venv-whisper/lib/python3.12/site-packages/torch/include/ATen/detail/MTIAHooksInterface.h: In member function ‘virtual void at::MTIAHooksInterface::mtiagraphReplay(int64_t) const’:
/var/www/chino/.venv-whisper/lib/python3.12/site-packages/torch/include/ATen/detail/MTIAHooksInterface.h:176:40: warning: unused parameter ‘handle’ [-Wunused-parameter]
  176 |   virtual void mtiagraphReplay(int64_t handle) const {
      |                                ~~~~~~~~^~~~~~
/var/www/chino/.venv-whisper/lib/python3.12/site-packages/torch/include/ATen/detail/MTIAHooksInterface.h: In member function ‘virtual void at::MTIAHooksInterface::mtiagraphReset(int64_t) const’:
/var/www/chino/.venv-whisper/lib/python3.12/site-packages/torch/include/ATen/detail/MTIAHooksInterface.h:180:39: warning: unused parameter ‘handle’ [-Wunused-parameter]
  180 |   virtual void mtiagraphReset(int64_t handle) const {
      |                               ~~~~~~~~^~~~~~
/var/www/chino/.venv-whisper/lib/python3.12/site-packages/torch/include/ATen/detail/MTIAHooksInterface.h: In member function ‘virtual c10::MempoolId_t at::MTIAHooksInterface::mtiagraphPool(int64_t) const’:
/var/www/chino/.venv-whisper/lib/python3.12/site-packages/torch/include/ATen/detail/MTIAHooksInterface.h:184:45: warning: unused parameter ‘handle’ [-Wunused-parameter]
  184 |   virtual MempoolId_t mtiagraphPool(int64_t handle) const {
      |                                     ~~~~~~~~^~~~~~
/var/www/chino/.venv-whisper/lib/python3.12/site-packages/torch/include/ATen/Context.h: In member function ‘bool at::Context::isPinnedPtr(const void*, std::optional<c10::DeviceType>)’:
/var/www/chino/.venv-whisper/lib/python3.12/site-packages/torch/include/ATen/Context.h:125:16: warning: conversion to ‘std::array<c10::once_flag, 21>::size_type’ {aka ‘long unsigned int’} from ‘int8_t’ {aka ‘signed char’} may change the sign of the result [-Wsign-conversion]
  125 |     if (!init_[static_cast<int8_t>(opt_device_type.value())].test_once()) {
      |                ^~~~~~~~~~~~~~~~~~~~~~~~~~~~~~~~~~~~~~~~~~~~
/var/www/chino/.venv-whisper/lib/python3.12/site-packages/torch/include/ATen/Context.h: In member function ‘void at::Context::lazyInitDevice(c10::DeviceType)’:
/var/www/chino/.venv-whisper/lib/python3.12/site-packages/torch/include/ATen/Context.h:144:28: warning: conversion to ‘std::array<c10::once_flag, 21>::size_type’ {aka ‘long unsigned int’} from ‘int8_t’ {aka ‘signed char’} may change the sign of the result [-Wsign-conversion]
  144 |       c10::call_once(init_[static_cast<int8_t>(device_type)], [&] {
      |                            ^~~~~~~~~~~~~~~~~~~~~~~~~~~~~~~~
/var/www/chino/.venv-whisper/lib/python3.12/site-packages/torch/include/ATen/Context.h: In function ‘size_t at::getNumGPUs()’:
/var/www/chino/.venv-whisper/lib/python3.12/site-packages/torch/include/ATen/Context.h:616:46: warning: conversion to ‘size_t’ {aka ‘long unsigned int’} from ‘c10::DeviceIndex’ {aka ‘signed char’} may change the sign of the result [-Wsign-conversion]
  616 |     return detail::getCUDAHooks().deviceCount();
      |            ~~~~~~~~~~~~~~~~~~~~~~~~~~~~~~~~~~^~
/var/www/chino/.venv-whisper/lib/python3.12/site-packages/torch/include/ATen/Context.h:618:44: warning: conversion to ‘size_t’ {aka ‘long unsigned int’} from ‘int’ may change the sign of the result [-Wsign-conversion]
  618 |     return detail::getHIPHooks().getNumGPUs();
      |            ~~~~~~~~~~~~~~~~~~~~~~~~~~~~~~~~^~
In file included from /var/www/chino/.venv-whisper/lib/python3.12/site-packages/torch/include/ATen/core/TensorAccessor.h:4,
                 from /var/www/chino/.venv-whisper/lib/python3.12/site-packages/torch/include/ATen/core/TensorBody.h:39,
                 from /var/www/chino/.venv-whisper/lib/python3.12/site-packages/torch/include/ATen/core/ivalue.h:5,
                 from /var/www/chino/.venv-whisper/lib/python3.12/site-packages/torch/include/ATen/core/List_inl.h:5,
                 from /var/www/chino/.venv-whisper/lib/python3.12/site-packages/torch/include/ATen/core/List.h:492,
                 from /var/www/chino/.venv-whisper/lib/python3.12/site-packages/torch/include/ATen/core/IListRef_inl.h:4,
                 from /var/www/chino/.venv-whisper/lib/python3.12/site-packages/torch/include/ATen/core/IListRef.h:634,
                 from /var/www/chino/.venv-whisper/lib/python3.12/site-packages/torch/include/ATen/DeviceGuard.h:4,
                 from /var/www/chino/.venv-whisper/lib/python3.12/site-packages/torch/include/ATen/ATen.h:10:
/var/www/chino/.venv-whisper/lib/python3.12/site-packages/torch/include/torch/headeronly/core/TensorAccessor.h: In constructor ‘torch::headeronly::detail::TensorAccessorBase<ArrayRefCls, T, N, PtrTraits, index_t>::TensorAccessorBase(PtrType, const index_t*, const index_t*)’:
/var/www/chino/.venv-whisper/lib/python3.12/site-packages/torch/include/torch/headeronly/core/TensorAccessor.h:58:22: warning: declaration of ‘strides_’ shadows a member of ‘torch::headeronly::detail::TensorAccessorBase<ArrayRefCls, T, N, PtrTraits, index_t>’ [-Wshadow]
   58 |       const index_t* strides_)
      |       ~~~~~~~~~~~~~~~^~~~~~~~
/var/www/chino/.venv-whisper/lib/python3.12/site-packages/torch/include/torch/headeronly/core/TensorAccessor.h:82:18: note: shadowed declaration is here
   82 |   const index_t* strides_;
      |                  ^~~~~~~~
/var/www/chino/.venv-whisper/lib/python3.12/site-packages/torch/include/torch/headeronly/core/TensorAccessor.h:57:22: warning: declaration of ‘sizes_’ shadows a member of ‘torch::headeronly::detail::TensorAccessorBase<ArrayRefCls, T, N, PtrTraits, index_t>’ [-Wshadow]
   57 |       const index_t* sizes_,
      |       ~~~~~~~~~~~~~~~^~~~~~
/var/www/chino/.venv-whisper/lib/python3.12/site-packages/torch/include/torch/headeronly/core/TensorAccessor.h:81:18: note: shadowed declaration is here
   81 |   const index_t* sizes_;
      |                  ^~~~~~
/var/www/chino/.venv-whisper/lib/python3.12/site-packages/torch/include/torch/headeronly/core/TensorAccessor.h:56:15: warning: declaration of ‘data_’ shadows a member of ‘torch::headeronly::detail::TensorAccessorBase<ArrayRefCls, T, N, PtrTraits, index_t>’ [-Wshadow]
   56 |       PtrType data_,
      |       ~~~~~~~~^~~~~
/var/www/chino/.venv-whisper/lib/python3.12/site-packages/torch/include/torch/headeronly/core/TensorAccessor.h:80:11: note: shadowed declaration is here
   80 |   PtrType data_;
      |           ^~~~~
/var/www/chino/.venv-whisper/lib/python3.12/site-packages/torch/include/torch/headeronly/core/TensorAccessor.h: In constructor ‘torch::headeronly::detail::GenericPackedTensorAccessorBase<IndexBoundsCheck, T, N, PtrTraits, index_t>::GenericPackedTensorAccessorBase(PtrType, const index_t*, const index_t*)’:
/var/www/chino/.venv-whisper/lib/python3.12/site-packages/torch/include/torch/headeronly/core/TensorAccessor.h:178:22: warning: declaration of ‘strides_’ shadows a member of ‘torch::headeronly::detail::GenericPackedTensorAccessorBase<IndexBoundsCheck, T, N, PtrTraits, index_t>’ [-Wshadow]
  178 |       const index_t* strides_)
      |       ~~~~~~~~~~~~~~~^~~~~~~~
/var/www/chino/.venv-whisper/lib/python3.12/site-packages/torch/include/torch/headeronly/core/TensorAccessor.h:217:11: note: shadowed declaration is here
  217 |   index_t strides_[N];
      |           ^~~~~~~~
/var/www/chino/.venv-whisper/lib/python3.12/site-packages/torch/include/torch/headeronly/core/TensorAccessor.h:177:22: warning: declaration of ‘sizes_’ shadows a member of ‘torch::headeronly::detail::GenericPackedTensorAccessorBase<IndexBoundsCheck, T, N, PtrTraits, index_t>’ [-Wshadow]
  177 |       const index_t* sizes_,
      |       ~~~~~~~~~~~~~~~^~~~~~
/var/www/chino/.venv-whisper/lib/python3.12/site-packages/torch/include/torch/headeronly/core/TensorAccessor.h:215:11: note: shadowed declaration is here
  215 |   index_t sizes_[N];
      |           ^~~~~~
/var/www/chino/.venv-whisper/lib/python3.12/site-packages/torch/include/torch/headeronly/core/TensorAccessor.h:176:15: warning: declaration of ‘data_’ shadows a member of ‘torch::headeronly::detail::GenericPackedTensorAccessorBase<IndexBoundsCheck, T, N, PtrTraits, index_t>’ [-Wshadow]
  176 |       PtrType data_,
      |       ~~~~~~~~^~~~~
/var/www/chino/.venv-whisper/lib/python3.12/site-packages/torch/include/torch/headeronly/core/TensorAccessor.h:213:11: note: shadowed declaration is here
  213 |   PtrType data_;
      |           ^~~~~
/var/www/chino/.venv-whisper/lib/python3.12/site-packages/torch/include/torch/headeronly/core/TensorAccessor.h: In constructor ‘torch::headeronly::detail::GenericPackedTensorAccessorBase<IndexBoundsCheck, T, N, PtrTraits, index_t>::GenericPackedTensorAccessorBase(PtrType, const source_index_t*, const source_index_t*)’:
/var/www/chino/.venv-whisper/lib/python3.12/site-packages/torch/include/torch/headeronly/core/TensorAccessor.h:191:29: warning: declaration of ‘strides_’ shadows a member of ‘torch::headeronly::detail::GenericPackedTensorAccessorBase<IndexBoundsCheck, T, N, PtrTraits, index_t>’ [-Wshadow]
  191 |       const source_index_t* strides_)
      |       ~~~~~~~~~~~~~~~~~~~~~~^~~~~~~~
/var/www/chino/.venv-whisper/lib/python3.12/site-packages/torch/include/torch/headeronly/core/TensorAccessor.h:217:11: note: shadowed declaration is here
  217 |   index_t strides_[N];
      |           ^~~~~~~~
/var/www/chino/.venv-whisper/lib/python3.12/site-packages/torch/include/torch/headeronly/core/TensorAccessor.h:190:29: warning: declaration of ‘sizes_’ shadows a member of ‘torch::headeronly::detail::GenericPackedTensorAccessorBase<IndexBoundsCheck, T, N, PtrTraits, index_t>’ [-Wshadow]
  190 |       const source_index_t* sizes_,
      |       ~~~~~~~~~~~~~~~~~~~~~~^~~~~~
/var/www/chino/.venv-whisper/lib/python3.12/site-packages/torch/include/torch/headeronly/core/TensorAccessor.h:215:11: note: shadowed declaration is here
  215 |   index_t sizes_[N];
      |           ^~~~~~
/var/www/chino/.venv-whisper/lib/python3.12/site-packages/torch/include/torch/headeronly/core/TensorAccessor.h:189:15: warning: declaration of ‘data_’ shadows a member of ‘torch::headeronly::detail::GenericPackedTensorAccessorBase<IndexBoundsCheck, T, N, PtrTraits, index_t>’ [-Wshadow]
  189 |       PtrType data_,
      |       ~~~~~~~~^~~~~
/var/www/chino/.venv-whisper/lib/python3.12/site-packages/torch/include/torch/headeronly/core/TensorAccessor.h:213:11: note: shadowed declaration is here
  213 |   PtrType data_;
      |           ^~~~~
In file included from /var/www/chino/.venv-whisper/lib/python3.12/site-packages/torch/include/ATen/core/TensorBody.h:40:
/var/www/chino/.venv-whisper/lib/python3.12/site-packages/torch/include/ATen/core/TensorBase.h: In member function ‘c10::SymInt at::TensorBase::sym_stride(int64_t) const’:
/var/www/chino/.venv-whisper/lib/python3.12/site-packages/torch/include/ATen/core/TensorBase.h:185:37: warning: conversion to ‘size_t’ {aka ‘long unsigned int’} from ‘int64_t’ {aka ‘long int’} may change the sign of the result [-Wsign-conversion]
  185 |     return sizes[c10::maybe_wrap_dim(dim, ndim, /*wrap_scalar=*/false)];
      |                  ~~~~~~~~~~~~~~~~~~~^~~~~~~~~~~~~~~~~~~~~~~~~~~~~~~~~~
/var/www/chino/.venv-whisper/lib/python3.12/site-packages/torch/include/ATen/core/TensorBase.h: In member function ‘int64_t at::TensorBase::stride(int64_t) const’:
/var/www/chino/.venv-whisper/lib/python3.12/site-packages/torch/include/ATen/core/TensorBase.h:197:39: warning: conversion to ‘size_t’ {aka ‘long unsigned int’} from ‘int64_t’ {aka ‘long int’} may change the sign of the result [-Wsign-conversion]
  197 |     return strides[c10::maybe_wrap_dim(dim, ndim, /*wrap_scalar=*/false)];
      |                    ~~~~~~~~~~~~~~~~~~~^~~~~~~~~~~~~~~~~~~~~~~~~~~~~~~~~~
/var/www/chino/.venv-whisper/lib/python3.12/site-packages/torch/include/ATen/core/TensorBase.h: In member function ‘size_t at::TensorBase::nbytes() const’:
/var/www/chino/.venv-whisper/lib/python3.12/site-packages/torch/include/ATen/core/TensorBase.h:337:24: warning: conversion to ‘long unsigned int’ from ‘int64_t’ {aka ‘long int’} may change the sign of the result [-Wsign-conversion]
  337 |     return impl_->numel() * impl_->itemsize();
      |            ~~~~~~~~~~~~^~
/var/www/chino/.venv-whisper/lib/python3.12/site-packages/torch/include/ATen/core/ivalue.h: In member function ‘size_t c10::IValue::HashAliasedIValue::operator()(const c10::IValue&) const’:
/var/www/chino/.venv-whisper/lib/python3.12/site-packages/torch/include/ATen/core/ivalue.h:1150:28: warning: conversion to ‘size_t’ {aka ‘long unsigned int’} from ‘int64_t’ {aka ‘long int’} may change the sign of the result [-Wsign-conversion]
 1150 |       return val.payload.u.as_int;
      |              ~~~~~~~~~~~~~~^~~~~~
/var/www/chino/.venv-whisper/lib/python3.12/site-packages/torch/include/ATen/core/ivalue.h: In member function ‘size_t c10::IValue::HashIdentityIValue::operator()(const c10::IValue&) const’:
/var/www/chino/.venv-whisper/lib/python3.12/site-packages/torch/include/ATen/core/ivalue.h:1167:28: warning: conversion to ‘size_t’ {aka ‘long unsigned int’} from ‘int64_t’ {aka ‘long int’} may change the sign of the result [-Wsign-conversion]
 1167 |       return val.payload.u.as_int;
      |              ~~~~~~~~~~~~~~^~~~~~
/var/www/chino/.venv-whisper/lib/python3.12/site-packages/torch/include/ATen/core/ivalue.h: In member function ‘size_t c10::WeakIValue::hash() const’:
/var/www/chino/.venv-whisper/lib/python3.12/site-packages/torch/include/ATen/core/ivalue.h:1545:20: warning: conversion to ‘size_t’ {aka ‘long unsigned int’} from ‘int64_t’ {aka ‘long int’} may change the sign of the result [-Wsign-conversion]
 1545 |     return payload.as_int;
      |            ~~~~~~~~^~~~~~
In file included from /var/www/chino/.venv-whisper/lib/python3.12/site-packages/torch/include/ATen/core/Dict.h:9,
                 from /var/www/chino/.venv-whisper/lib/python3.12/site-packages/torch/include/ATen/core/ivalue_inl.h:11,
                 from /var/www/chino/.venv-whisper/lib/python3.12/site-packages/torch/include/ATen/core/ivalue.h:1638:
/var/www/chino/.venv-whisper/lib/python3.12/site-packages/torch/include/c10/util/order_preserving_flat_hash_map.h: In constructor ‘ska_ordered::detailv3::functor_storage<Result, Result (*)(Args ...)>::functor_storage(function_ptr)’:
/var/www/chino/.venv-whisper/lib/python3.12/site-packages/torch/include/c10/util/order_preserving_flat_hash_map.h:66:32: warning: declaration of ‘function’ shadows a member of ‘ska_ordered::detailv3::functor_storage<Result, Result (*)(Args ...)>’ [-Wshadow]
   66 |   functor_storage(function_ptr function) : function(function) {}
      |                   ~~~~~~~~~~~~~^~~~~~~~
/var/www/chino/.venv-whisper/lib/python3.12/site-packages/torch/include/c10/util/order_preserving_flat_hash_map.h:65:16: note: shadowed declaration is here
   65 |   function_ptr function;
      |                ^~~~~~~~
/var/www/chino/.venv-whisper/lib/python3.12/site-packages/torch/include/c10/util/order_preserving_flat_hash_map.h: In constructor ‘ska_ordered::detailv3::sherwood_v3_entry<T>::sherwood_v3_entry(int8_t)’:
/var/www/chino/.venv-whisper/lib/python3.12/site-packages/torch/include/c10/util/order_preserving_flat_hash_map.h:147:28: warning: declaration of ‘distance_from_desired’ shadows a member of ‘ska_ordered::detailv3::sherwood_v3_entry<T>’ [-Wshadow]
  147 |   sherwood_v3_entry(int8_t distance_from_desired)
      |                     ~~~~~~~^~~~~~~~~~~~~~~~~~~~~
/var/www/chino/.venv-whisper/lib/python3.12/site-packages/torch/include/c10/util/order_preserving_flat_hash_map.h:174:10: note: shadowed declaration is here
  174 |   int8_t distance_from_desired = -1;
      |          ^~~~~~~~~~~~~~~~~~~~~
/var/www/chino/.venv-whisper/lib/python3.12/site-packages/torch/include/c10/util/order_preserving_flat_hash_map.h: In constructor ‘ska_ordered::detailv3::sherwood_v3_table<T, FindKey, ArgumentHash, Hasher, ArgumentEqual, Equal, ArgumentAlloc, EntryAlloc>::templated_iterator<ValueType>::templated_iterator(ska_ordered::detailv3::sherwood_v3_table<T, FindKey, ArgumentHash, Hasher, ArgumentEqual, Equal, ArgumentAlloc, EntryAlloc>::EntryPointer)’:
/var/www/chino/.venv-whisper/lib/python3.12/site-packages/torch/include/c10/util/order_preserving_flat_hash_map.h:433:37: warning: declaration of ‘current’ shadows a member of ‘ska_ordered::detailv3::sherwood_v3_table<T, FindKey, ArgumentHash, Hasher, ArgumentEqual, Equal, ArgumentAlloc, EntryAlloc>::templated_iterator<ValueType>’ [-Wshadow]
  433 |     templated_iterator(EntryPointer current) : current(current) {}
      |                        ~~~~~~~~~~~~~^~~~~~~
/var/www/chino/.venv-whisper/lib/python3.12/site-packages/torch/include/c10/util/order_preserving_flat_hash_map.h:434:18: note: shadowed declaration is here
  434 |     EntryPointer current = EntryPointer();
      |                  ^~~~~~~
In file included from /var/www/chino/.venv-whisper/lib/python3.12/site-packages/torch/include/ATen/core/ivalue_inl.h:15:
/var/www/chino/.venv-whisper/lib/python3.12/site-packages/torch/include/ATen/core/jit_type.h: In function ‘bool c10::is_contiguous_strides(IntArrayRef, IntArrayRef)’:
/var/www/chino/.venv-whisper/lib/python3.12/site-packages/torch/include/ATen/core/jit_type.h:55:17: warning: conversion to ‘size_t’ {aka ‘long unsigned int’} from ‘int’ may change the sign of the result [-Wsign-conversion]
   55 |     if (strides[i] != strides[i + 1] * sizes[i + 1]) {
      |                 ^
/var/www/chino/.venv-whisper/lib/python3.12/site-packages/torch/include/ATen/core/jit_type.h:55:33: warning: conversion to ‘size_t’ {aka ‘long unsigned int’} from ‘int’ may change the sign of the result [-Wsign-conversion]
   55 |     if (strides[i] != strides[i + 1] * sizes[i + 1]) {
      |                               ~~^~~
/var/www/chino/.venv-whisper/lib/python3.12/site-packages/torch/include/ATen/core/jit_type.h:55:48: warning: conversion to ‘size_t’ {aka ‘long unsigned int’} from ‘int’ may change the sign of the result [-Wsign-conversion]
   55 |     if (strides[i] != strides[i + 1] * sizes[i + 1]) {
      |                                              ~~^~~
/var/www/chino/.venv-whisper/lib/python3.12/site-packages/torch/include/ATen/core/jit_type.h: In constructor ‘c10::SingleElementType<K, T>::SingleElementType(c10::Type::TypePtr)’:
/var/www/chino/.venv-whisper/lib/python3.12/site-packages/torch/include/ATen/core/jit_type.h:120:29: warning: declaration of ‘elem’ shadows a member of ‘c10::SingleElementType<K, T>’ [-Wshadow]
  120 |   SingleElementType(TypePtr elem) : SharedType(Kind), elem(std::move(elem)) {
      |                     ~~~~~~~~^~~~
/var/www/chino/.venv-whisper/lib/python3.12/site-packages/torch/include/ATen/core/jit_type.h:126:11: note: shadowed declaration is here
  126 |   TypePtr elem;
      |           ^~~~
/var/www/chino/.venv-whisper/lib/python3.12/site-packages/torch/include/ATen/core/jit_type.h: In member function ‘std::optional<long unsigned int> c10::TensorType::numel() const’:
/var/www/chino/.venv-whisper/lib/python3.12/site-packages/torch/include/ATen/core/jit_type.h:657:23: warning: conversion to ‘long unsigned int’ from ‘long int’ may change the sign of the result [-Wsign-conversion]
  657 |       prod *= s.value();
      |                       ^
/var/www/chino/.venv-whisper/lib/python3.12/site-packages/torch/include/ATen/core/jit_type.h: In lambda function:
/var/www/chino/.venv-whisper/lib/python3.12/site-packages/torch/include/ATen/core/jit_type.h:798:27: warning: conversion to ‘std::vector<long int>::size_type’ {aka ‘long unsigned int’} from ‘__gnu_cxx::__alloc_traits<std::allocator<long int>, long int>::value_type’ {aka ‘long int’} may change the sign of the result [-Wsign-conversion]
  798 |       strides[dim_order[0]] = 1;
      |                           ^
/var/www/chino/.venv-whisper/lib/python3.12/site-packages/torch/include/ATen/core/jit_type.h:802:17: warning: conversion to ‘std::vector<long int>::size_type’ {aka ‘long unsigned int’} from ‘long int’ may change the sign of the result [-Wsign-conversion]
  802 |         strides[cur_dim] = strides[pre_dim] * sizes[pre_dim];
      |                 ^~~~~~~
/var/www/chino/.venv-whisper/lib/python3.12/site-packages/torch/include/ATen/core/jit_type.h:802:36: warning: conversion to ‘std::vector<long int>::size_type’ {aka ‘long unsigned int’} from ‘long int’ may change the sign of the result [-Wsign-conversion]
  802 |         strides[cur_dim] = strides[pre_dim] * sizes[pre_dim];
      |                                    ^~~~~~~
/var/www/chino/.venv-whisper/lib/python3.12/site-packages/torch/include/ATen/core/jit_type.h:802:53: warning: conversion to ‘size_t’ {aka ‘long unsigned int’} from ‘long int’ may change the sign of the result [-Wsign-conversion]
  802 |         strides[cur_dim] = strides[pre_dim] * sizes[pre_dim];
      |                                                     ^~~~~~~
/var/www/chino/.venv-whisper/lib/python3.12/site-packages/torch/include/ATen/core/jit_type.h: In constructor ‘c10::ListType::ListType(c10::Type::TypePtr)’:
/var/www/chino/.venv-whisper/lib/python3.12/site-packages/torch/include/ATen/core/jit_type.h:906:20: warning: declaration of ‘elem’ shadows a member of ‘c10::ListType’ [-Wshadow]
  906 |   ListType(TypePtr elem) : SingleElementType(std::move(elem)) {}
      |            ~~~~~~~~^~~~
/var/www/chino/.venv-whisper/lib/python3.12/site-packages/torch/include/ATen/core/jit_type.h:126:11: note: shadowed declaration is here
  126 |   TypePtr elem;
      |           ^~~~
/var/www/chino/.venv-whisper/lib/python3.12/site-packages/torch/include/ATen/core/jit_type.h: In constructor ‘c10::ListType::ListType(c10::Type::TypePtr)’:
/var/www/chino/.venv-whisper/lib/python3.12/site-packages/torch/include/ATen/core/jit_type.h:906:20: warning: declaration of ‘elem’ shadows a member of ‘c10::ListType’ [-Wshadow]
  906 |   ListType(TypePtr elem) : SingleElementType(std::move(elem)) {}
      |            ~~~~~~~~^~~~
/var/www/chino/.venv-whisper/lib/python3.12/site-packages/torch/include/ATen/core/jit_type.h:126:11: note: shadowed declaration is here
  126 |   TypePtr elem;
      |           ^~~~
/var/www/chino/.venv-whisper/lib/python3.12/site-packages/torch/include/ATen/core/jit_type.h: In constructor ‘c10::ListType::ListType(c10::Type::TypePtr)’:
/var/www/chino/.venv-whisper/lib/python3.12/site-packages/torch/include/ATen/core/jit_type.h:906:20: warning: declaration of ‘elem’ shadows a member of ‘c10::ListType’ [-Wshadow]
  906 |   ListType(TypePtr elem) : SingleElementType(std::move(elem)) {}
      |            ~~~~~~~~^~~~
/var/www/chino/.venv-whisper/lib/python3.12/site-packages/torch/include/ATen/core/jit_type.h:126:11: note: shadowed declaration is here
  126 |   TypePtr elem;
      |           ^~~~
/var/www/chino/.venv-whisper/lib/python3.12/site-packages/torch/include/ATen/core/jit_type.h: In constructor ‘c10::FutureType::FutureType(c10::Type::TypePtr)’:
/var/www/chino/.venv-whisper/lib/python3.12/site-packages/torch/include/ATen/core/jit_type.h:1041:22: warning: declaration of ‘elem’ shadows a member of ‘c10::FutureType’ [-Wshadow]
 1041 |   FutureType(TypePtr elem) : SingleElementType(std::move(elem)) {}
      |              ~~~~~~~~^~~~
/var/www/chino/.venv-whisper/lib/python3.12/site-packages/torch/include/ATen/core/jit_type.h:126:11: note: shadowed declaration is here
  126 |   TypePtr elem;
      |           ^~~~
/var/www/chino/.venv-whisper/lib/python3.12/site-packages/torch/include/ATen/core/jit_type.h: In constructor ‘c10::FutureType::FutureType(c10::Type::TypePtr)’:
/var/www/chino/.venv-whisper/lib/python3.12/site-packages/torch/include/ATen/core/jit_type.h:1041:22: warning: declaration of ‘elem’ shadows a member of ‘c10::FutureType’ [-Wshadow]
 1041 |   FutureType(TypePtr elem) : SingleElementType(std::move(elem)) {}
      |              ~~~~~~~~^~~~
/var/www/chino/.venv-whisper/lib/python3.12/site-packages/torch/include/ATen/core/jit_type.h:126:11: note: shadowed declaration is here
  126 |   TypePtr elem;
      |           ^~~~
/var/www/chino/.venv-whisper/lib/python3.12/site-packages/torch/include/ATen/core/jit_type.h: In constructor ‘c10::FutureType::FutureType(c10::Type::TypePtr)’:
/var/www/chino/.venv-whisper/lib/python3.12/site-packages/torch/include/ATen/core/jit_type.h:1041:22: warning: declaration of ‘elem’ shadows a member of ‘c10::FutureType’ [-Wshadow]
 1041 |   FutureType(TypePtr elem) : SingleElementType(std::move(elem)) {}
      |              ~~~~~~~~^~~~
/var/www/chino/.venv-whisper/lib/python3.12/site-packages/torch/include/ATen/core/jit_type.h:126:11: note: shadowed declaration is here
  126 |   TypePtr elem;
      |           ^~~~
/var/www/chino/.venv-whisper/lib/python3.12/site-packages/torch/include/ATen/core/jit_type.h: In constructor ‘c10::AwaitType::AwaitType(c10::Type::TypePtr)’:
/var/www/chino/.venv-whisper/lib/python3.12/site-packages/torch/include/ATen/core/jit_type.h:1083:21: warning: declaration of ‘elem’ shadows a member of ‘c10::AwaitType’ [-Wshadow]
 1083 |   AwaitType(TypePtr elem) : SingleElementType(std::move(elem)) {}
      |             ~~~~~~~~^~~~
/var/www/chino/.venv-whisper/lib/python3.12/site-packages/torch/include/ATen/core/jit_type.h:126:11: note: shadowed declaration is here
  126 |   TypePtr elem;
      |           ^~~~
/var/www/chino/.venv-whisper/lib/python3.12/site-packages/torch/include/ATen/core/jit_type.h: In constructor ‘c10::AwaitType::AwaitType(c10::Type::TypePtr)’:
/var/www/chino/.venv-whisper/lib/python3.12/site-packages/torch/include/ATen/core/jit_type.h:1083:21: warning: declaration of ‘elem’ shadows a member of ‘c10::AwaitType’ [-Wshadow]
 1083 |   AwaitType(TypePtr elem) : SingleElementType(std::move(elem)) {}
      |             ~~~~~~~~^~~~
/var/www/chino/.venv-whisper/lib/python3.12/site-packages/torch/include/ATen/core/jit_type.h:126:11: note: shadowed declaration is here
  126 |   TypePtr elem;
      |           ^~~~
/var/www/chino/.venv-whisper/lib/python3.12/site-packages/torch/include/ATen/core/jit_type.h: In constructor ‘c10::AwaitType::AwaitType(c10::Type::TypePtr)’:
/var/www/chino/.venv-whisper/lib/python3.12/site-packages/torch/include/ATen/core/jit_type.h:1083:21: warning: declaration of ‘elem’ shadows a member of ‘c10::AwaitType’ [-Wshadow]
 1083 |   AwaitType(TypePtr elem) : SingleElementType(std::move(elem)) {}
      |             ~~~~~~~~^~~~
/var/www/chino/.venv-whisper/lib/python3.12/site-packages/torch/include/ATen/core/jit_type.h:126:11: note: shadowed declaration is here
  126 |   TypePtr elem;
      |           ^~~~
/var/www/chino/.venv-whisper/lib/python3.12/site-packages/torch/include/ATen/core/jit_type.h: In constructor ‘c10::RRefType::RRefType(c10::Type::TypePtr)’:
/var/www/chino/.venv-whisper/lib/python3.12/site-packages/torch/include/ATen/core/jit_type.h:1115:20: warning: declaration of ‘elem’ shadows a member of ‘c10::RRefType’ [-Wshadow]
 1115 |   RRefType(TypePtr elem) : SingleElementType(std::move(elem)) {}
      |            ~~~~~~~~^~~~
/var/www/chino/.venv-whisper/lib/python3.12/site-packages/torch/include/ATen/core/jit_type.h:126:11: note: shadowed declaration is here
  126 |   TypePtr elem;
      |           ^~~~
/var/www/chino/.venv-whisper/lib/python3.12/site-packages/torch/include/ATen/core/jit_type.h: In constructor ‘c10::RRefType::RRefType(c10::Type::TypePtr)’:
/var/www/chino/.venv-whisper/lib/python3.12/site-packages/torch/include/ATen/core/jit_type.h:1115:20: warning: declaration of ‘elem’ shadows a member of ‘c10::RRefType’ [-Wshadow]
 1115 |   RRefType(TypePtr elem) : SingleElementType(std::move(elem)) {}
      |            ~~~~~~~~^~~~
/var/www/chino/.venv-whisper/lib/python3.12/site-packages/torch/include/ATen/core/jit_type.h:126:11: note: shadowed declaration is here
  126 |   TypePtr elem;
      |           ^~~~
/var/www/chino/.venv-whisper/lib/python3.12/site-packages/torch/include/ATen/core/jit_type.h: In constructor ‘c10::RRefType::RRefType(c10::Type::TypePtr)’:
/var/www/chino/.venv-whisper/lib/python3.12/site-packages/torch/include/ATen/core/jit_type.h:1115:20: warning: declaration of ‘elem’ shadows a member of ‘c10::RRefType’ [-Wshadow]
 1115 |   RRefType(TypePtr elem) : SingleElementType(std::move(elem)) {}
      |            ~~~~~~~~^~~~
/var/www/chino/.venv-whisper/lib/python3.12/site-packages/torch/include/ATen/core/jit_type.h:126:11: note: shadowed declaration is here
  126 |   TypePtr elem;
      |           ^~~~
/var/www/chino/.venv-whisper/lib/python3.12/site-packages/torch/include/ATen/core/jit_type.h: In constructor ‘c10::VarType::VarType(std::string)’:
/var/www/chino/.venv-whisper/lib/python3.12/site-packages/torch/include/ATen/core/jit_type.h:1653:23: warning: declaration of ‘name_’ shadows a member of ‘c10::VarType’ [-Wshadow]
 1653 |   VarType(std::string name_)
      |           ~~~~~~~~~~~~^~~~~
/var/www/chino/.venv-whisper/lib/python3.12/site-packages/torch/include/ATen/core/jit_type.h:1655:15: note: shadowed declaration is here
 1655 |   std::string name_;
      |               ^~~~~
/var/www/chino/.venv-whisper/lib/python3.12/site-packages/torch/include/ATen/core/jit_type.h: In constructor ‘c10::VarType::VarType(std::string)’:
/var/www/chino/.venv-whisper/lib/python3.12/site-packages/torch/include/ATen/core/jit_type.h:1653:23: warning: declaration of ‘name_’ shadows a member of ‘c10::VarType’ [-Wshadow]
 1653 |   VarType(std::string name_)
      |           ~~~~~~~~~~~~^~~~~
/var/www/chino/.venv-whisper/lib/python3.12/site-packages/torch/include/ATen/core/jit_type.h:1655:15: note: shadowed declaration is here
 1655 |   std::string name_;
      |               ^~~~~
/var/www/chino/.venv-whisper/lib/python3.12/site-packages/torch/include/ATen/core/jit_type.h: In constructor ‘c10::VarType::VarType(std::string)’:
/var/www/chino/.venv-whisper/lib/python3.12/site-packages/torch/include/ATen/core/jit_type.h:1653:23: warning: declaration of ‘name_’ shadows a member of ‘c10::VarType’ [-Wshadow]
 1653 |   VarType(std::string name_)
      |           ~~~~~~~~~~~~^~~~~
/var/www/chino/.venv-whisper/lib/python3.12/site-packages/torch/include/ATen/core/jit_type.h:1655:15: note: shadowed declaration is here
 1655 |   std::string name_;
      |               ^~~~~
In file included from /var/www/chino/.venv-whisper/lib/python3.12/site-packages/torch/include/ATen/core/ivalue_inl.h:27:
/var/www/chino/.venv-whisper/lib/python3.12/site-packages/torch/include/c10/util/FunctionRef.h: In constructor ‘c10::function_ref<Ret(Params ...)>::function_ref(Callable&&, std::enable_if_t<(! is_same_v<typename std::remove_reference<_Iter>::type, c10::function_ref<Ret(Params ...)> >)>*, std::enable_if_t<is_convertible_v<typename std::invoke_result<Callable, Params ...>::type, Ret> >*)’:
/var/www/chino/.venv-whisper/lib/python3.12/site-packages/torch/include/c10/util/FunctionRef.h:55:18: warning: declaration of ‘callable’ shadows a member of ‘c10::function_ref<Ret(Params ...)>’ [-Wshadow]
   55 |       Callable&& callable,
      |       ~~~~~~~~~~~^~~~~~~~
/var/www/chino/.venv-whisper/lib/python3.12/site-packages/torch/include/c10/util/FunctionRef.h:40:12: note: shadowed declaration is here
   40 |   intptr_t callable{};
      |            ^~~~~~~~
/var/www/chino/.venv-whisper/lib/python3.12/site-packages/torch/include/ATen/core/ivalue_inl.h: In constructor ‘c10::ivalue::Future::FutureCallback::FutureCallback(T, bool)’:
/var/www/chino/.venv-whisper/lib/python3.12/site-packages/torch/include/ATen/core/ivalue_inl.h:860:37: warning: declaration of ‘uses_future’ shadows a member of ‘c10::ivalue::Future::FutureCallback’ [-Wshadow]
  860 |     FutureCallback(T callback, bool uses_future)
      |                                ~~~~~^~~~~~~~~~~
/var/www/chino/.venv-whisper/lib/python3.12/site-packages/torch/include/ATen/core/ivalue_inl.h:857:10: note: shadowed declaration is here
  857 |     bool uses_future; // whether the Future& passed in is actually used
      |          ^~~~~~~~~~~
/var/www/chino/.venv-whisper/lib/python3.12/site-packages/torch/include/ATen/core/ivalue_inl.h:860:22: warning: declaration of ‘callback’ shadows a member of ‘c10::ivalue::Future::FutureCallback’ [-Wshadow]
  860 |     FutureCallback(T callback, bool uses_future)
      |                    ~~^~~~~~~~
/var/www/chino/.venv-whisper/lib/python3.12/site-packages/torch/include/ATen/core/ivalue_inl.h:856:34: note: shadowed declaration is here
  856 |     std::function<void(Future&)> callback;
      |                                  ^~~~~~~~
/var/www/chino/.venv-whisper/lib/python3.12/site-packages/torch/include/ATen/core/ivalue_inl.h: In lambda function:
/var/www/chino/.venv-whisper/lib/python3.12/site-packages/torch/include/ATen/core/ivalue_inl.h:1117:56: warning: declaration of ‘intermediateFut’ shadows a previous local [-Wshadow]
 1117 |               [childFut = std::move(childFut)](Future& intermediateFut) {
      |                                                ~~~~~~~~^~~~~~~~~~~~~~~
/var/www/chino/.venv-whisper/lib/python3.12/site-packages/torch/include/ATen/core/ivalue_inl.h:1109:38: note: shadowed declaration is here
 1109 |           c10::intrusive_ptr<Future> intermediateFut;
      |                                      ^~~~~~~~~~~~~~~
/var/www/chino/.venv-whisper/lib/python3.12/site-packages/torch/include/ATen/core/ivalue_inl.h: In static member function ‘static std::vector<c10::Device> c10::ivalue::Future::getDevicesOfStorages(const c10::impl::VirtualGuardImpl&, const std::vector<c10::weak_intrusive_ptr<c10::StorageImpl> >&)’:
/var/www/chino/.venv-whisper/lib/python3.12/site-packages/torch/include/ATen/core/ivalue_inl.h:1266:36: warning: conversion to ‘std::vector<bool>::size_type’ {aka ‘long unsigned int’} from ‘c10::DeviceIndex’ {aka ‘signed char’} may change the sign of the result [-Wsign-conversion]
 1266 |     std::vector<bool> isDeviceUsed(deviceCount, false);
      |                                    ^~~~~~~~~~~
/var/www/chino/.venv-whisper/lib/python3.12/site-packages/torch/include/ATen/core/ivalue_inl.h:1280:34: warning: conversion to ‘std::vector<bool>::size_type’ {aka ‘long unsigned int’} from ‘c10::DeviceIndex’ {aka ‘signed char’} may change the sign of the result [-Wsign-conversion]
 1280 |         isDeviceUsed[device.index()] = true;
      |                      ~~~~~~~~~~~~^~
/var/www/chino/.venv-whisper/lib/python3.12/site-packages/torch/include/ATen/core/ivalue_inl.h:1285:24: warning: conversion to ‘std::vector<bool>::size_type’ {aka ‘long unsigned int’} from ‘c10::DeviceIndex’ {aka ‘signed char’} may change the sign of the result [-Wsign-conversion]
 1285 |       if (isDeviceUsed[idx]) {
      |                        ^~~
/var/www/chino/.venv-whisper/lib/python3.12/site-packages/torch/include/ATen/core/ivalue_inl.h: In member function ‘bool c10::IValue::isSameIdentity(const c10::IValue&) const’:
/var/www/chino/.venv-whisper/lib/python3.12/site-packages/torch/include/ATen/core/ivalue_inl.h:2473:29: warning: comparing floating-point with ‘==’ or ‘!=’ is unsafe [-Wfloat-equal]
 2473 |     return this->toDouble() == rhs.toDouble();
      |            ~~~~~~~~~~~~~~~~~^~~~~~~~~~~~~~~~~
/var/www/chino/.venv-whisper/lib/python3.12/site-packages/torch/include/ATen/core/List_inl.h: At global scope:
/var/www/chino/.venv-whisper/lib/python3.12/site-packages/torch/include/ATen/core/List_inl.h:10:13: warning: redundant redeclaration of ‘std::string c10::toString(const Type&)’ in same scope [-Wredundant-decls]
   10 | std::string toString(const Type& type);
      |             ^~~~~~~~
/var/www/chino/.venv-whisper/lib/python3.12/site-packages/torch/include/ATen/core/jit_type.h:81:20: note: previous declaration of ‘std::string c10::toString(const Type&)’
   81 | inline std::string toString(const Type& type) {
      |                    ^~~~~~~~
In file included from /var/www/chino/.venv-whisper/lib/python3.12/site-packages/torch/include/ATen/TensorUtils.h:7,
                 from /var/www/chino/.venv-whisper/lib/python3.12/site-packages/torch/include/ATen/Functions.h:62,
                 from /var/www/chino/.venv-whisper/lib/python3.12/site-packages/torch/include/ATen/ATen.h:14:
/var/www/chino/.venv-whisper/lib/python3.12/site-packages/torch/include/ATen/TensorGeometry.h: In constructor ‘at::TensorGeometry::TensorGeometry(c10::SymIntArrayRef)’:
/var/www/chino/.venv-whisper/lib/python3.12/site-packages/torch/include/ATen/TensorGeometry.h:27:16: warning: conversion to ‘std::vector<c10::SymInt, std::allocator<c10::SymInt> >::size_type’ {aka ‘long unsigned int’} from ‘int64_t’ {aka ‘long int’} may change the sign of the result [-Wsign-conversion]
   27 |       strides_[i] = expected_stride;
      |                ^
/var/www/chino/.venv-whisper/lib/python3.12/site-packages/torch/include/ATen/TensorGeometry.h:28:33: warning: conversion to ‘std::vector<c10::SymInt, std::allocator<c10::SymInt> >::size_type’ {aka ‘long unsigned int’} from ‘int64_t’ {aka ‘long int’} may change the sign of the result [-Wsign-conversion]
   28 |       expected_stride *= sizes_[i];
      |                                 ^
/var/www/chino/.venv-whisper/lib/python3.12/site-packages/torch/include/ATen/TensorGeometry.h: In member function ‘at::TensorGeometry at::TensorGeometry::transpose(int64_t, int64_t)’:
/var/www/chino/.venv-whisper/lib/python3.12/site-packages/torch/include/ATen/TensorGeometry.h:122:24: warning: conversion to ‘std::vector<c10::SymInt, std::allocator<c10::SymInt> >::size_type’ {aka ‘long unsigned int’} from ‘int64_t’ {aka ‘long int’} may change the sign of the result [-Wsign-conversion]
  122 |     std::swap(r.sizes_[dim0], r.sizes_[dim1]);
      |                        ^~~~
/var/www/chino/.venv-whisper/lib/python3.12/site-packages/torch/include/ATen/TensorGeometry.h:122:40: warning: conversion to ‘std::vector<c10::SymInt, std::allocator<c10::SymInt> >::size_type’ {aka ‘long unsigned int’} from ‘int64_t’ {aka ‘long int’} may change the sign of the result [-Wsign-conversion]
  122 |     std::swap(r.sizes_[dim0], r.sizes_[dim1]);
      |                                        ^~~~
/var/www/chino/.venv-whisper/lib/python3.12/site-packages/torch/include/ATen/TensorGeometry.h:123:26: warning: conversion to ‘std::vector<c10::SymInt, std::allocator<c10::SymInt> >::size_type’ {aka ‘long unsigned int’} from ‘int64_t’ {aka ‘long int’} may change the sign of the result [-Wsign-conversion]
  123 |     std::swap(r.strides_[dim0], r.strides_[dim1]);
      |                          ^~~~
/var/www/chino/.venv-whisper/lib/python3.12/site-packages/torch/include/ATen/TensorGeometry.h:123:44: warning: conversion to ‘std::vector<c10::SymInt, std::allocator<c10::SymInt> >::size_type’ {aka ‘long unsigned int’} from ‘int64_t’ {aka ‘long int’} may change the sign of the result [-Wsign-conversion]
  123 |     std::swap(r.strides_[dim0], r.strides_[dim1]);
      |                                            ^~~~
/var/www/chino/.venv-whisper/lib/python3.12/site-packages/torch/include/ATen/TensorUtils.h: In constructor ‘at::TensorArg::TensorArg(const at::Tensor&, const char*, int)’:
/var/www/chino/.venv-whisper/lib/python3.12/site-packages/torch/include/ATen/TensorUtils.h:28:57: warning: declaration of ‘pos’ shadows a member of ‘at::TensorArg’ [-Wshadow]
   28 |   TensorArg(const Tensor& tensor, const char* name, int pos)
      |                                                     ~~~~^~~
/var/www/chino/.venv-whisper/lib/python3.12/site-packages/torch/include/ATen/TensorUtils.h:27:7: note: shadowed declaration is here
   27 |   int pos; // 1-indexed
      |       ^~~
/var/www/chino/.venv-whisper/lib/python3.12/site-packages/torch/include/ATen/TensorUtils.h:28:47: warning: declaration of ‘name’ shadows a member of ‘at::TensorArg’ [-Wshadow]
   28 |   TensorArg(const Tensor& tensor, const char* name, int pos)
      |                                   ~~~~~~~~~~~~^~~~
/var/www/chino/.venv-whisper/lib/python3.12/site-packages/torch/include/ATen/TensorUtils.h:26:15: note: shadowed declaration is here
   26 |   const char* name;
      |               ^~~~
/var/www/chino/.venv-whisper/lib/python3.12/site-packages/torch/include/ATen/TensorUtils.h:28:27: warning: declaration of ‘tensor’ shadows a member of ‘at::TensorArg’ [-Wshadow]
   28 |   TensorArg(const Tensor& tensor, const char* name, int pos)
      |             ~~~~~~~~~~~~~~^~~~~~
/var/www/chino/.venv-whisper/lib/python3.12/site-packages/torch/include/ATen/TensorUtils.h:25:17: note: shadowed declaration is here
   25 |   const Tensor& tensor;
      |                 ^~~~~~
/var/www/chino/.venv-whisper/lib/python3.12/site-packages/torch/include/ATen/TensorUtils.h: In constructor ‘at::TensorArg::TensorArg(const at::Tensor&, const char*, int)’:
/var/www/chino/.venv-whisper/lib/python3.12/site-packages/torch/include/ATen/TensorUtils.h:28:57: warning: declaration of ‘pos’ shadows a member of ‘at::TensorArg’ [-Wshadow]
   28 |   TensorArg(const Tensor& tensor, const char* name, int pos)
      |                                                     ~~~~^~~
/var/www/chino/.venv-whisper/lib/python3.12/site-packages/torch/include/ATen/TensorUtils.h:27:7: note: shadowed declaration is here
   27 |   int pos; // 1-indexed
      |       ^~~
/var/www/chino/.venv-whisper/lib/python3.12/site-packages/torch/include/ATen/TensorUtils.h:28:47: warning: declaration of ‘name’ shadows a member of ‘at::TensorArg’ [-Wshadow]
   28 |   TensorArg(const Tensor& tensor, const char* name, int pos)
      |                                   ~~~~~~~~~~~~^~~~
/var/www/chino/.venv-whisper/lib/python3.12/site-packages/torch/include/ATen/TensorUtils.h:26:15: note: shadowed declaration is here
   26 |   const char* name;
      |               ^~~~
/var/www/chino/.venv-whisper/lib/python3.12/site-packages/torch/include/ATen/TensorUtils.h:28:27: warning: declaration of ‘tensor’ shadows a member of ‘at::TensorArg’ [-Wshadow]
   28 |   TensorArg(const Tensor& tensor, const char* name, int pos)
      |             ~~~~~~~~~~~~~~^~~~~~
/var/www/chino/.venv-whisper/lib/python3.12/site-packages/torch/include/ATen/TensorUtils.h:25:17: note: shadowed declaration is here
   25 |   const Tensor& tensor;
      |                 ^~~~~~
/var/www/chino/.venv-whisper/lib/python3.12/site-packages/torch/include/ATen/TensorUtils.h: In constructor ‘at::TensorArg::TensorArg(const at::Tensor&, const char*, int)’:
/var/www/chino/.venv-whisper/lib/python3.12/site-packages/torch/include/ATen/TensorUtils.h:28:57: warning: declaration of ‘pos’ shadows a member of ‘at::TensorArg’ [-Wshadow]
   28 |   TensorArg(const Tensor& tensor, const char* name, int pos)
      |                                                     ~~~~^~~
/var/www/chino/.venv-whisper/lib/python3.12/site-packages/torch/include/ATen/TensorUtils.h:27:7: note: shadowed declaration is here
   27 |   int pos; // 1-indexed
      |       ^~~
/var/www/chino/.venv-whisper/lib/python3.12/site-packages/torch/include/ATen/TensorUtils.h:28:47: warning: declaration of ‘name’ shadows a member of ‘at::TensorArg’ [-Wshadow]
   28 |   TensorArg(const Tensor& tensor, const char* name, int pos)
      |                                   ~~~~~~~~~~~~^~~~
/var/www/chino/.venv-whisper/lib/python3.12/site-packages/torch/include/ATen/TensorUtils.h:26:15: note: shadowed declaration is here
   26 |   const char* name;
      |               ^~~~
/var/www/chino/.venv-whisper/lib/python3.12/site-packages/torch/include/ATen/TensorUtils.h:28:27: warning: declaration of ‘tensor’ shadows a member of ‘at::TensorArg’ [-Wshadow]
   28 |   TensorArg(const Tensor& tensor, const char* name, int pos)
      |             ~~~~~~~~~~~~~~^~~~~~
/var/www/chino/.venv-whisper/lib/python3.12/site-packages/torch/include/ATen/TensorUtils.h:25:17: note: shadowed declaration is here
   25 |   const Tensor& tensor;
      |                 ^~~~~~
/var/www/chino/.venv-whisper/lib/python3.12/site-packages/torch/include/ATen/TensorUtils.h: In constructor ‘at::TensorGeometryArg::TensorGeometryArg(at::TensorGeometry, const char*, int)’:
/var/www/chino/.venv-whisper/lib/python3.12/site-packages/torch/include/ATen/TensorUtils.h:47:66: warning: declaration of ‘pos’ shadows a member of ‘at::TensorGeometryArg’ [-Wshadow]
   47 |   TensorGeometryArg(TensorGeometry tensor, const char* name, int pos)
      |                                                              ~~~~^~~
/var/www/chino/.venv-whisper/lib/python3.12/site-packages/torch/include/ATen/TensorUtils.h:44:7: note: shadowed declaration is here
   44 |   int pos; // 1-indexed
      |       ^~~
/var/www/chino/.venv-whisper/lib/python3.12/site-packages/torch/include/ATen/TensorUtils.h:47:56: warning: declaration of ‘name’ shadows a member of ‘at::TensorGeometryArg’ [-Wshadow]
   47 |   TensorGeometryArg(TensorGeometry tensor, const char* name, int pos)
      |                                            ~~~~~~~~~~~~^~~~
/var/www/chino/.venv-whisper/lib/python3.12/site-packages/torch/include/ATen/TensorUtils.h:43:15: note: shadowed declaration is here
   43 |   const char* name;
      |               ^~~~
/var/www/chino/.venv-whisper/lib/python3.12/site-packages/torch/include/ATen/TensorUtils.h:47:36: warning: declaration of ‘tensor’ shadows a member of ‘at::TensorGeometryArg’ [-Wshadow]
   47 |   TensorGeometryArg(TensorGeometry tensor, const char* name, int pos)
      |                     ~~~~~~~~~~~~~~~^~~~~~
/var/www/chino/.venv-whisper/lib/python3.12/site-packages/torch/include/ATen/TensorUtils.h:42:18: note: shadowed declaration is here
   42 |   TensorGeometry tensor;
      |                  ^~~~~~
/var/www/chino/.venv-whisper/lib/python3.12/site-packages/torch/include/ATen/TensorUtils.h: In constructor ‘at::TensorGeometryArg::TensorGeometryArg(at::TensorGeometry, const char*, int)’:
/var/www/chino/.venv-whisper/lib/python3.12/site-packages/torch/include/ATen/TensorUtils.h:47:66: warning: declaration of ‘pos’ shadows a member of ‘at::TensorGeometryArg’ [-Wshadow]
   47 |   TensorGeometryArg(TensorGeometry tensor, const char* name, int pos)
      |                                                              ~~~~^~~
/var/www/chino/.venv-whisper/lib/python3.12/site-packages/torch/include/ATen/TensorUtils.h:44:7: note: shadowed declaration is here
   44 |   int pos; // 1-indexed
      |       ^~~
/var/www/chino/.venv-whisper/lib/python3.12/site-packages/torch/include/ATen/TensorUtils.h:47:56: warning: declaration of ‘name’ shadows a member of ‘at::TensorGeometryArg’ [-Wshadow]
   47 |   TensorGeometryArg(TensorGeometry tensor, const char* name, int pos)
      |                                            ~~~~~~~~~~~~^~~~
/var/www/chino/.venv-whisper/lib/python3.12/site-packages/torch/include/ATen/TensorUtils.h:43:15: note: shadowed declaration is here
   43 |   const char* name;
      |               ^~~~
/var/www/chino/.venv-whisper/lib/python3.12/site-packages/torch/include/ATen/TensorUtils.h:47:36: warning: declaration of ‘tensor’ shadows a member of ‘at::TensorGeometryArg’ [-Wshadow]
   47 |   TensorGeometryArg(TensorGeometry tensor, const char* name, int pos)
      |                     ~~~~~~~~~~~~~~~^~~~~~
/var/www/chino/.venv-whisper/lib/python3.12/site-packages/torch/include/ATen/TensorUtils.h:42:18: note: shadowed declaration is here
   42 |   TensorGeometry tensor;
      |                  ^~~~~~
/var/www/chino/.venv-whisper/lib/python3.12/site-packages/torch/include/ATen/TensorUtils.h: In constructor ‘at::TensorGeometryArg::TensorGeometryArg(at::TensorGeometry, const char*, int)’:
/var/www/chino/.venv-whisper/lib/python3.12/site-packages/torch/include/ATen/TensorUtils.h:47:66: warning: declaration of ‘pos’ shadows a member of ‘at::TensorGeometryArg’ [-Wshadow]
   47 |   TensorGeometryArg(TensorGeometry tensor, const char* name, int pos)
      |                                                              ~~~~^~~
/var/www/chino/.venv-whisper/lib/python3.12/site-packages/torch/include/ATen/TensorUtils.h:44:7: note: shadowed declaration is here
   44 |   int pos; // 1-indexed
      |       ^~~
/var/www/chino/.venv-whisper/lib/python3.12/site-packages/torch/include/ATen/TensorUtils.h:47:56: warning: declaration of ‘name’ shadows a member of ‘at::TensorGeometryArg’ [-Wshadow]
   47 |   TensorGeometryArg(TensorGeometry tensor, const char* name, int pos)
      |                                            ~~~~~~~~~~~~^~~~
/var/www/chino/.venv-whisper/lib/python3.12/site-packages/torch/include/ATen/TensorUtils.h:43:15: note: shadowed declaration is here
   43 |   const char* name;
      |               ^~~~
/var/www/chino/.venv-whisper/lib/python3.12/site-packages/torch/include/ATen/TensorUtils.h:47:36: warning: declaration of ‘tensor’ shadows a member of ‘at::TensorGeometryArg’ [-Wshadow]
   47 |   TensorGeometryArg(TensorGeometry tensor, const char* name, int pos)
      |                     ~~~~~~~~~~~~~~~^~~~~~
/var/www/chino/.venv-whisper/lib/python3.12/site-packages/torch/include/ATen/TensorUtils.h:42:18: note: shadowed declaration is here
   42 |   TensorGeometry tensor;
      |                  ^~~~~~
In file included from /var/www/chino/.venv-whisper/lib/python3.12/site-packages/torch/include/ATen/Functions.h:75:
/var/www/chino/.venv-whisper/lib/python3.12/site-packages/torch/include/ATen/ops/from_blob.h: In member function ‘at::TensorMaker& at::TensorMaker::context(void*, ContextDeleter)’:
/var/www/chino/.venv-whisper/lib/python3.12/site-packages/torch/include/ATen/ops/from_blob.h:47:52: warning: declaration of ‘deleter’ shadows a member of ‘at::TensorMaker’ [-Wshadow]
   47 |   TensorMaker& context(void* value, ContextDeleter deleter = nullptr) noexcept {
      |                                     ~~~~~~~~~~~~~~~^~~~~~~~~~~~~~~~~
/var/www/chino/.venv-whisper/lib/python3.12/site-packages/torch/include/ATen/ops/from_blob.h:41:16: note: shadowed declaration is here
   41 |   TensorMaker& deleter(std::function<void(void*)> value) noexcept {
      |                ^~~~~~~
In file included from /var/www/chino/.venv-whisper/lib/python3.12/site-packages/torch/include/ATen/TensorMeta.h:7,
                 from /var/www/chino/.venv-whisper/lib/python3.12/site-packages/torch/include/ATen/TensorIterator.h:4,
                 from /var/www/chino/.venv-whisper/lib/python3.12/site-packages/torch/include/ATen/ops/_addmm_activation_meta.h:13,
                 from /var/www/chino/.venv-whisper/lib/python3.12/site-packages/torch/include/ATen/ops/_addmm_activation_native.h:16,
                 from /var/www/chino/.venv-whisper/lib/python3.12/site-packages/torch/include/ATen/NativeFunctions.h:38,
                 from /var/www/chino/.venv-whisper/lib/python3.12/site-packages/torch/include/ATen/TensorIndexing.h:14,
                 from /var/www/chino/.venv-whisper/lib/python3.12/site-packages/torch/include/ATen/ATen.h:19:
/var/www/chino/.venv-whisper/lib/python3.12/site-packages/torch/include/c10/util/strides.h: In function ‘c10::DimVector c10::contiguous_strides(IntArrayRef)’:
/var/www/chino/.venv-whisper/lib/python3.12/site-packages/torch/include/c10/util/strides.h:15:21: warning: conversion to ‘size_t’ {aka ‘long unsigned int’} from ‘Int’ {aka ‘long int’} may change the sign of the result [-Wsign-conversion]
   15 |   DimVector strides(dims, 1);
      |                     ^~~~
/var/www/chino/.venv-whisper/lib/python3.12/site-packages/torch/include/c10/util/strides.h:19:13: warning: conversion to ‘c10::SmallVectorTemplateCommon<long int, void>::size_type’ {aka ‘long unsigned int’} from ‘long int’ may change the sign of the result [-Wsign-conversion]
   19 |     strides[i] = strides[i + 1] * std::max(sizes[i + 1], Int{1});
      |             ^
/var/www/chino/.venv-whisper/lib/python3.12/site-packages/torch/include/c10/util/strides.h:19:28: warning: conversion to ‘c10::SmallVectorTemplateCommon<long int, void>::size_type’ {aka ‘long unsigned int’} from ‘long int’ may change the sign of the result [-Wsign-conversion]
   19 |     strides[i] = strides[i + 1] * std::max(sizes[i + 1], Int{1});
      |                          ~~^~~
/var/www/chino/.venv-whisper/lib/python3.12/site-packages/torch/include/c10/util/strides.h:19:52: warning: conversion to ‘size_t’ {aka ‘long unsigned int’} from ‘long int’ may change the sign of the result [-Wsign-conversion]
   19 |     strides[i] = strides[i + 1] * std::max(sizes[i + 1], Int{1});
      |                                                  ~~^~~
In file included from /var/www/chino/.venv-whisper/lib/python3.12/site-packages/torch/include/ATen/TensorIterator.h:6:
/var/www/chino/.venv-whisper/lib/python3.12/site-packages/torch/include/ATen/core/Range.h: In constructor ‘at::Range::Range(int64_t, int64_t)’:
/var/www/chino/.venv-whisper/lib/python3.12/site-packages/torch/include/ATen/core/Range.h:10:32: warning: declaration of ‘end’ shadows a member of ‘at::Range’ [-Wshadow]
   10 |   Range(int64_t begin, int64_t end)
      |                        ~~~~~~~~^~~
/var/www/chino/.venv-whisper/lib/python3.12/site-packages/torch/include/ATen/core/Range.h:21:11: note: shadowed declaration is here
   21 |   int64_t end;
      |           ^~~
/var/www/chino/.venv-whisper/lib/python3.12/site-packages/torch/include/ATen/core/Range.h:10:17: warning: declaration of ‘begin’ shadows a member of ‘at::Range’ [-Wshadow]
   10 |   Range(int64_t begin, int64_t end)
      |         ~~~~~~~~^~~~~
/var/www/chino/.venv-whisper/lib/python3.12/site-packages/torch/include/ATen/core/Range.h:20:11: note: shadowed declaration is here
   20 |   int64_t begin;
      |           ^~~~~
/var/www/chino/.venv-whisper/lib/python3.12/site-packages/torch/include/ATen/core/Range.h: In constructor ‘at::Range::Range(int64_t, int64_t)’:
/var/www/chino/.venv-whisper/lib/python3.12/site-packages/torch/include/ATen/core/Range.h:10:32: warning: declaration of ‘end’ shadows a member of ‘at::Range’ [-Wshadow]
   10 |   Range(int64_t begin, int64_t end)
      |                        ~~~~~~~~^~~
/var/www/chino/.venv-whisper/lib/python3.12/site-packages/torch/include/ATen/core/Range.h:21:11: note: shadowed declaration is here
   21 |   int64_t end;
      |           ^~~
/var/www/chino/.venv-whisper/lib/python3.12/site-packages/torch/include/ATen/core/Range.h:10:17: warning: declaration of ‘begin’ shadows a member of ‘at::Range’ [-Wshadow]
   10 |   Range(int64_t begin, int64_t end)
      |         ~~~~~~~~^~~~~
/var/www/chino/.venv-whisper/lib/python3.12/site-packages/torch/include/ATen/core/Range.h:20:11: note: shadowed declaration is here
   20 |   int64_t begin;
      |           ^~~~~
/var/www/chino/.venv-whisper/lib/python3.12/site-packages/torch/include/ATen/core/Range.h: In constructor ‘at::Range::Range(int64_t, int64_t)’:
/var/www/chino/.venv-whisper/lib/python3.12/site-packages/torch/include/ATen/core/Range.h:10:32: warning: declaration of ‘end’ shadows a member of ‘at::Range’ [-Wshadow]
   10 |   Range(int64_t begin, int64_t end)
      |                        ~~~~~~~~^~~
/var/www/chino/.venv-whisper/lib/python3.12/site-packages/torch/include/ATen/core/Range.h:21:11: note: shadowed declaration is here
   21 |   int64_t end;
      |           ^~~
/var/www/chino/.venv-whisper/lib/python3.12/site-packages/torch/include/ATen/core/Range.h:10:17: warning: declaration of ‘begin’ shadows a member of ‘at::Range’ [-Wshadow]
   10 |   Range(int64_t begin, int64_t end)
      |         ~~~~~~~~^~~~~
/var/www/chino/.venv-whisper/lib/python3.12/site-packages/torch/include/ATen/core/Range.h:20:11: note: shadowed declaration is here
   20 |   int64_t begin;
      |           ^~~~~
/var/www/chino/.venv-whisper/lib/python3.12/site-packages/torch/include/ATen/TensorIterator.h: In member function ‘at::IntArrayRef at::TensorIteratorBase::strides(int64_t) const’:
/var/www/chino/.venv-whisper/lib/python3.12/site-packages/torch/include/ATen/TensorIterator.h:308:22: warning: conversion to ‘c10::SmallVectorTemplateCommon<at::OperandInfo, void>::size_type’ {aka ‘long unsigned int’} from ‘int64_t’ {aka ‘long int’} may change the sign of the result [-Wsign-conversion]
  308 |     return operands_[arg].stride_bytes;
      |                      ^~~
/var/www/chino/.venv-whisper/lib/python3.12/site-packages/torch/include/ATen/TensorIterator.h: In member function ‘c10::ScalarType at::TensorIteratorBase::dtype(int64_t) const’:
/var/www/chino/.venv-whisper/lib/python3.12/site-packages/torch/include/ATen/TensorIterator.h:312:22: warning: conversion to ‘c10::SmallVectorTemplateCommon<at::OperandInfo, void>::size_type’ {aka ‘long unsigned int’} from ‘int64_t’ {aka ‘long int’} may change the sign of the result [-Wsign-conversion]
  312 |     return operands_[arg].current_dtype;
      |                      ^~~
/var/www/chino/.venv-whisper/lib/python3.12/site-packages/torch/include/ATen/TensorIterator.h: In member function ‘c10::ScalarType at::TensorIteratorBase::input_dtype(int64_t) const’:
/var/www/chino/.venv-whisper/lib/python3.12/site-packages/torch/include/ATen/TensorIterator.h:321:35: warning: conversion to ‘c10::SmallVectorTemplateCommon<at::OperandInfo, void>::size_type’ {aka ‘long unsigned int’} from ‘int64_t’ {aka ‘long int’} may change the sign of the result [-Wsign-conversion]
  321 |     return operands_[num_outputs_ + arg].current_dtype;
      |                      ~~~~~~~~~~~~~^~~~~
/var/www/chino/.venv-whisper/lib/python3.12/site-packages/torch/include/ATen/TensorIterator.h: In member function ‘c10::Device at::TensorIteratorBase::device(int64_t) const’:
/var/www/chino/.venv-whisper/lib/python3.12/site-packages/torch/include/ATen/TensorIterator.h:325:22: warning: conversion to ‘c10::SmallVectorTemplateCommon<at::OperandInfo, void>::size_type’ {aka ‘long unsigned int’} from ‘int64_t’ {aka ‘long int’} may change the sign of the result [-Wsign-conversion]
  325 |     return operands_[arg].device.value();
      |                      ^~~
/var/www/chino/.venv-whisper/lib/python3.12/site-packages/torch/include/ATen/TensorIterator.h: In member function ‘const at::TensorBase& at::TensorIteratorBase::tensor_base(int64_t) const’:
/var/www/chino/.venv-whisper/lib/python3.12/site-packages/torch/include/ATen/TensorIterator.h:337:22: warning: conversion to ‘c10::SmallVectorTemplateCommon<at::OperandInfo, void>::size_type’ {aka ‘long unsigned int’} from ‘int64_t’ {aka ‘long int’} may change the sign of the result [-Wsign-conversion]
  337 |     return operands_[arg].tensor_base();
      |                      ^~~
/var/www/chino/.venv-whisper/lib/python3.12/site-packages/torch/include/ATen/TensorIterator.h: In member function ‘const at::Tensor& at::TensorIteratorBase::tensor(int64_t) const’:
/var/www/chino/.venv-whisper/lib/python3.12/site-packages/torch/include/ATen/TensorIterator.h:340:22: warning: conversion to ‘c10::SmallVectorTemplateCommon<at::OperandInfo, void>::size_type’ {aka ‘long unsigned int’} from ‘int64_t’ {aka ‘long int’} may change the sign of the result [-Wsign-conversion]
  340 |     return operands_[arg].tensor();
      |                      ^~~
/var/www/chino/.venv-whisper/lib/python3.12/site-packages/torch/include/ATen/TensorIterator.h: In member function ‘void at::TensorIteratorBase::_unsafe_set_arg_strides(int64_t, at::IntArrayRef)’:
/var/www/chino/.venv-whisper/lib/python3.12/site-packages/torch/include/ATen/TensorIterator.h:481:15: warning: conversion to ‘c10::SmallVectorTemplateCommon<at::OperandInfo, void>::size_type’ {aka ‘long unsigned int’} from ‘int64_t’ {aka ‘long int’} may change the sign of the result [-Wsign-conversion]
  481 |     operands_[arg].stride_bytes = strides;
      |               ^~~
/var/www/chino/.venv-whisper/lib/python3.12/site-packages/torch/include/ATen/TensorIterator.h: In member function ‘void at::TensorIteratorBase::_unsafe_set_arg_data(int64_t, void*)’:
/var/www/chino/.venv-whisper/lib/python3.12/site-packages/torch/include/ATen/TensorIterator.h:484:15: warning: conversion to ‘c10::SmallVectorTemplateCommon<at::OperandInfo, void>::size_type’ {aka ‘long unsigned int’} from ‘int64_t’ {aka ‘long int’} may change the sign of the result [-Wsign-conversion]
  484 |     operands_[arg].data = data;
      |               ^~~
/var/www/chino/.venv-whisper/lib/python3.12/site-packages/torch/include/ATen/TensorIterator.h: In member function ‘const at::OperandInfo& at::TensorIteratorBase::operand(int) const’:
/var/www/chino/.venv-whisper/lib/python3.12/site-packages/torch/include/ATen/TensorIterator.h:490:22: warning: conversion to ‘c10::SmallVectorTemplateCommon<at::OperandInfo, void>::size_type’ {aka ‘long unsigned int’} from ‘int’ may change the sign of the result [-Wsign-conversion]
  490 |     return operands_[arg];
      |                      ^~~
/var/www/chino/.venv-whisper/lib/python3.12/site-packages/torch/include/ATen/TensorIterator.h: In member function ‘at::OperandInfo& at::TensorIteratorBase::operand(int)’:
/var/www/chino/.venv-whisper/lib/python3.12/site-packages/torch/include/ATen/TensorIterator.h:493:22: warning: conversion to ‘c10::SmallVectorTemplateCommon<at::OperandInfo, void>::size_type’ {aka ‘long unsigned int’} from ‘int’ may change the sign of the result [-Wsign-conversion]
  493 |     return operands_[arg];
      |                      ^~~
/var/www/chino/.venv-whisper/lib/python3.12/site-packages/torch/include/ATen/TensorIterator.h: In constructor ‘at::SplitUntil32Bit::SplitUntil32Bit(const at::TensorIteratorBase&)’:
/var/www/chino/.venv-whisper/lib/python3.12/site-packages/torch/include/ATen/TensorIterator.h:1025:45: warning: declaration of ‘iter’ shadows a member of ‘at::SplitUntil32Bit’ [-Wshadow]
 1025 |   SplitUntil32Bit(const TensorIteratorBase& iter) : iter(iter) {}
      |                   ~~~~~~~~~~~~~~~~~~~~~~~~~~^~~~
/var/www/chino/.venv-whisper/lib/python3.12/site-packages/torch/include/ATen/TensorIterator.h:1032:29: note: shadowed declaration is here
 1032 |   const TensorIteratorBase& iter;
      |                             ^~~~
/var/www/chino/.venv-whisper/lib/python3.12/site-packages/torch/include/ATen/TensorIterator.h: In constructor ‘at::SplitUntil32Bit::SplitUntil32Bit(const at::TensorIteratorBase&)’:
/var/www/chino/.venv-whisper/lib/python3.12/site-packages/torch/include/ATen/TensorIterator.h:1025:45: warning: declaration of ‘iter’ shadows a member of ‘at::SplitUntil32Bit’ [-Wshadow]
 1025 |   SplitUntil32Bit(const TensorIteratorBase& iter) : iter(iter) {}
      |                   ~~~~~~~~~~~~~~~~~~~~~~~~~~^~~~
/var/www/chino/.venv-whisper/lib/python3.12/site-packages/torch/include/ATen/TensorIterator.h:1032:29: note: shadowed declaration is here
 1032 |   const TensorIteratorBase& iter;
      |                             ^~~~
/var/www/chino/.venv-whisper/lib/python3.12/site-packages/torch/include/ATen/TensorIterator.h: In constructor ‘at::SplitUntil32Bit::SplitUntil32Bit(const at::TensorIteratorBase&)’:
/var/www/chino/.venv-whisper/lib/python3.12/site-packages/torch/include/ATen/TensorIterator.h:1025:45: warning: declaration of ‘iter’ shadows a member of ‘at::SplitUntil32Bit’ [-Wshadow]
 1025 |   SplitUntil32Bit(const TensorIteratorBase& iter) : iter(iter) {}
      |                   ~~~~~~~~~~~~~~~~~~~~~~~~~~^~~~
/var/www/chino/.venv-whisper/lib/python3.12/site-packages/torch/include/ATen/TensorIterator.h:1032:29: note: shadowed declaration is here
 1032 |   const TensorIteratorBase& iter;
      |                             ^~~~
In file included from /var/www/chino/.venv-whisper/lib/python3.12/site-packages/torch/include/ATen/NativeFunctions.h:157:
/var/www/chino/.venv-whisper/lib/python3.12/site-packages/torch/include/ATen/ops/_foreach_maximum_native.h: At global scope:
/var/www/chino/.venv-whisper/lib/python3.12/site-packages/torch/include/ATen/ops/_foreach_maximum_native.h:20:37: warning: redundant redeclaration of ‘std::vector<at::Tensor> at::native::foreach_tensor_clamp_min_scalar_kernel_slow(at::TensorList, const c10::Scalar&)’ in same scope [-Wredundant-decls]
   20 | TORCH_API ::std::vector<at::Tensor> foreach_tensor_clamp_min_scalar_kernel_slow(at::TensorList self, const at::Scalar & scalar);
      |                                     ^~~~~~~~~~~~~~~~~~~~~~~~~~~~~~~~~~~~~~~~~~~
In file included from /var/www/chino/.venv-whisper/lib/python3.12/site-packages/torch/include/ATen/NativeFunctions.h:139:
/var/www/chino/.venv-whisper/lib/python3.12/site-packages/torch/include/ATen/ops/_foreach_clamp_min_native.h:20:37: note: previous declaration of ‘std::vector<at::Tensor> at::native::foreach_tensor_clamp_min_scalar_kernel_slow(at::TensorList, const c10::Scalar&)’
   20 | TORCH_API ::std::vector<at::Tensor> foreach_tensor_clamp_min_scalar_kernel_slow(at::TensorList self, const at::Scalar & scalar);
      |                                     ^~~~~~~~~~~~~~~~~~~~~~~~~~~~~~~~~~~~~~~~~~~
/var/www/chino/.venv-whisper/lib/python3.12/site-packages/torch/include/ATen/ops/_foreach_maximum_native.h:22:16: warning: redundant redeclaration of ‘void at::native::foreach_tensor_clamp_min_scalar_kernel_slow_(at::TensorList, const c10::Scalar&)’ in same scope [-Wredundant-decls]
   22 | TORCH_API void foreach_tensor_clamp_min_scalar_kernel_slow_(at::TensorList self, const at::Scalar & scalar);
      |                ^~~~~~~~~~~~~~~~~~~~~~~~~~~~~~~~~~~~~~~~~~~~
/var/www/chino/.venv-whisper/lib/python3.12/site-packages/torch/include/ATen/ops/_foreach_clamp_min_native.h:22:16: note: previous declaration of ‘void at::native::foreach_tensor_clamp_min_scalar_kernel_slow_(at::TensorList, const c10::Scalar&)’
   22 | TORCH_API void foreach_tensor_clamp_min_scalar_kernel_slow_(at::TensorList self, const at::Scalar & scalar);
      |                ^~~~~~~~~~~~~~~~~~~~~~~~~~~~~~~~~~~~~~~~~~~~
/var/www/chino/.venv-whisper/lib/python3.12/site-packages/torch/include/ATen/ops/_foreach_maximum_native.h:23:37: warning: redundant redeclaration of ‘std::vector<at::Tensor> at::native::foreach_tensor_clamp_min_scalar_kernel_cuda(at::TensorList, const c10::Scalar&)’ in same scope [-Wredundant-decls]
   23 | TORCH_API ::std::vector<at::Tensor> foreach_tensor_clamp_min_scalar_kernel_cuda(at::TensorList self, const at::Scalar & scalar);
      |                                     ^~~~~~~~~~~~~~~~~~~~~~~~~~~~~~~~~~~~~~~~~~~
/var/www/chino/.venv-whisper/lib/python3.12/site-packages/torch/include/ATen/ops/_foreach_clamp_min_native.h:23:37: note: previous declaration of ‘std::vector<at::Tensor> at::native::foreach_tensor_clamp_min_scalar_kernel_cuda(at::TensorList, const c10::Scalar&)’
   23 | TORCH_API ::std::vector<at::Tensor> foreach_tensor_clamp_min_scalar_kernel_cuda(at::TensorList self, const at::Scalar & scalar);
      |                                     ^~~~~~~~~~~~~~~~~~~~~~~~~~~~~~~~~~~~~~~~~~~
/var/www/chino/.venv-whisper/lib/python3.12/site-packages/torch/include/ATen/ops/_foreach_maximum_native.h:24:16: warning: redundant redeclaration of ‘void at::native::foreach_tensor_clamp_min_scalar_kernel_cuda_(at::TensorList, const c10::Scalar&)’ in same scope [-Wredundant-decls]
   24 | TORCH_API void foreach_tensor_clamp_min_scalar_kernel_cuda_(at::TensorList self, const at::Scalar & scalar);
      |                ^~~~~~~~~~~~~~~~~~~~~~~~~~~~~~~~~~~~~~~~~~~~
/var/www/chino/.venv-whisper/lib/python3.12/site-packages/torch/include/ATen/ops/_foreach_clamp_min_native.h:24:16: note: previous declaration of ‘void at::native::foreach_tensor_clamp_min_scalar_kernel_cuda_(at::TensorList, const c10::Scalar&)’
   24 | TORCH_API void foreach_tensor_clamp_min_scalar_kernel_cuda_(at::TensorList self, const at::Scalar & scalar);
      |                ^~~~~~~~~~~~~~~~~~~~~~~~~~~~~~~~~~~~~~~~~~~~
/var/www/chino/.venv-whisper/lib/python3.12/site-packages/torch/include/ATen/ops/_foreach_maximum_native.h:25:37: warning: redundant redeclaration of ‘std::vector<at::Tensor> at::native::foreach_tensor_clamp_min_list_kernel_slow(at::TensorList, at::TensorList)’ in same scope [-Wredundant-decls]
   25 | TORCH_API ::std::vector<at::Tensor> foreach_tensor_clamp_min_list_kernel_slow(at::TensorList self, at::TensorList other);
      |                                     ^~~~~~~~~~~~~~~~~~~~~~~~~~~~~~~~~~~~~~~~~
/var/www/chino/.venv-whisper/lib/python3.12/site-packages/torch/include/ATen/ops/_foreach_clamp_min_native.h:25:37: note: previous declaration of ‘std::vector<at::Tensor> at::native::foreach_tensor_clamp_min_list_kernel_slow(at::TensorList, at::TensorList)’
   25 | TORCH_API ::std::vector<at::Tensor> foreach_tensor_clamp_min_list_kernel_slow(at::TensorList self, at::TensorList other);
      |                                     ^~~~~~~~~~~~~~~~~~~~~~~~~~~~~~~~~~~~~~~~~
/var/www/chino/.venv-whisper/lib/python3.12/site-packages/torch/include/ATen/ops/_foreach_maximum_native.h:27:16: warning: redundant redeclaration of ‘void at::native::foreach_tensor_clamp_min_list_kernel_slow_(at::TensorList, at::TensorList)’ in same scope [-Wredundant-decls]
   27 | TORCH_API void foreach_tensor_clamp_min_list_kernel_slow_(at::TensorList self, at::TensorList other);
      |                ^~~~~~~~~~~~~~~~~~~~~~~~~~~~~~~~~~~~~~~~~~
/var/www/chino/.venv-whisper/lib/python3.12/site-packages/torch/include/ATen/ops/_foreach_clamp_min_native.h:27:16: note: previous declaration of ‘void at::native::foreach_tensor_clamp_min_list_kernel_slow_(at::TensorList, at::TensorList)’
   27 | TORCH_API void foreach_tensor_clamp_min_list_kernel_slow_(at::TensorList self, at::TensorList other);
      |                ^~~~~~~~~~~~~~~~~~~~~~~~~~~~~~~~~~~~~~~~~~
/var/www/chino/.venv-whisper/lib/python3.12/site-packages/torch/include/ATen/ops/_foreach_maximum_native.h:28:37: warning: redundant redeclaration of ‘std::vector<at::Tensor> at::native::foreach_tensor_clamp_min_list_kernel_cuda(at::TensorList, at::TensorList)’ in same scope [-Wredundant-decls]
   28 | TORCH_API ::std::vector<at::Tensor> foreach_tensor_clamp_min_list_kernel_cuda(at::TensorList self, at::TensorList other);
      |                                     ^~~~~~~~~~~~~~~~~~~~~~~~~~~~~~~~~~~~~~~~~
/var/www/chino/.venv-whisper/lib/python3.12/site-packages/torch/include/ATen/ops/_foreach_clamp_min_native.h:28:37: note: previous declaration of ‘std::vector<at::Tensor> at::native::foreach_tensor_clamp_min_list_kernel_cuda(at::TensorList, at::TensorList)’
   28 | TORCH_API ::std::vector<at::Tensor> foreach_tensor_clamp_min_list_kernel_cuda(at::TensorList self, at::TensorList other);
      |                                     ^~~~~~~~~~~~~~~~~~~~~~~~~~~~~~~~~~~~~~~~~
/var/www/chino/.venv-whisper/lib/python3.12/site-packages/torch/include/ATen/ops/_foreach_maximum_native.h:29:16: warning: redundant redeclaration of ‘void at::native::foreach_tensor_clamp_min_list_kernel_cuda_(at::TensorList, at::TensorList)’ in same scope [-Wredundant-decls]
   29 | TORCH_API void foreach_tensor_clamp_min_list_kernel_cuda_(at::TensorList self, at::TensorList other);
      |                ^~~~~~~~~~~~~~~~~~~~~~~~~~~~~~~~~~~~~~~~~~
/var/www/chino/.venv-whisper/lib/python3.12/site-packages/torch/include/ATen/ops/_foreach_clamp_min_native.h:29:16: note: previous declaration of ‘void at::native::foreach_tensor_clamp_min_list_kernel_cuda_(at::TensorList, at::TensorList)’
   29 | TORCH_API void foreach_tensor_clamp_min_list_kernel_cuda_(at::TensorList self, at::TensorList other);
      |                ^~~~~~~~~~~~~~~~~~~~~~~~~~~~~~~~~~~~~~~~~~
/var/www/chino/.venv-whisper/lib/python3.12/site-packages/torch/include/ATen/ops/_foreach_maximum_native.h:30:37: warning: redundant redeclaration of ‘std::vector<at::Tensor> at::native::foreach_tensor_clamp_min_scalarlist_kernel_slow(at::TensorList, c10::ArrayRef<c10::Scalar>)’ in same scope [-Wredundant-decls]
   30 | TORCH_API ::std::vector<at::Tensor> foreach_tensor_clamp_min_scalarlist_kernel_slow(at::TensorList self, at::ArrayRef<at::Scalar> scalars);
      |                                     ^~~~~~~~~~~~~~~~~~~~~~~~~~~~~~~~~~~~~~~~~~~~~~~
/var/www/chino/.venv-whisper/lib/python3.12/site-packages/torch/include/ATen/ops/_foreach_clamp_min_native.h:30:37: note: previous declaration of ‘std::vector<at::Tensor> at::native::foreach_tensor_clamp_min_scalarlist_kernel_slow(at::TensorList, c10::ArrayRef<c10::Scalar>)’
   30 | TORCH_API ::std::vector<at::Tensor> foreach_tensor_clamp_min_scalarlist_kernel_slow(at::TensorList self, at::ArrayRef<at::Scalar> scalars);
      |                                     ^~~~~~~~~~~~~~~~~~~~~~~~~~~~~~~~~~~~~~~~~~~~~~~
/var/www/chino/.venv-whisper/lib/python3.12/site-packages/torch/include/ATen/ops/_foreach_maximum_native.h:32:16: warning: redundant redeclaration of ‘void at::native::foreach_tensor_clamp_min_scalarlist_kernel_slow_(at::TensorList, c10::ArrayRef<c10::Scalar>)’ in same scope [-Wredundant-decls]
   32 | TORCH_API void foreach_tensor_clamp_min_scalarlist_kernel_slow_(at::TensorList self, at::ArrayRef<at::Scalar> scalars);
      |                ^~~~~~~~~~~~~~~~~~~~~~~~~~~~~~~~~~~~~~~~~~~~~~~~
/var/www/chino/.venv-whisper/lib/python3.12/site-packages/torch/include/ATen/ops/_foreach_clamp_min_native.h:32:16: note: previous declaration of ‘void at::native::foreach_tensor_clamp_min_scalarlist_kernel_slow_(at::TensorList, c10::ArrayRef<c10::Scalar>)’
   32 | TORCH_API void foreach_tensor_clamp_min_scalarlist_kernel_slow_(at::TensorList self, at::ArrayRef<at::Scalar> scalars);
      |                ^~~~~~~~~~~~~~~~~~~~~~~~~~~~~~~~~~~~~~~~~~~~~~~~
/var/www/chino/.venv-whisper/lib/python3.12/site-packages/torch/include/ATen/ops/_foreach_maximum_native.h:33:37: warning: redundant redeclaration of ‘std::vector<at::Tensor> at::native::foreach_tensor_clamp_min_scalarlist_kernel_cuda(at::TensorList, c10::ArrayRef<c10::Scalar>)’ in same scope [-Wredundant-decls]
   33 | TORCH_API ::std::vector<at::Tensor> foreach_tensor_clamp_min_scalarlist_kernel_cuda(at::TensorList self, at::ArrayRef<at::Scalar> scalars);
      |                                     ^~~~~~~~~~~~~~~~~~~~~~~~~~~~~~~~~~~~~~~~~~~~~~~
/var/www/chino/.venv-whisper/lib/python3.12/site-packages/torch/include/ATen/ops/_foreach_clamp_min_native.h:33:37: note: previous declaration of ‘std::vector<at::Tensor> at::native::foreach_tensor_clamp_min_scalarlist_kernel_cuda(at::TensorList, c10::ArrayRef<c10::Scalar>)’
   33 | TORCH_API ::std::vector<at::Tensor> foreach_tensor_clamp_min_scalarlist_kernel_cuda(at::TensorList self, at::ArrayRef<at::Scalar> scalars);
      |                                     ^~~~~~~~~~~~~~~~~~~~~~~~~~~~~~~~~~~~~~~~~~~~~~~
/var/www/chino/.venv-whisper/lib/python3.12/site-packages/torch/include/ATen/ops/_foreach_maximum_native.h:34:16: warning: redundant redeclaration of ‘void at::native::foreach_tensor_clamp_min_scalarlist_kernel_cuda_(at::TensorList, c10::ArrayRef<c10::Scalar>)’ in same scope [-Wredundant-decls]
   34 | TORCH_API void foreach_tensor_clamp_min_scalarlist_kernel_cuda_(at::TensorList self, at::ArrayRef<at::Scalar> scalars);
      |                ^~~~~~~~~~~~~~~~~~~~~~~~~~~~~~~~~~~~~~~~~~~~~~~~
/var/www/chino/.venv-whisper/lib/python3.12/site-packages/torch/include/ATen/ops/_foreach_clamp_min_native.h:34:16: note: previous declaration of ‘void at::native::foreach_tensor_clamp_min_scalarlist_kernel_cuda_(at::TensorList, c10::ArrayRef<c10::Scalar>)’
   34 | TORCH_API void foreach_tensor_clamp_min_scalarlist_kernel_cuda_(at::TensorList self, at::ArrayRef<at::Scalar> scalars);
      |                ^~~~~~~~~~~~~~~~~~~~~~~~~~~~~~~~~~~~~~~~~~~~~~~~
In file included from /var/www/chino/.venv-whisper/lib/python3.12/site-packages/torch/include/ATen/NativeFunctions.h:158:
/var/www/chino/.venv-whisper/lib/python3.12/site-packages/torch/include/ATen/ops/_foreach_minimum_native.h:20:37: warning: redundant redeclaration of ‘std::vector<at::Tensor> at::native::foreach_tensor_clamp_max_scalar_kernel_slow(at::TensorList, const c10::Scalar&)’ in same scope [-Wredundant-decls]
   20 | TORCH_API ::std::vector<at::Tensor> foreach_tensor_clamp_max_scalar_kernel_slow(at::TensorList self, const at::Scalar & scalar);
      |                                     ^~~~~~~~~~~~~~~~~~~~~~~~~~~~~~~~~~~~~~~~~~~
In file included from /var/www/chino/.venv-whisper/lib/python3.12/site-packages/torch/include/ATen/NativeFunctions.h:138:
/var/www/chino/.venv-whisper/lib/python3.12/site-packages/torch/include/ATen/ops/_foreach_clamp_max_native.h:20:37: note: previous declaration of ‘std::vector<at::Tensor> at::native::foreach_tensor_clamp_max_scalar_kernel_slow(at::TensorList, const c10::Scalar&)’
   20 | TORCH_API ::std::vector<at::Tensor> foreach_tensor_clamp_max_scalar_kernel_slow(at::TensorList self, const at::Scalar & scalar);
      |                                     ^~~~~~~~~~~~~~~~~~~~~~~~~~~~~~~~~~~~~~~~~~~
/var/www/chino/.venv-whisper/lib/python3.12/site-packages/torch/include/ATen/ops/_foreach_minimum_native.h:22:16: warning: redundant redeclaration of ‘void at::native::foreach_tensor_clamp_max_scalar_kernel_slow_(at::TensorList, const c10::Scalar&)’ in same scope [-Wredundant-decls]
   22 | TORCH_API void foreach_tensor_clamp_max_scalar_kernel_slow_(at::TensorList self, const at::Scalar & scalar);
      |                ^~~~~~~~~~~~~~~~~~~~~~~~~~~~~~~~~~~~~~~~~~~~
/var/www/chino/.venv-whisper/lib/python3.12/site-packages/torch/include/ATen/ops/_foreach_clamp_max_native.h:22:16: note: previous declaration of ‘void at::native::foreach_tensor_clamp_max_scalar_kernel_slow_(at::TensorList, const c10::Scalar&)’
   22 | TORCH_API void foreach_tensor_clamp_max_scalar_kernel_slow_(at::TensorList self, const at::Scalar & scalar);
      |                ^~~~~~~~~~~~~~~~~~~~~~~~~~~~~~~~~~~~~~~~~~~~
/var/www/chino/.venv-whisper/lib/python3.12/site-packages/torch/include/ATen/ops/_foreach_minimum_native.h:23:37: warning: redundant redeclaration of ‘std::vector<at::Tensor> at::native::foreach_tensor_clamp_max_scalar_kernel_cuda(at::TensorList, const c10::Scalar&)’ in same scope [-Wredundant-decls]
   23 | TORCH_API ::std::vector<at::Tensor> foreach_tensor_clamp_max_scalar_kernel_cuda(at::TensorList self, const at::Scalar & scalar);
      |                                     ^~~~~~~~~~~~~~~~~~~~~~~~~~~~~~~~~~~~~~~~~~~
/var/www/chino/.venv-whisper/lib/python3.12/site-packages/torch/include/ATen/ops/_foreach_clamp_max_native.h:23:37: note: previous declaration of ‘std::vector<at::Tensor> at::native::foreach_tensor_clamp_max_scalar_kernel_cuda(at::TensorList, const c10::Scalar&)’
   23 | TORCH_API ::std::vector<at::Tensor> foreach_tensor_clamp_max_scalar_kernel_cuda(at::TensorList self, const at::Scalar & scalar);
      |                                     ^~~~~~~~~~~~~~~~~~~~~~~~~~~~~~~~~~~~~~~~~~~
/var/www/chino/.venv-whisper/lib/python3.12/site-packages/torch/include/ATen/ops/_foreach_minimum_native.h:24:16: warning: redundant redeclaration of ‘void at::native::foreach_tensor_clamp_max_scalar_kernel_cuda_(at::TensorList, const c10::Scalar&)’ in same scope [-Wredundant-decls]
   24 | TORCH_API void foreach_tensor_clamp_max_scalar_kernel_cuda_(at::TensorList self, const at::Scalar & scalar);
      |                ^~~~~~~~~~~~~~~~~~~~~~~~~~~~~~~~~~~~~~~~~~~~
/var/www/chino/.venv-whisper/lib/python3.12/site-packages/torch/include/ATen/ops/_foreach_clamp_max_native.h:24:16: note: previous declaration of ‘void at::native::foreach_tensor_clamp_max_scalar_kernel_cuda_(at::TensorList, const c10::Scalar&)’
   24 | TORCH_API void foreach_tensor_clamp_max_scalar_kernel_cuda_(at::TensorList self, const at::Scalar & scalar);
      |                ^~~~~~~~~~~~~~~~~~~~~~~~~~~~~~~~~~~~~~~~~~~~
/var/www/chino/.venv-whisper/lib/python3.12/site-packages/torch/include/ATen/ops/_foreach_minimum_native.h:25:37: warning: redundant redeclaration of ‘std::vector<at::Tensor> at::native::foreach_tensor_clamp_max_list_kernel_slow(at::TensorList, at::TensorList)’ in same scope [-Wredundant-decls]
   25 | TORCH_API ::std::vector<at::Tensor> foreach_tensor_clamp_max_list_kernel_slow(at::TensorList self, at::TensorList other);
      |                                     ^~~~~~~~~~~~~~~~~~~~~~~~~~~~~~~~~~~~~~~~~
/var/www/chino/.venv-whisper/lib/python3.12/site-packages/torch/include/ATen/ops/_foreach_clamp_max_native.h:25:37: note: previous declaration of ‘std::vector<at::Tensor> at::native::foreach_tensor_clamp_max_list_kernel_slow(at::TensorList, at::TensorList)’
   25 | TORCH_API ::std::vector<at::Tensor> foreach_tensor_clamp_max_list_kernel_slow(at::TensorList self, at::TensorList other);
      |                                     ^~~~~~~~~~~~~~~~~~~~~~~~~~~~~~~~~~~~~~~~~
/var/www/chino/.venv-whisper/lib/python3.12/site-packages/torch/include/ATen/ops/_foreach_minimum_native.h:27:16: warning: redundant redeclaration of ‘void at::native::foreach_tensor_clamp_max_list_kernel_slow_(at::TensorList, at::TensorList)’ in same scope [-Wredundant-decls]
   27 | TORCH_API void foreach_tensor_clamp_max_list_kernel_slow_(at::TensorList self, at::TensorList other);
      |                ^~~~~~~~~~~~~~~~~~~~~~~~~~~~~~~~~~~~~~~~~~
/var/www/chino/.venv-whisper/lib/python3.12/site-packages/torch/include/ATen/ops/_foreach_clamp_max_native.h:27:16: note: previous declaration of ‘void at::native::foreach_tensor_clamp_max_list_kernel_slow_(at::TensorList, at::TensorList)’
   27 | TORCH_API void foreach_tensor_clamp_max_list_kernel_slow_(at::TensorList self, at::TensorList other);
      |                ^~~~~~~~~~~~~~~~~~~~~~~~~~~~~~~~~~~~~~~~~~
/var/www/chino/.venv-whisper/lib/python3.12/site-packages/torch/include/ATen/ops/_foreach_minimum_native.h:28:37: warning: redundant redeclaration of ‘std::vector<at::Tensor> at::native::foreach_tensor_clamp_max_list_kernel_cuda(at::TensorList, at::TensorList)’ in same scope [-Wredundant-decls]
   28 | TORCH_API ::std::vector<at::Tensor> foreach_tensor_clamp_max_list_kernel_cuda(at::TensorList self, at::TensorList other);
      |                                     ^~~~~~~~~~~~~~~~~~~~~~~~~~~~~~~~~~~~~~~~~
/var/www/chino/.venv-whisper/lib/python3.12/site-packages/torch/include/ATen/ops/_foreach_clamp_max_native.h:28:37: note: previous declaration of ‘std::vector<at::Tensor> at::native::foreach_tensor_clamp_max_list_kernel_cuda(at::TensorList, at::TensorList)’
   28 | TORCH_API ::std::vector<at::Tensor> foreach_tensor_clamp_max_list_kernel_cuda(at::TensorList self, at::TensorList other);
      |                                     ^~~~~~~~~~~~~~~~~~~~~~~~~~~~~~~~~~~~~~~~~
/var/www/chino/.venv-whisper/lib/python3.12/site-packages/torch/include/ATen/ops/_foreach_minimum_native.h:29:16: warning: redundant redeclaration of ‘void at::native::foreach_tensor_clamp_max_list_kernel_cuda_(at::TensorList, at::TensorList)’ in same scope [-Wredundant-decls]
   29 | TORCH_API void foreach_tensor_clamp_max_list_kernel_cuda_(at::TensorList self, at::TensorList other);
      |                ^~~~~~~~~~~~~~~~~~~~~~~~~~~~~~~~~~~~~~~~~~
/var/www/chino/.venv-whisper/lib/python3.12/site-packages/torch/include/ATen/ops/_foreach_clamp_max_native.h:29:16: note: previous declaration of ‘void at::native::foreach_tensor_clamp_max_list_kernel_cuda_(at::TensorList, at::TensorList)’
   29 | TORCH_API void foreach_tensor_clamp_max_list_kernel_cuda_(at::TensorList self, at::TensorList other);
      |                ^~~~~~~~~~~~~~~~~~~~~~~~~~~~~~~~~~~~~~~~~~
/var/www/chino/.venv-whisper/lib/python3.12/site-packages/torch/include/ATen/ops/_foreach_minimum_native.h:30:37: warning: redundant redeclaration of ‘std::vector<at::Tensor> at::native::foreach_tensor_clamp_max_scalarlist_kernel_slow(at::TensorList, c10::ArrayRef<c10::Scalar>)’ in same scope [-Wredundant-decls]
   30 | TORCH_API ::std::vector<at::Tensor> foreach_tensor_clamp_max_scalarlist_kernel_slow(at::TensorList self, at::ArrayRef<at::Scalar> scalars);
      |                                     ^~~~~~~~~~~~~~~~~~~~~~~~~~~~~~~~~~~~~~~~~~~~~~~
/var/www/chino/.venv-whisper/lib/python3.12/site-packages/torch/include/ATen/ops/_foreach_clamp_max_native.h:30:37: note: previous declaration of ‘std::vector<at::Tensor> at::native::foreach_tensor_clamp_max_scalarlist_kernel_slow(at::TensorList, c10::ArrayRef<c10::Scalar>)’
   30 | TORCH_API ::std::vector<at::Tensor> foreach_tensor_clamp_max_scalarlist_kernel_slow(at::TensorList self, at::ArrayRef<at::Scalar> scalars);
      |                                     ^~~~~~~~~~~~~~~~~~~~~~~~~~~~~~~~~~~~~~~~~~~~~~~
/var/www/chino/.venv-whisper/lib/python3.12/site-packages/torch/include/ATen/ops/_foreach_minimum_native.h:32:16: warning: redundant redeclaration of ‘void at::native::foreach_tensor_clamp_max_scalarlist_kernel_slow_(at::TensorList, c10::ArrayRef<c10::Scalar>)’ in same scope [-Wredundant-decls]
   32 | TORCH_API void foreach_tensor_clamp_max_scalarlist_kernel_slow_(at::TensorList self, at::ArrayRef<at::Scalar> scalars);
      |                ^~~~~~~~~~~~~~~~~~~~~~~~~~~~~~~~~~~~~~~~~~~~~~~~
/var/www/chino/.venv-whisper/lib/python3.12/site-packages/torch/include/ATen/ops/_foreach_clamp_max_native.h:32:16: note: previous declaration of ‘void at::native::foreach_tensor_clamp_max_scalarlist_kernel_slow_(at::TensorList, c10::ArrayRef<c10::Scalar>)’
   32 | TORCH_API void foreach_tensor_clamp_max_scalarlist_kernel_slow_(at::TensorList self, at::ArrayRef<at::Scalar> scalars);
      |                ^~~~~~~~~~~~~~~~~~~~~~~~~~~~~~~~~~~~~~~~~~~~~~~~
/var/www/chino/.venv-whisper/lib/python3.12/site-packages/torch/include/ATen/ops/_foreach_minimum_native.h:33:37: warning: redundant redeclaration of ‘std::vector<at::Tensor> at::native::foreach_tensor_clamp_max_scalarlist_kernel_cuda(at::TensorList, c10::ArrayRef<c10::Scalar>)’ in same scope [-Wredundant-decls]
   33 | TORCH_API ::std::vector<at::Tensor> foreach_tensor_clamp_max_scalarlist_kernel_cuda(at::TensorList self, at::ArrayRef<at::Scalar> scalars);
      |                                     ^~~~~~~~~~~~~~~~~~~~~~~~~~~~~~~~~~~~~~~~~~~~~~~
/var/www/chino/.venv-whisper/lib/python3.12/site-packages/torch/include/ATen/ops/_foreach_clamp_max_native.h:33:37: note: previous declaration of ‘std::vector<at::Tensor> at::native::foreach_tensor_clamp_max_scalarlist_kernel_cuda(at::TensorList, c10::ArrayRef<c10::Scalar>)’
   33 | TORCH_API ::std::vector<at::Tensor> foreach_tensor_clamp_max_scalarlist_kernel_cuda(at::TensorList self, at::ArrayRef<at::Scalar> scalars);
      |                                     ^~~~~~~~~~~~~~~~~~~~~~~~~~~~~~~~~~~~~~~~~~~~~~~
/var/www/chino/.venv-whisper/lib/python3.12/site-packages/torch/include/ATen/ops/_foreach_minimum_native.h:34:16: warning: redundant redeclaration of ‘void at::native::foreach_tensor_clamp_max_scalarlist_kernel_cuda_(at::TensorList, c10::ArrayRef<c10::Scalar>)’ in same scope [-Wredundant-decls]
   34 | TORCH_API void foreach_tensor_clamp_max_scalarlist_kernel_cuda_(at::TensorList self, at::ArrayRef<at::Scalar> scalars);
      |                ^~~~~~~~~~~~~~~~~~~~~~~~~~~~~~~~~~~~~~~~~~~~~~~~
/var/www/chino/.venv-whisper/lib/python3.12/site-packages/torch/include/ATen/ops/_foreach_clamp_max_native.h:34:16: note: previous declaration of ‘void at::native::foreach_tensor_clamp_max_scalarlist_kernel_cuda_(at::TensorList, c10::ArrayRef<c10::Scalar>)’
   34 | TORCH_API void foreach_tensor_clamp_max_scalarlist_kernel_cuda_(at::TensorList self, at::ArrayRef<at::Scalar> scalars);
      |                ^~~~~~~~~~~~~~~~~~~~~~~~~~~~~~~~~~~~~~~~~~~~~~~~
In file included from /var/www/chino/.venv-whisper/lib/python3.12/site-packages/torch/include/ATen/NativeFunctions.h:362:
/var/www/chino/.venv-whisper/lib/python3.12/site-packages/torch/include/ATen/ops/_test_optional_intlist_native.h:21:22: warning: redundant redeclaration of ‘at::Tensor at::native::_test_optional_intlist(const at::Tensor&, at::OptionalIntArrayRef)’ in same scope [-Wredundant-decls]
   21 | TORCH_API at::Tensor _test_optional_intlist(const at::Tensor & values, at::OptionalIntArrayRef addends);
      |                      ^~~~~~~~~~~~~~~~~~~~~~
In file included from /var/www/chino/.venv-whisper/lib/python3.12/site-packages/torch/include/ATen/NativeFunctions.h:360:
/var/www/chino/.venv-whisper/lib/python3.12/site-packages/torch/include/ATen/ops/_test_optional_filled_intlist_native.h:21:22: note: previous declaration of ‘at::Tensor at::native::_test_optional_intlist(const at::Tensor&, at::OptionalIntArrayRef)’
   21 | TORCH_API at::Tensor _test_optional_intlist(const at::Tensor & values, at::OptionalIntArrayRef addends);
      |                      ^~~~~~~~~~~~~~~~~~~~~~
In file included from /var/www/chino/.venv-whisper/lib/python3.12/site-packages/torch/include/ATen/NativeFunctions.h:606:
/var/www/chino/.venv-whisper/lib/python3.12/site-packages/torch/include/ATen/ops/dense_dim_native.h:21:19: warning: redundant redeclaration of ‘int64_t at::native::dense_dim_sparse(const at::Tensor&)’ in same scope [-Wredundant-decls]
   21 | TORCH_API int64_t dense_dim_sparse(const at::Tensor & self);
      |                   ^~~~~~~~~~~~~~~~
In file included from /var/www/chino/.venv-whisper/lib/python3.12/site-packages/torch/include/ATen/NativeFunctions.h:101:
/var/www/chino/.venv-whisper/lib/python3.12/site-packages/torch/include/ATen/ops/_dimV_native.h:20:19: note: previous declaration of ‘int64_t at::native::dense_dim_sparse(const at::Tensor&)’
   20 | TORCH_API int64_t dense_dim_sparse(const at::Tensor & self);
      |                   ^~~~~~~~~~~~~~~~
In file included from /var/www/chino/.venv-whisper/lib/python3.12/site-packages/torch/include/ATen/NativeFunctions.h:955:
/var/www/chino/.venv-whisper/lib/python3.12/site-packages/torch/include/ATen/ops/mm_native.h:26:22: warning: redundant redeclaration of ‘at::Tensor at::native::_sparse_mm(const at::Tensor&, const at::Tensor&)’ in same scope [-Wredundant-decls]
   26 | TORCH_API at::Tensor _sparse_mm(const at::Tensor & self, const at::Tensor & mat2);
      |                      ^~~~~~~~~~
In file included from /var/www/chino/.venv-whisper/lib/python3.12/site-packages/torch/include/ATen/NativeFunctions.h:335:
/var/www/chino/.venv-whisper/lib/python3.12/site-packages/torch/include/ATen/ops/_sparse_mm_native.h:20:22: note: previous declaration of ‘at::Tensor at::native::_sparse_mm(const at::Tensor&, const at::Tensor&)’
   20 | TORCH_API at::Tensor _sparse_mm(const at::Tensor & sparse, const at::Tensor & dense);
      |                      ^~~~~~~~~~
In file included from /var/www/chino/.venv-whisper/lib/python3.12/site-packages/torch/include/ATen/NativeFunctions.h:1180:
/var/www/chino/.venv-whisper/lib/python3.12/site-packages/torch/include/ATen/ops/sparse_dim_native.h:21:19: warning: redundant redeclaration of ‘int64_t at::native::sparse_dim_sparse(const at::Tensor&)’ in same scope [-Wredundant-decls]
   21 | TORCH_API int64_t sparse_dim_sparse(const at::Tensor & self);
      |                   ^~~~~~~~~~~~~~~~~
In file included from /var/www/chino/.venv-whisper/lib/python3.12/site-packages/torch/include/ATen/NativeFunctions.h:100:
/var/www/chino/.venv-whisper/lib/python3.12/site-packages/torch/include/ATen/ops/_dimI_native.h:20:19: note: previous declaration of ‘int64_t at::native::sparse_dim_sparse(const at::Tensor&)’
   20 | TORCH_API int64_t sparse_dim_sparse(const at::Tensor & self);
      |                   ^~~~~~~~~~~~~~~~~
/var/www/chino/.venv-whisper/lib/python3.12/site-packages/torch/include/ATen/TensorIndexing.h: In function ‘at::Tensor at::indexing::impl::applySlice(const at::Tensor&, int64_t, c10::SymInt, c10::SymInt, c10::SymInt, bool, const c10::Device&, const std::optional<c10::ArrayRef<c10::SymInt> >&)’:
/var/www/chino/.venv-whisper/lib/python3.12/site-packages/torch/include/ATen/TensorIndexing.h:223:25: warning: conversion to ‘size_t’ {aka ‘long unsigned int’} from ‘int64_t’ {aka ‘long int’} may change the sign of the result [-Wsign-conversion]
  223 |         ? (*self_sizes)[dim]
      |                         ^~~
/var/www/chino/.venv-whisper/lib/python3.12/site-packages/torch/include/ATen/TensorIndexing.h: In function ‘at::Tensor at::indexing::impl::applySelect(const at::Tensor&, int64_t, c10::SymInt, int64_t, const c10::Device&, const std::optional<c10::ArrayRef<c10::SymInt> >&)’:
/var/www/chino/.venv-whisper/lib/python3.12/site-packages/torch/include/ATen/TensorIndexing.h:252:31: warning: conversion to ‘size_t’ {aka ‘long unsigned int’} from ‘int64_t’ {aka ‘long int’} may change the sign of the result [-Wsign-conversion]
  252 |     auto size = (*self_sizes)[dim];
      |                               ^~~
/var/www/chino/.venv-whisper/lib/python3.12/site-packages/torch/include/ATen/TensorIndexing.h: In function ‘void at::indexing::impl::recordTensorIndex(const at::Tensor&, std::vector<at::Tensor>&, int64_t*)’:
/var/www/chino/.venv-whisper/lib/python3.12/site-packages/torch/include/ATen/TensorIndexing.h:320:32: warning: conversion to ‘std::vector<at::Tensor>::size_type’ {aka ‘long unsigned int’} from ‘int64_t’ {aka ‘long int’} may change the sign of the result [-Wsign-conversion]
  320 |     outIndices.resize(*dim_ptr + 1);
      |                       ~~~~~~~~~^~~
/var/www/chino/.venv-whisper/lib/python3.12/site-packages/torch/include/ATen/TensorIndexing.h:321:16: warning: conversion to ‘std::vector<at::Tensor>::size_type’ {aka ‘long unsigned int’} from ‘int64_t’ {aka ‘long int’} may change the sign of the result [-Wsign-conversion]
  321 |     outIndices[*dim_ptr] = tensor;
      |                ^~~~~~~~
/var/www/chino/.venv-whisper/lib/python3.12/site-packages/torch/include/ATen/TensorIndexing.h: In function ‘at::Tensor at::indexing::handleDimInMultiDimIndexing(const at::Tensor&, const at::Tensor&, const TensorIndex&, int64_t*, int64_t*, int64_t, std::vector<at::Tensor>&, bool, const c10::Device&, const std::optional<c10::ArrayRef<c10::SymInt> >&)’:
/var/www/chino/.venv-whisper/lib/python3.12/site-packages/torch/include/ATen/TensorIndexing.h:477:45: warning: conversion to ‘long unsigned int’ from ‘long int’ may change the sign of the result [-Wsign-conversion]
  477 |       outIndices.resize(outIndices.size() + ellipsis_ndims);
      |                                             ^~~~~~~~~~~~~~
In file included from /var/www/chino/.venv-whisper/lib/python3.12/site-packages/torch/include/torch/csrc/autograd/cpp_hook.h:3,
                 from /var/www/chino/.venv-whisper/lib/python3.12/site-packages/torch/include/torch/csrc/autograd/variable.h:7,
                 from /var/www/chino/.venv-whisper/lib/python3.12/site-packages/torch/include/torch/csrc/autograd/generated/variable_factories.h:12,
                 from /var/www/chino/.venv-whisper/lib/python3.12/site-packages/torch/include/torch/csrc/api/include/torch/types.h:8:
/var/www/chino/.venv-whisper/lib/python3.12/site-packages/torch/include/torch/csrc/autograd/function_hook.h: In member function ‘virtual void torch::autograd::FunctionPreHook::compiled_args(torch::dynamo::autograd::CompiledNodeArgs&) const’:
/var/www/chino/.venv-whisper/lib/python3.12/site-packages/torch/include/torch/csrc/autograd/function_hook.h:27:50: warning: unused parameter ‘args’ [-Wunused-parameter]
   27 |       torch::dynamo::autograd::CompiledNodeArgs& args) const {
      |       ~~~~~~~~~~~~~~~~~~~~~~~~~~~~~~~~~~~~~~~~~~~^~~~
/var/www/chino/.venv-whisper/lib/python3.12/site-packages/torch/include/torch/csrc/autograd/function_hook.h: In member function ‘virtual void torch::autograd::FunctionPostHook::compiled_args(torch::dynamo::autograd::CompiledNodeArgs&) const’:
/var/www/chino/.venv-whisper/lib/python3.12/site-packages/torch/include/torch/csrc/autograd/function_hook.h:42:50: warning: unused parameter ‘args’ [-Wunused-parameter]
   42 |       torch::dynamo::autograd::CompiledNodeArgs& args) const {
      |       ~~~~~~~~~~~~~~~~~~~~~~~~~~~~~~~~~~~~~~~~~~~^~~~
/var/www/chino/.venv-whisper/lib/python3.12/site-packages/torch/include/torch/csrc/autograd/function_hook.h: In member function ‘virtual void torch::autograd::PostAccumulateGradHook::compiled_args(torch::dynamo::autograd::CompiledNodeArgs&) const’:
/var/www/chino/.venv-whisper/lib/python3.12/site-packages/torch/include/torch/csrc/autograd/function_hook.h:56:50: warning: unused parameter ‘args’ [-Wunused-parameter]
   56 |       torch::dynamo::autograd::CompiledNodeArgs& args) const {
      |       ~~~~~~~~~~~~~~~~~~~~~~~~~~~~~~~~~~~~~~~~~~~^~~~
In file included from /var/www/chino/.venv-whisper/lib/python3.12/site-packages/torch/include/ATen/NamedTensorUtils.h:4,
                 from /var/www/chino/.venv-whisper/lib/python3.12/site-packages/torch/include/torch/csrc/autograd/variable.h:12:
/var/www/chino/.venv-whisper/lib/python3.12/site-packages/torch/include/ATen/TensorNames.h: In constructor ‘at::namedinference::TensorName::TensorName(c10::ArrayRef<at::Dimname>, int)’:
/var/www/chino/.venv-whisper/lib/python3.12/site-packages/torch/include/ATen/TensorNames.h:32:36: warning: conversion to ‘size_t’ {aka ‘long unsigned int’} from ‘int64_t’ {aka ‘long int’} may change the sign of the result [-Wsign-conversion]
   32 |         name_(origin[maybe_wrap_dim(
      |                      ~~~~~~~~~~~~~~^
   33 |             origin_idx,
      |             ~~~~~~~~~~~             
   34 |             static_cast<int64_t>(origin.size()))]),
      |             ~~~~~~~~~~~~~~~~~~~~~~~~~~~~~~~~~~~~
In file included from /var/www/chino/.venv-whisper/lib/python3.12/site-packages/torch/include/ATen/NamedTensorUtils.h:5:
/var/www/chino/.venv-whisper/lib/python3.12/site-packages/torch/include/ATen/WrapDimUtilsMulti.h: In function ‘std::bitset<64> at::dim_list_to_bitset(OptionalIntArrayRef, size_t)’:
/var/www/chino/.venv-whisper/lib/python3.12/site-packages/torch/include/ATen/WrapDimUtilsMulti.h:29:34: warning: conversion to ‘size_t’ {aka ‘long unsigned int’} from ‘int64_t’ {aka ‘long int’} may change the sign of the result [-Wsign-conversion]
   29 |       size_t dim = maybe_wrap_dim(dims[i], static_cast<int64_t>(ndims));
      |                    ~~~~~~~~~~~~~~^~~~~~~~~~~~~~~~~~~~~~~~~~~~~~~~~~~~~~
/var/www/chino/.venv-whisper/lib/python3.12/site-packages/torch/include/torch/csrc/autograd/variable.h: In constructor ‘torch::autograd::ChainedViewFunc::ChainedViewFunc(std::unique_ptr<torch::autograd::ViewFunc>, std::unique_ptr<torch::autograd::ViewFunc>)’:
/var/www/chino/.venv-whisper/lib/python3.12/site-packages/torch/include/torch/csrc/autograd/variable.h:410:33: warning: declaration of ‘second’ shadows a member of ‘torch::autograd::ChainedViewFunc’ [-Wshadow]
  410 |       std::unique_ptr<ViewFunc> second)
      |       ~~~~~~~~~~~~~~~~~~~~~~~~~~^~~~~~
/var/www/chino/.venv-whisper/lib/python3.12/site-packages/torch/include/torch/csrc/autograd/variable.h:431:29: note: shadowed declaration is here
  431 |   std::unique_ptr<ViewFunc> second;
      |                             ^~~~~~
/var/www/chino/.venv-whisper/lib/python3.12/site-packages/torch/include/torch/csrc/autograd/variable.h:409:33: warning: declaration of ‘first’ shadows a member of ‘torch::autograd::ChainedViewFunc’ [-Wshadow]
  409 |       std::unique_ptr<ViewFunc> first,
      |       ~~~~~~~~~~~~~~~~~~~~~~~~~~^~~~~
/var/www/chino/.venv-whisper/lib/python3.12/site-packages/torch/include/torch/csrc/autograd/variable.h:430:29: note: shadowed declaration is here
  430 |   std::unique_ptr<ViewFunc> first;
      |                             ^~~~~
/var/www/chino/.venv-whisper/lib/python3.12/site-packages/torch/include/torch/csrc/autograd/variable.h: In constructor ‘torch::autograd::ChainedViewFunc::ChainedViewFunc(std::unique_ptr<torch::autograd::ViewFunc>, std::unique_ptr<torch::autograd::ViewFunc>)’:
/var/www/chino/.venv-whisper/lib/python3.12/site-packages/torch/include/torch/csrc/autograd/variable.h:410:33: warning: declaration of ‘second’ shadows a member of ‘torch::autograd::ChainedViewFunc’ [-Wshadow]
  410 |       std::unique_ptr<ViewFunc> second)
      |       ~~~~~~~~~~~~~~~~~~~~~~~~~~^~~~~~
/var/www/chino/.venv-whisper/lib/python3.12/site-packages/torch/include/torch/csrc/autograd/variable.h:431:29: note: shadowed declaration is here
  431 |   std::unique_ptr<ViewFunc> second;
      |                             ^~~~~~
/var/www/chino/.venv-whisper/lib/python3.12/site-packages/torch/include/torch/csrc/autograd/variable.h:409:33: warning: declaration of ‘first’ shadows a member of ‘torch::autograd::ChainedViewFunc’ [-Wshadow]
  409 |       std::unique_ptr<ViewFunc> first,
      |       ~~~~~~~~~~~~~~~~~~~~~~~~~~^~~~~
/var/www/chino/.venv-whisper/lib/python3.12/site-packages/torch/include/torch/csrc/autograd/variable.h:430:29: note: shadowed declaration is here
  430 |   std::unique_ptr<ViewFunc> first;
      |                             ^~~~~
/var/www/chino/.venv-whisper/lib/python3.12/site-packages/torch/include/torch/csrc/autograd/variable.h: In constructor ‘torch::autograd::ChainedViewFunc::ChainedViewFunc(std::unique_ptr<torch::autograd::ViewFunc>, std::unique_ptr<torch::autograd::ViewFunc>)’:
/var/www/chino/.venv-whisper/lib/python3.12/site-packages/torch/include/torch/csrc/autograd/variable.h:410:33: warning: declaration of ‘second’ shadows a member of ‘torch::autograd::ChainedViewFunc’ [-Wshadow]
  410 |       std::unique_ptr<ViewFunc> second)
      |       ~~~~~~~~~~~~~~~~~~~~~~~~~~^~~~~~
/var/www/chino/.venv-whisper/lib/python3.12/site-packages/torch/include/torch/csrc/autograd/variable.h:431:29: note: shadowed declaration is here
  431 |   std::unique_ptr<ViewFunc> second;
      |                             ^~~~~~
/var/www/chino/.venv-whisper/lib/python3.12/site-packages/torch/include/torch/csrc/autograd/variable.h:409:33: warning: declaration of ‘first’ shadows a member of ‘torch::autograd::ChainedViewFunc’ [-Wshadow]
  409 |       std::unique_ptr<ViewFunc> first,
      |       ~~~~~~~~~~~~~~~~~~~~~~~~~~^~~~~
/var/www/chino/.venv-whisper/lib/python3.12/site-packages/torch/include/torch/csrc/autograd/variable.h:430:29: note: shadowed declaration is here
  430 |   std::unique_ptr<ViewFunc> first;
      |                             ^~~~~
/var/www/chino/.venv-whisper/lib/python3.12/site-packages/torch/include/torch/csrc/autograd/variable.h: In constructor ‘torch::autograd::ErroringViewFunc::ErroringViewFunc(std::string)’:
/var/www/chino/.venv-whisper/lib/python3.12/site-packages/torch/include/torch/csrc/autograd/variable.h:436:32: warning: declaration of ‘error_msg’ shadows a member of ‘torch::autograd::ErroringViewFunc’ [-Wshadow]
  436 |   ErroringViewFunc(std::string error_msg) : error_msg(std::move(error_msg)) {}
      |                    ~~~~~~~~~~~~^~~~~~~~~
/var/www/chino/.venv-whisper/lib/python3.12/site-packages/torch/include/torch/csrc/autograd/variable.h:449:15: note: shadowed declaration is here
  449 |   std::string error_msg;
      |               ^~~~~~~~~
/var/www/chino/.venv-whisper/lib/python3.12/site-packages/torch/include/torch/csrc/autograd/variable.h: In constructor ‘torch::autograd::ErroringViewFunc::ErroringViewFunc(std::string)’:
/var/www/chino/.venv-whisper/lib/python3.12/site-packages/torch/include/torch/csrc/autograd/variable.h:436:32: warning: declaration of ‘error_msg’ shadows a member of ‘torch::autograd::ErroringViewFunc’ [-Wshadow]
  436 |   ErroringViewFunc(std::string error_msg) : error_msg(std::move(error_msg)) {}
      |                    ~~~~~~~~~~~~^~~~~~~~~
/var/www/chino/.venv-whisper/lib/python3.12/site-packages/torch/include/torch/csrc/autograd/variable.h:449:15: note: shadowed declaration is here
  449 |   std::string error_msg;
      |               ^~~~~~~~~
/var/www/chino/.venv-whisper/lib/python3.12/site-packages/torch/include/torch/csrc/autograd/variable.h: In constructor ‘torch::autograd::ErroringViewFunc::ErroringViewFunc(std::string)’:
/var/www/chino/.venv-whisper/lib/python3.12/site-packages/torch/include/torch/csrc/autograd/variable.h:436:32: warning: declaration of ‘error_msg’ shadows a member of ‘torch::autograd::ErroringViewFunc’ [-Wshadow]
  436 |   ErroringViewFunc(std::string error_msg) : error_msg(std::move(error_msg)) {}
      |                    ~~~~~~~~~~~~^~~~~~~~~
/var/www/chino/.venv-whisper/lib/python3.12/site-packages/torch/include/torch/csrc/autograd/variable.h:449:15: note: shadowed declaration is here
  449 |   std::string error_msg;
      |               ^~~~~~~~~
In file included from /var/www/chino/.venv-whisper/lib/python3.12/site-packages/torch/include/ATen/core/function_schema.h:9,
                 from /var/www/chino/.venv-whisper/lib/python3.12/site-packages/torch/include/ATen/core/op_registration/infer_schema.h:9,
                 from /var/www/chino/.venv-whisper/lib/python3.12/site-packages/torch/include/torch/library.h:62,
                 from /var/www/chino/.venv-whisper/lib/python3.12/site-packages/torch/include/torch/csrc/api/include/torch/types.h:11:
/var/www/chino/.venv-whisper/lib/python3.12/site-packages/torch/include/ATen/core/alias_info.h: In member function ‘std::size_t std::hash<c10::AliasInfo>::operator()(const c10::AliasInfo&) const’:
/var/www/chino/.venv-whisper/lib/python3.12/site-packages/torch/include/ATen/core/alias_info.h:138:12: warning: declaration of ‘hash’ shadows a member of ‘std::hash<c10::AliasInfo>’ [-Wshadow]
  138 |       auto hash = std::hash<bool>()(aliasInfo.isWrite());
      |            ^~~~
/var/www/chino/.venv-whisper/lib/python3.12/site-packages/torch/include/ATen/core/alias_info.h:136:31: note: shadowed declaration is here
  136 |   struct hash<c10::AliasInfo> {
      |                               ^
In file included from /var/www/chino/.venv-whisper/lib/python3.12/site-packages/torch/include/ATen/core/function_schema.h:10:
/var/www/chino/.venv-whisper/lib/python3.12/site-packages/torch/include/ATen/core/operator_name.h: In constructor ‘c10::OperatorName::OperatorName(std::string, std::string)’:
/var/www/chino/.venv-whisper/lib/python3.12/site-packages/torch/include/ATen/core/operator_name.h:20:46: warning: declaration of ‘overload_name’ shadows a member of ‘c10::OperatorName’ [-Wshadow]
   20 |   OperatorName(std::string name, std::string overload_name)
      |                                  ~~~~~~~~~~~~^~~~~~~~~~~~~
/var/www/chino/.venv-whisper/lib/python3.12/site-packages/torch/include/ATen/core/operator_name.h:19:15: note: shadowed declaration is here
   19 |   std::string overload_name;
      |               ^~~~~~~~~~~~~
/var/www/chino/.venv-whisper/lib/python3.12/site-packages/torch/include/ATen/core/operator_name.h:20:28: warning: declaration of ‘name’ shadows a member of ‘c10::OperatorName’ [-Wshadow]
   20 |   OperatorName(std::string name, std::string overload_name)
      |                ~~~~~~~~~~~~^~~~
/var/www/chino/.venv-whisper/lib/python3.12/site-packages/torch/include/ATen/core/operator_name.h:18:15: note: shadowed declaration is here
   18 |   std::string name;
      |               ^~~~
/var/www/chino/.venv-whisper/lib/python3.12/site-packages/torch/include/ATen/core/operator_name.h: In constructor ‘c10::OperatorName::OperatorName(std::string, std::string)’:
/var/www/chino/.venv-whisper/lib/python3.12/site-packages/torch/include/ATen/core/operator_name.h:20:46: warning: declaration of ‘overload_name’ shadows a member of ‘c10::OperatorName’ [-Wshadow]
   20 |   OperatorName(std::string name, std::string overload_name)
      |                                  ~~~~~~~~~~~~^~~~~~~~~~~~~
/var/www/chino/.venv-whisper/lib/python3.12/site-packages/torch/include/ATen/core/operator_name.h:19:15: note: shadowed declaration is here
   19 |   std::string overload_name;
      |               ^~~~~~~~~~~~~
/var/www/chino/.venv-whisper/lib/python3.12/site-packages/torch/include/ATen/core/operator_name.h:20:28: warning: declaration of ‘name’ shadows a member of ‘c10::OperatorName’ [-Wshadow]
   20 |   OperatorName(std::string name, std::string overload_name)
      |                ~~~~~~~~~~~~^~~~
/var/www/chino/.venv-whisper/lib/python3.12/site-packages/torch/include/ATen/core/operator_name.h:18:15: note: shadowed declaration is here
   18 |   std::string name;
      |               ^~~~
/var/www/chino/.venv-whisper/lib/python3.12/site-packages/torch/include/ATen/core/operator_name.h: In constructor ‘c10::OperatorName::OperatorName(std::string, std::string)’:
/var/www/chino/.venv-whisper/lib/python3.12/site-packages/torch/include/ATen/core/operator_name.h:20:46: warning: declaration of ‘overload_name’ shadows a member of ‘c10::OperatorName’ [-Wshadow]
   20 |   OperatorName(std::string name, std::string overload_name)
      |                                  ~~~~~~~~~~~~^~~~~~~~~~~~~
/var/www/chino/.venv-whisper/lib/python3.12/site-packages/torch/include/ATen/core/operator_name.h:19:15: note: shadowed declaration is here
   19 |   std::string overload_name;
      |               ^~~~~~~~~~~~~
/var/www/chino/.venv-whisper/lib/python3.12/site-packages/torch/include/ATen/core/operator_name.h:20:28: warning: declaration of ‘name’ shadows a member of ‘c10::OperatorName’ [-Wshadow]
   20 |   OperatorName(std::string name, std::string overload_name)
      |                ~~~~~~~~~~~~^~~~
/var/www/chino/.venv-whisper/lib/python3.12/site-packages/torch/include/ATen/core/operator_name.h:18:15: note: shadowed declaration is here
   18 |   std::string name;
      |               ^~~~
/var/www/chino/.venv-whisper/lib/python3.12/site-packages/torch/include/ATen/core/operator_name.h: In constructor ‘constexpr c10::OperatorNameView::OperatorNameView(std::string_view, std::string_view)’:
/var/www/chino/.venv-whisper/lib/python3.12/site-packages/torch/include/ATen/core/operator_name.h:65:24: warning: declaration of ‘overload_name’ shadows a member of ‘c10::OperatorNameView’ [-Wshadow]
   65 |       std::string_view overload_name)
      |       ~~~~~~~~~~~~~~~~~^~~~~~~~~~~~~
/var/www/chino/.venv-whisper/lib/python3.12/site-packages/torch/include/ATen/core/operator_name.h:62:20: note: shadowed declaration is here
   62 |   std::string_view overload_name;
      |                    ^~~~~~~~~~~~~
/var/www/chino/.venv-whisper/lib/python3.12/site-packages/torch/include/ATen/core/operator_name.h:64:24: warning: declaration of ‘name’ shadows a member of ‘c10::OperatorNameView’ [-Wshadow]
   64 |       std::string_view name,
      |       ~~~~~~~~~~~~~~~~~^~~~
/var/www/chino/.venv-whisper/lib/python3.12/site-packages/torch/include/ATen/core/operator_name.h:61:20: note: shadowed declaration is here
   61 |   std::string_view name;
      |                    ^~~~
/var/www/chino/.venv-whisper/lib/python3.12/site-packages/torch/include/ATen/core/operator_name.h: In constructor ‘constexpr c10::OperatorNameView::OperatorNameView(std::string_view, std::string_view)’:
/var/www/chino/.venv-whisper/lib/python3.12/site-packages/torch/include/ATen/core/operator_name.h:65:24: warning: declaration of ‘overload_name’ shadows a member of ‘c10::OperatorNameView’ [-Wshadow]
   65 |       std::string_view overload_name)
      |       ~~~~~~~~~~~~~~~~~^~~~~~~~~~~~~
/var/www/chino/.venv-whisper/lib/python3.12/site-packages/torch/include/ATen/core/operator_name.h:62:20: note: shadowed declaration is here
   62 |   std::string_view overload_name;
      |                    ^~~~~~~~~~~~~
/var/www/chino/.venv-whisper/lib/python3.12/site-packages/torch/include/ATen/core/operator_name.h:64:24: warning: declaration of ‘name’ shadows a member of ‘c10::OperatorNameView’ [-Wshadow]
   64 |       std::string_view name,
      |       ~~~~~~~~~~~~~~~~~^~~~
/var/www/chino/.venv-whisper/lib/python3.12/site-packages/torch/include/ATen/core/operator_name.h:61:20: note: shadowed declaration is here
   61 |   std::string_view name;
      |                    ^~~~
/var/www/chino/.venv-whisper/lib/python3.12/site-packages/torch/include/ATen/core/operator_name.h: In constructor ‘constexpr c10::OperatorNameView::OperatorNameView(std::string_view, std::string_view)’:
/var/www/chino/.venv-whisper/lib/python3.12/site-packages/torch/include/ATen/core/operator_name.h:65:24: warning: declaration of ‘overload_name’ shadows a member of ‘c10::OperatorNameView’ [-Wshadow]
   65 |       std::string_view overload_name)
      |       ~~~~~~~~~~~~~~~~~^~~~~~~~~~~~~
/var/www/chino/.venv-whisper/lib/python3.12/site-packages/torch/include/ATen/core/operator_name.h:62:20: note: shadowed declaration is here
   62 |   std::string_view overload_name;
      |                    ^~~~~~~~~~~~~
/var/www/chino/.venv-whisper/lib/python3.12/site-packages/torch/include/ATen/core/operator_name.h:64:24: warning: declaration of ‘name’ shadows a member of ‘c10::OperatorNameView’ [-Wshadow]
   64 |       std::string_view name,
      |       ~~~~~~~~~~~~~~~~~^~~~
/var/www/chino/.venv-whisper/lib/python3.12/site-packages/torch/include/ATen/core/operator_name.h:61:20: note: shadowed declaration is here
   61 |   std::string_view name;
      |                    ^~~~
/var/www/chino/.venv-whisper/lib/python3.12/site-packages/torch/include/ATen/core/function_schema.h: In member function ‘std::size_t std::hash<c10::Argument>::operator()(const c10::Argument&) const’:
/var/www/chino/.venv-whisper/lib/python3.12/site-packages/torch/include/ATen/core/function_schema.h:649:12: warning: declaration of ‘hash’ shadows a member of ‘std::hash<c10::Argument>’ [-Wshadow]
  649 |       auto hash = std::hash<std::string>{}(arg.name());
      |            ^~~~
/var/www/chino/.venv-whisper/lib/python3.12/site-packages/torch/include/ATen/core/function_schema.h:646:30: note: shadowed declaration is here
  646 |   struct hash<c10::Argument> {
      |                              ^
/var/www/chino/.venv-whisper/lib/python3.12/site-packages/torch/include/ATen/core/function_schema.h: In member function ‘std::size_t std::hash<c10::FunctionSchema>::operator()(const c10::FunctionSchema&) const’:
/var/www/chino/.venv-whisper/lib/python3.12/site-packages/torch/include/ATen/core/function_schema.h:676:12: warning: declaration of ‘hash’ shadows a member of ‘std::hash<c10::FunctionSchema>’ [-Wshadow]
  676 |       auto hash = std::hash<c10::OperatorName>{}(schema.operator_name());
      |            ^~~~
/var/www/chino/.venv-whisper/lib/python3.12/site-packages/torch/include/ATen/core/function_schema.h:673:36: note: shadowed declaration is here
  673 |   struct hash<c10::FunctionSchema> {
      |                                    ^
/var/www/chino/.venv-whisper/lib/python3.12/site-packages/torch/include/ATen/core/op_registration/infer_schema.h: In constructor ‘constexpr c10::detail::infer_schema::ArgumentDef::ArgumentDef(c10::TypePtr (*)(), c10::TypePtr (*)())’:
/var/www/chino/.venv-whisper/lib/python3.12/site-packages/torch/include/ATen/core/op_registration/infer_schema.h:25:67: warning: declaration of ‘getFakeTypeFn’ shadows a member of ‘c10::detail::infer_schema::ArgumentDef’ [-Wshadow]
   25 |   explicit constexpr ArgumentDef(GetTypeFn *getTypeFn, GetTypeFn *getFakeTypeFn): getTypeFn(getTypeFn), getFakeTypeFn(getFakeTypeFn) {}
      |                                                        ~~~~~~~~~~~^~~~~~~~~~~~~
/var/www/chino/.venv-whisper/lib/python3.12/site-packages/torch/include/ATen/core/op_registration/infer_schema.h:23:14: note: shadowed declaration is here
   23 |   GetTypeFn* getFakeTypeFn;
      |              ^~~~~~~~~~~~~
/var/www/chino/.venv-whisper/lib/python3.12/site-packages/torch/include/ATen/core/op_registration/infer_schema.h:25:45: warning: declaration of ‘getTypeFn’ shadows a member of ‘c10::detail::infer_schema::ArgumentDef’ [-Wshadow]
   25 |   explicit constexpr ArgumentDef(GetTypeFn *getTypeFn, GetTypeFn *getFakeTypeFn): getTypeFn(getTypeFn), getFakeTypeFn(getFakeTypeFn) {}
      |                                  ~~~~~~~~~~~^~~~~~~~~
/var/www/chino/.venv-whisper/lib/python3.12/site-packages/torch/include/ATen/core/op_registration/infer_schema.h:22:14: note: shadowed declaration is here
   22 |   GetTypeFn* getTypeFn;
      |              ^~~~~~~~~
/var/www/chino/.venv-whisper/lib/python3.12/site-packages/torch/include/ATen/core/op_registration/infer_schema.h: In constructor ‘constexpr c10::detail::infer_schema::ArgumentDef::ArgumentDef(c10::TypePtr (*)(), c10::TypePtr (*)())’:
/var/www/chino/.venv-whisper/lib/python3.12/site-packages/torch/include/ATen/core/op_registration/infer_schema.h:25:67: warning: declaration of ‘getFakeTypeFn’ shadows a member of ‘c10::detail::infer_schema::ArgumentDef’ [-Wshadow]
   25 |   explicit constexpr ArgumentDef(GetTypeFn *getTypeFn, GetTypeFn *getFakeTypeFn): getTypeFn(getTypeFn), getFakeTypeFn(getFakeTypeFn) {}
      |                                                        ~~~~~~~~~~~^~~~~~~~~~~~~
/var/www/chino/.venv-whisper/lib/python3.12/site-packages/torch/include/ATen/core/op_registration/infer_schema.h:23:14: note: shadowed declaration is here
   23 |   GetTypeFn* getFakeTypeFn;
      |              ^~~~~~~~~~~~~
/var/www/chino/.venv-whisper/lib/python3.12/site-packages/torch/include/ATen/core/op_registration/infer_schema.h:25:45: warning: declaration of ‘getTypeFn’ shadows a member of ‘c10::detail::infer_schema::ArgumentDef’ [-Wshadow]
   25 |   explicit constexpr ArgumentDef(GetTypeFn *getTypeFn, GetTypeFn *getFakeTypeFn): getTypeFn(getTypeFn), getFakeTypeFn(getFakeTypeFn) {}
      |                                  ~~~~~~~~~~~^~~~~~~~~
/var/www/chino/.venv-whisper/lib/python3.12/site-packages/torch/include/ATen/core/op_registration/infer_schema.h:22:14: note: shadowed declaration is here
   22 |   GetTypeFn* getTypeFn;
      |              ^~~~~~~~~
/var/www/chino/.venv-whisper/lib/python3.12/site-packages/torch/include/ATen/core/op_registration/infer_schema.h: In constructor ‘constexpr c10::detail::infer_schema::ArgumentDef::ArgumentDef(c10::TypePtr (*)(), c10::TypePtr (*)())’:
/var/www/chino/.venv-whisper/lib/python3.12/site-packages/torch/include/ATen/core/op_registration/infer_schema.h:25:67: warning: declaration of ‘getFakeTypeFn’ shadows a member of ‘c10::detail::infer_schema::ArgumentDef’ [-Wshadow]
   25 |   explicit constexpr ArgumentDef(GetTypeFn *getTypeFn, GetTypeFn *getFakeTypeFn): getTypeFn(getTypeFn), getFakeTypeFn(getFakeTypeFn) {}
      |                                                        ~~~~~~~~~~~^~~~~~~~~~~~~
/var/www/chino/.venv-whisper/lib/python3.12/site-packages/torch/include/ATen/core/op_registration/infer_schema.h:23:14: note: shadowed declaration is here
   23 |   GetTypeFn* getFakeTypeFn;
      |              ^~~~~~~~~~~~~
/var/www/chino/.venv-whisper/lib/python3.12/site-packages/torch/include/ATen/core/op_registration/infer_schema.h:25:45: warning: declaration of ‘getTypeFn’ shadows a member of ‘c10::detail::infer_schema::ArgumentDef’ [-Wshadow]
   25 |   explicit constexpr ArgumentDef(GetTypeFn *getTypeFn, GetTypeFn *getFakeTypeFn): getTypeFn(getTypeFn), getFakeTypeFn(getFakeTypeFn) {}
      |                                  ~~~~~~~~~~~^~~~~~~~~
/var/www/chino/.venv-whisper/lib/python3.12/site-packages/torch/include/ATen/core/op_registration/infer_schema.h:22:14: note: shadowed declaration is here
   22 |   GetTypeFn* getTypeFn;
      |              ^~~~~~~~~
In file included from /var/www/chino/.venv-whisper/lib/python3.12/site-packages/torch/include/ATen/core/boxing/KernelFunction.h:6,
                 from /var/www/chino/.venv-whisper/lib/python3.12/site-packages/torch/include/ATen/core/dispatch/Dispatcher.h:5,
                 from /var/www/chino/.venv-whisper/lib/python3.12/site-packages/torch/include/torch/library.h:64:
/var/www/chino/.venv-whisper/lib/python3.12/site-packages/torch/include/ATen/core/stack.h: In function ‘c10::IValue& torch::jit::peek(Stack&, size_t, size_t)’:
/var/www/chino/.venv-whisper/lib/python3.12/site-packages/torch/include/ATen/core/stack.h:71:26: warning: conversion to ‘__gnu_cxx::__normal_iterator<c10::IValue*, std::vector<c10::IValue> >::difference_type’ {aka ‘long int’} from ‘size_t’ {aka ‘long unsigned int’} may change the sign of the result [-Wsign-conversion]
   71 |   return *(stack.end() - N + i);
      |                          ^
/var/www/chino/.venv-whisper/lib/python3.12/site-packages/torch/include/ATen/core/stack.h:71:30: warning: conversion to ‘__gnu_cxx::__normal_iterator<c10::IValue*, std::vector<c10::IValue> >::difference_type’ {aka ‘long int’} from ‘size_t’ {aka ‘long unsigned int’} may change the sign of the result [-Wsign-conversion]
   71 |   return *(stack.end() - N + i);
      |                              ^
/var/www/chino/.venv-whisper/lib/python3.12/site-packages/torch/include/ATen/core/stack.h: In function ‘const c10::IValue& torch::jit::peek(const Stack&, size_t, size_t)’:
/var/www/chino/.venv-whisper/lib/python3.12/site-packages/torch/include/ATen/core/stack.h:78:26: warning: conversion to ‘__gnu_cxx::__normal_iterator<const c10::IValue*, std::vector<c10::IValue> >::difference_type’ {aka ‘long int’} from ‘size_t’ {aka ‘long unsigned int’} may change the sign of the result [-Wsign-conversion]
   78 |   return *(stack.end() - N + i);
      |                          ^
/var/www/chino/.venv-whisper/lib/python3.12/site-packages/torch/include/ATen/core/stack.h:78:30: warning: conversion to ‘__gnu_cxx::__normal_iterator<const c10::IValue*, std::vector<c10::IValue> >::difference_type’ {aka ‘long int’} from ‘size_t’ {aka ‘long unsigned int’} may change the sign of the result [-Wsign-conversion]
   78 |   return *(stack.end() - N + i);
      |                              ^
/var/www/chino/.venv-whisper/lib/python3.12/site-packages/torch/include/ATen/core/stack.h: In function ‘void torch::jit::drop(Stack&, size_t)’:
/var/www/chino/.venv-whisper/lib/python3.12/site-packages/torch/include/ATen/core/stack.h:100:29: warning: conversion to ‘__gnu_cxx::__normal_iterator<c10::IValue*, std::vector<c10::IValue> >::difference_type’ {aka ‘long int’} from ‘size_t’ {aka ‘long unsigned int’} may change the sign of the result [-Wsign-conversion]
  100 |   stack.erase(stack.end() - n, stack.end());
      |                             ^
In file included from /var/www/chino/.venv-whisper/lib/python3.12/site-packages/torch/include/ATen/core/boxing/KernelFunction_impl.h:4,
                 from /var/www/chino/.venv-whisper/lib/python3.12/site-packages/torch/include/ATen/core/boxing/KernelFunction.h:342:
/var/www/chino/.venv-whisper/lib/python3.12/site-packages/torch/include/ATen/core/boxing/impl/boxing.h: In static member function ‘static c10::impl::PopResult<std::tuple<_UTypes ...> >::Result c10::impl::PopResult<std::tuple<_UTypes ...> >::call(c10::Stack&)’:
/var/www/chino/.venv-whisper/lib/python3.12/site-packages/torch/include/ATen/core/boxing/impl/boxing.h:179:70: warning: conversion to ‘long unsigned int’ from ‘int’ may change the sign of the result [-Wsign-conversion]
  179 |     return pop_to_tuple_impl(stack, std::make_index_sequence<RetCount>());
      |                                                                      ^
In file included from /var/www/chino/.venv-whisper/lib/python3.12/site-packages/torch/include/ATen/core/dispatch/DispatchKeyExtractor.h:9,
                 from /var/www/chino/.venv-whisper/lib/python3.12/site-packages/torch/include/ATen/core/dispatch/OperatorEntry.h:5,
                 from /var/www/chino/.venv-whisper/lib/python3.12/site-packages/torch/include/ATen/core/dispatch/Dispatcher.h:8:
/var/www/chino/.venv-whisper/lib/python3.12/site-packages/torch/include/c10/util/Bitset.h: In member function ‘size_t c10::utils::bitset::find_first_set() const’:
/var/www/chino/.venv-whisper/lib/python3.12/site-packages/torch/include/c10/util/Bitset.h:104:27: warning: conversion to ‘size_t’ {aka ‘long unsigned int’} from ‘int’ may change the sign of the result [-Wsign-conversion]
  104 |     return __builtin_ffsll(bitset_);
      |            ~~~~~~~~~~~~~~~^~~~~~~~~
In file included from /var/www/chino/.venv-whisper/lib/python3.12/site-packages/torch/include/ATen/core/dispatch/OperatorEntry.h:12:
/var/www/chino/.venv-whisper/lib/python3.12/site-packages/torch/include/c10/util/flat_hash_map.h: In constructor ‘ska::detailv3::functor_storage<Result, Result (*)(Args ...)>::functor_storage(function_ptr)’:
/var/www/chino/.venv-whisper/lib/python3.12/site-packages/torch/include/c10/util/flat_hash_map.h:70:32: warning: declaration of ‘function’ shadows a member of ‘ska::detailv3::functor_storage<Result, Result (*)(Args ...)>’ [-Wshadow]
   70 |   functor_storage(function_ptr function) : function(function) {}
      |                   ~~~~~~~~~~~~~^~~~~~~~
/var/www/chino/.venv-whisper/lib/python3.12/site-packages/torch/include/c10/util/flat_hash_map.h:69:16: note: shadowed declaration is here
   69 |   function_ptr function;
      |                ^~~~~~~~
/var/www/chino/.venv-whisper/lib/python3.12/site-packages/torch/include/c10/util/flat_hash_map.h: In constructor ‘ska::detailv3::sherwood_v3_entry<T>::sherwood_v3_entry(int8_t)’:
/var/www/chino/.venv-whisper/lib/python3.12/site-packages/torch/include/c10/util/flat_hash_map.h:149:28: warning: declaration of ‘distance_from_desired’ shadows a member of ‘ska::detailv3::sherwood_v3_entry<T>’ [-Wshadow]
  149 |   sherwood_v3_entry(int8_t distance_from_desired)
      |                     ~~~~~~~^~~~~~~~~~~~~~~~~~~~~
/var/www/chino/.venv-whisper/lib/python3.12/site-packages/torch/include/c10/util/flat_hash_map.h:173:10: note: shadowed declaration is here
  173 |   int8_t distance_from_desired = -1;
      |          ^~~~~~~~~~~~~~~~~~~~~
/var/www/chino/.venv-whisper/lib/python3.12/site-packages/torch/include/c10/util/flat_hash_map.h: In constructor ‘ska::detailv3::sherwood_v3_table<T, FindKey, ArgumentHash, DetailHasher, ArgumentEqual, Equal, ArgumentAlloc, EntryAlloc>::templated_iterator<ValueType>::templated_iterator(ska::detailv3::sherwood_v3_table<T, FindKey, ArgumentHash, DetailHasher, ArgumentEqual, Equal, ArgumentAlloc, EntryAlloc>::EntryPointer)’:
/var/www/chino/.venv-whisper/lib/python3.12/site-packages/torch/include/c10/util/flat_hash_map.h:437:37: warning: declaration of ‘current’ shadows a member of ‘ska::detailv3::sherwood_v3_table<T, FindKey, ArgumentHash, DetailHasher, ArgumentEqual, Equal, ArgumentAlloc, EntryAlloc>::templated_iterator<ValueType>’ [-Wshadow]
  437 |     templated_iterator(EntryPointer current) : current(current) {}
      |                        ~~~~~~~~~~~~~^~~~~~~
/var/www/chino/.venv-whisper/lib/python3.12/site-packages/torch/include/c10/util/flat_hash_map.h:438:18: note: shadowed declaration is here
  438 |     EntryPointer current = EntryPointer();
      |                  ^~~~~~~
/var/www/chino/.venv-whisper/lib/python3.12/site-packages/torch/include/ATen/core/dispatch/OperatorEntry.h: In member function ‘const c10::KernelFunction& c10::impl::OperatorEntry::lookup(c10::DispatchKeySet) const’:
/var/www/chino/.venv-whisper/lib/python3.12/site-packages/torch/include/ATen/core/dispatch/OperatorEntry.h:188:41: warning: conversion to ‘std::array<c10::KernelFunction, 138>::size_type’ {aka ‘long unsigned int’} from ‘int’ may change the sign of the result [-Wsign-conversion]
  188 |     const auto& kernel = dispatchTable_[idx];
      |                                         ^~~
In file included from /var/www/chino/.venv-whisper/lib/python3.12/site-packages/torch/include/ATen/core/dispatch/Dispatcher.h:10:
/var/www/chino/.venv-whisper/lib/python3.12/site-packages/torch/include/ATen/record_function.h: In constructor ‘at::RecordFunctionCallback::RecordFunctionCallback(StartCallback, EndCallback)’:
/var/www/chino/.venv-whisper/lib/python3.12/site-packages/torch/include/ATen/record_function.h:140:19: warning: declaration of ‘end’ shadows a member of ‘at::RecordFunctionCallback’ [-Wshadow]
  140 |       EndCallback end = nullptr)
      |       ~~~~~~~~~~~~^~~~~~~~~~~~~
/var/www/chino/.venv-whisper/lib/python3.12/site-packages/torch/include/ATen/record_function.h:205:15: note: shadowed declaration is here
  205 |   EndCallback end() const {
      |               ^~~
/var/www/chino/.venv-whisper/lib/python3.12/site-packages/torch/include/ATen/record_function.h:139:21: warning: declaration of ‘start’ shadows a member of ‘at::RecordFunctionCallback’ [-Wshadow]
  139 |       StartCallback start,
      |       ~~~~~~~~~~~~~~^~~~~
/var/www/chino/.venv-whisper/lib/python3.12/site-packages/torch/include/ATen/record_function.h:201:17: note: shadowed declaration is here
  201 |   StartCallback start() const {
      |                 ^~~~~
/var/www/chino/.venv-whisper/lib/python3.12/site-packages/torch/include/ATen/record_function.h: In constructor ‘at::RecordFunctionCallback::RecordFunctionCallback(StartCallback, EndCallback)’:
/var/www/chino/.venv-whisper/lib/python3.12/site-packages/torch/include/ATen/record_function.h:140:19: warning: declaration of ‘end’ shadows a member of ‘at::RecordFunctionCallback’ [-Wshadow]
  140 |       EndCallback end = nullptr)
      |       ~~~~~~~~~~~~^~~~~~~~~~~~~
/var/www/chino/.venv-whisper/lib/python3.12/site-packages/torch/include/ATen/record_function.h:205:15: note: shadowed declaration is here
  205 |   EndCallback end() const {
      |               ^~~
/var/www/chino/.venv-whisper/lib/python3.12/site-packages/torch/include/ATen/record_function.h:139:21: warning: declaration of ‘start’ shadows a member of ‘at::RecordFunctionCallback’ [-Wshadow]
  139 |       StartCallback start,
      |       ~~~~~~~~~~~~~~^~~~~
/var/www/chino/.venv-whisper/lib/python3.12/site-packages/torch/include/ATen/record_function.h:201:17: note: shadowed declaration is here
  201 |   StartCallback start() const {
      |                 ^~~~~
/var/www/chino/.venv-whisper/lib/python3.12/site-packages/torch/include/ATen/record_function.h: In constructor ‘at::RecordFunctionCallback::RecordFunctionCallback(StartCallback, EndCallback)’:
/var/www/chino/.venv-whisper/lib/python3.12/site-packages/torch/include/ATen/record_function.h:140:19: warning: declaration of ‘end’ shadows a member of ‘at::RecordFunctionCallback’ [-Wshadow]
  140 |       EndCallback end = nullptr)
      |       ~~~~~~~~~~~~^~~~~~~~~~~~~
/var/www/chino/.venv-whisper/lib/python3.12/site-packages/torch/include/ATen/record_function.h:205:15: note: shadowed declaration is here
  205 |   EndCallback end() const {
      |               ^~~
/var/www/chino/.venv-whisper/lib/python3.12/site-packages/torch/include/ATen/record_function.h:139:21: warning: declaration of ‘start’ shadows a member of ‘at::RecordFunctionCallback’ [-Wshadow]
  139 |       StartCallback start,
      |       ~~~~~~~~~~~~~~^~~~~
/var/www/chino/.venv-whisper/lib/python3.12/site-packages/torch/include/ATen/record_function.h:201:17: note: shadowed declaration is here
  201 |   StartCallback start() const {
      |                 ^~~~~
/var/www/chino/.venv-whisper/lib/python3.12/site-packages/torch/include/ATen/core/dispatch/Dispatcher.h: In member function ‘bool c10::Dispatcher::hasBackendFallbackForDispatchKey(c10::DispatchKey)’:
/var/www/chino/.venv-whisper/lib/python3.12/site-packages/torch/include/ATen/core/dispatch/Dispatcher.h:223:36: warning: conversion to ‘std::array<c10::impl::AnnotatedKernel, 138>::size_type’ {aka ‘long unsigned int’} from ‘int’ may change the sign of the result [-Wsign-conversion]
  223 |     return backendFallbackKernels_[dispatch_ix].kernel.isValid();
      |                                    ^~~~~~~~~~~
/var/www/chino/.venv-whisper/lib/python3.12/site-packages/torch/include/ATen/core/dispatch/Dispatcher.h: In lambda function:
/var/www/chino/.venv-whisper/lib/python3.12/site-packages/torch/include/ATen/core/dispatch/Dispatcher.h:916:38: warning: conversion to ‘std::array<c10::impl::AnnotatedKernel, 138>::size_type’ {aka ‘long unsigned int’} from ‘int’ may change the sign of the result [-Wsign-conversion]
  916 |       return backendFallbackKernels_[idx].kernel;
      |                                      ^~~
In file included from /var/www/chino/.venv-whisper/lib/python3.12/site-packages/torch/include/torch/custom_class.h:14,
                 from /var/www/chino/.venv-whisper/lib/python3.12/site-packages/torch/include/torch/library.h:1109:
/var/www/chino/.venv-whisper/lib/python3.12/site-packages/torch/include/torch/custom_class_detail.h: In constructor ‘torch::detail::WrapMethod<R (CurrClass::*)(Args ...)>::WrapMethod(R (CurrClass::*)(Args ...))’:
/var/www/chino/.venv-whisper/lib/python3.12/site-packages/torch/include/torch/custom_class_detail.h:83:14: warning: declaration of ‘m’ shadows a member of ‘torch::detail::WrapMethod<R (CurrClass::*)(Args ...)>’ [-Wshadow]
   83 |   WrapMethod(R (CurrClass::*m)(Args...)) : m(std::move(m)) {}
      |              ^~~~~~~~~~~~~~~~~~~~~~~~~~
/var/www/chino/.venv-whisper/lib/python3.12/site-packages/torch/include/torch/custom_class_detail.h:89:18: note: shadowed declaration is here
   89 |   R (CurrClass::*m)(Args...);
      |                  ^
/var/www/chino/.venv-whisper/lib/python3.12/site-packages/torch/include/torch/custom_class_detail.h: In constructor ‘torch::detail::WrapMethod<R (CurrClass::*)(Args ...) const>::WrapMethod(R (CurrClass::*)(Args ...) const)’:
/var/www/chino/.venv-whisper/lib/python3.12/site-packages/torch/include/torch/custom_class_detail.h:94:14: warning: declaration of ‘m’ shadows a member of ‘torch::detail::WrapMethod<R (CurrClass::*)(Args ...) const>’ [-Wshadow]
   94 |   WrapMethod(R (CurrClass::*m)(Args...) const) : m(std::move(m)) {}
      |              ^~~~~~~~~~~~~~~~~~~~~~~~~~~~~~~~
/var/www/chino/.venv-whisper/lib/python3.12/site-packages/torch/include/torch/custom_class_detail.h:100:18: note: shadowed declaration is here
  100 |   R (CurrClass::*m)(Args...) const;
      |                  ^
/var/www/chino/.venv-whisper/lib/python3.12/site-packages/torch/include/torch/custom_class_detail.h: At global scope:
/var/www/chino/.venv-whisper/lib/python3.12/site-packages/torch/include/torch/custom_class_detail.h:232:16: warning: redundant redeclaration of ‘bool torch::isCustomClass(const c10::IValue&)’ in same scope [-Wredundant-decls]
  232 | TORCH_API bool isCustomClass(const c10::IValue& v);
      |                ^~~~~~~~~~~~~
/var/www/chino/.venv-whisper/lib/python3.12/site-packages/torch/include/ATen/core/ivalue_inl.h:40:16: note: previous declaration of ‘bool torch::isCustomClass(const c10::IValue&)’
   40 | TORCH_API bool isCustomClass(const c10::IValue& v);
      |                ^~~~~~~~~~~~~
In file included from /var/www/chino/.venv-whisper/lib/python3.12/site-packages/torch/include/torch/csrc/autograd/function.h:12,
                 from /var/www/chino/.venv-whisper/lib/python3.12/site-packages/torch/include/torch/csrc/autograd/custom_function.h:8,
                 from /var/www/chino/.venv-whisper/lib/python3.12/site-packages/torch/include/torch/script.h:6:
/var/www/chino/.venv-whisper/lib/python3.12/site-packages/torch/include/torch/csrc/utils/variadic.h: In member function ‘void torch::CountTensors::operator()(const at::Tensor&)’:
/var/www/chino/.venv-whisper/lib/python3.12/site-packages/torch/include/torch/csrc/utils/variadic.h:17:37: warning: unused parameter ‘x’ [-Wunused-parameter]
   17 |   void operator()(const at::Tensor& x) {
      |                   ~~~~~~~~~~~~~~~~~~^
/var/www/chino/.venv-whisper/lib/python3.12/site-packages/torch/include/torch/csrc/utils/variadic.h: In member function ‘void torch::CountVariables::operator()(const torch::autograd::Variable&)’:
/var/www/chino/.venv-whisper/lib/python3.12/site-packages/torch/include/torch/csrc/utils/variadic.h:35:45: warning: unused parameter ‘x’ [-Wunused-parameter]
   35 |   void operator()(const autograd::Variable& x) {
      |                   ~~~~~~~~~~~~~~~~~~~~~~~~~~^
/var/www/chino/.venv-whisper/lib/python3.12/site-packages/torch/include/torch/csrc/autograd/function.h: In member function ‘uint32_t torch::autograd::Node::add_input_metadata(undefined_input)’:
/var/www/chino/.venv-whisper/lib/python3.12/site-packages/torch/include/torch/csrc/autograd/function.h:220:47: warning: unused parameter ‘u’ [-Wunused-parameter]
  220 |   uint32_t add_input_metadata(undefined_input u) noexcept {
      |                               ~~~~~~~~~~~~~~~~^
/var/www/chino/.venv-whisper/lib/python3.12/site-packages/torch/include/torch/csrc/autograd/function.h: In member function ‘virtual void torch::autograd::Node::compiled_args(torch::dynamo::autograd::CompiledNodeArgs&) const’:
/var/www/chino/.venv-whisper/lib/python3.12/site-packages/torch/include/torch/csrc/autograd/function.h:598:48: warning: unused parameter ‘args’ [-Wunused-parameter]
  598 |   virtual void compiled_args(CompiledNodeArgs& args) const {
      |                              ~~~~~~~~~~~~~~~~~~^~~~
/var/www/chino/.venv-whisper/lib/python3.12/site-packages/torch/include/torch/csrc/autograd/function.h: In member function ‘virtual torch::autograd::variable_list torch::autograd::Node::apply_with_saved(const torch::autograd::variable_list&, torch::dynamo::autograd::SwapSavedVariables&)’:
/var/www/chino/.venv-whisper/lib/python3.12/site-packages/torch/include/torch/csrc/autograd/function.h:607:28: warning: unused parameter ‘inputs’ [-Wunused-parameter]
  607 |       const variable_list& inputs,
      |       ~~~~~~~~~~~~~~~~~~~~~^~~~~~
/var/www/chino/.venv-whisper/lib/python3.12/site-packages/torch/include/torch/csrc/autograd/function.h:608:27: warning: unused parameter ‘saved’ [-Wunused-parameter]
  608 |       SwapSavedVariables& saved) {
      |       ~~~~~~~~~~~~~~~~~~~~^~~~~
In file included from /var/www/chino/.venv-whisper/lib/python3.12/site-packages/torch/include/torch/csrc/autograd/custom_function.h:11:
/var/www/chino/.venv-whisper/lib/python3.12/site-packages/torch/include/torch/csrc/dynamo/compiled_autograd.h: In member function ‘virtual std::string torch::dynamo::autograd::PyCompilerInterface::bind_function(PyObject*, const std::string&, torch::autograd::functional_apply_t, std::vector<c10::Type::SingletonOrSharedTypePtr<c10::Type> >, bool, bool) const’:
/var/www/chino/.venv-whisper/lib/python3.12/site-packages/torch/include/torch/csrc/dynamo/compiled_autograd.h:36:17: warning: unused parameter ‘py_compiler’ [-Wunused-parameter]
   36 |       PyObject* py_compiler,
      |       ~~~~~~~~~~^~~~~~~~~~~
/var/www/chino/.venv-whisper/lib/python3.12/site-packages/torch/include/torch/csrc/dynamo/compiled_autograd.h:37:26: warning: unused parameter ‘fn_name’ [-Wunused-parameter]
   37 |       const std::string& fn_name,
      |       ~~~~~~~~~~~~~~~~~~~^~~~~~~
/var/www/chino/.venv-whisper/lib/python3.12/site-packages/torch/include/torch/csrc/dynamo/compiled_autograd.h:39:26: warning: unused parameter ‘fn’ [-Wunused-parameter]
   39 |       functional_apply_t fn,
      |       ~~~~~~~~~~~~~~~~~~~^~
/var/www/chino/.venv-whisper/lib/python3.12/site-packages/torch/include/torch/csrc/dynamo/compiled_autograd.h:41:32: warning: unused parameter ‘packed_args_schema’ [-Wunused-parameter]
   41 |       std::vector<at::TypePtr> packed_args_schema,
      |       ~~~~~~~~~~~~~~~~~~~~~~~~~^~~~~~~~~~~~~~~~~~
/var/www/chino/.venv-whisper/lib/python3.12/site-packages/torch/include/torch/csrc/dynamo/compiled_autograd.h:42:12: warning: unused parameter ‘is_custom_function’ [-Wunused-parameter]
   42 |       bool is_custom_function = false,
      |       ~~~~~^~~~~~~~~~~~~~~~~~~~~~~~~~
/var/www/chino/.venv-whisper/lib/python3.12/site-packages/torch/include/torch/csrc/dynamo/compiled_autograd.h:43:12: warning: unused parameter ‘is_traceable’ [-Wunused-parameter]
   43 |       bool is_traceable = true) const {
      |       ~~~~~^~~~~~~~~~~~~~~~~~~
/var/www/chino/.venv-whisper/lib/python3.12/site-packages/torch/include/torch/csrc/dynamo/compiled_autograd.h: In member function ‘virtual torch::autograd::variable_list torch::dynamo::autograd::PyCompilerInterface::call_function(PyObject*, const char*, const std::string&, const torch::autograd::variable_list&, const torch::autograd::ivalue_list&, const c10::IValue&) const’:
/var/www/chino/.venv-whisper/lib/python3.12/site-packages/torch/include/torch/csrc/dynamo/compiled_autograd.h:50:17: warning: unused parameter ‘py_compiler’ [-Wunused-parameter]
   50 |       PyObject* py_compiler,
      |       ~~~~~~~~~~^~~~~~~~~~~
/var/www/chino/.venv-whisper/lib/python3.12/site-packages/torch/include/torch/csrc/dynamo/compiled_autograd.h:51:19: warning: unused parameter ‘method_name’ [-Wunused-parameter]
   51 |       const char* method_name,
      |       ~~~~~~~~~~~~^~~~~~~~~~~
/var/www/chino/.venv-whisper/lib/python3.12/site-packages/torch/include/torch/csrc/dynamo/compiled_autograd.h:52:26: warning: unused parameter ‘fn_name’ [-Wunused-parameter]
   52 |       const std::string& fn_name,
      |       ~~~~~~~~~~~~~~~~~~~^~~~~~~
/var/www/chino/.venv-whisper/lib/python3.12/site-packages/torch/include/torch/csrc/dynamo/compiled_autograd.h:53:28: warning: unused parameter ‘inputs’ [-Wunused-parameter]
   53 |       const variable_list& inputs,
      |       ~~~~~~~~~~~~~~~~~~~~~^~~~~~
/var/www/chino/.venv-whisper/lib/python3.12/site-packages/torch/include/torch/csrc/dynamo/compiled_autograd.h:54:26: warning: unused parameter ‘packed_args’ [-Wunused-parameter]
   54 |       const ivalue_list& packed_args,
      |       ~~~~~~~~~~~~~~~~~~~^~~~~~~~~~~
/var/www/chino/.venv-whisper/lib/python3.12/site-packages/torch/include/torch/csrc/dynamo/compiled_autograd.h:55:26: warning: unused parameter ‘output_metadata’ [-Wunused-parameter]
   55 |       const c10::IValue& output_metadata) const {
      |       ~~~~~~~~~~~~~~~~~~~^~~~~~~~~~~~~~~
/var/www/chino/.venv-whisper/lib/python3.12/site-packages/torch/include/torch/csrc/dynamo/compiled_autograd.h: In member function ‘virtual torch::autograd::variable_list torch::dynamo::autograd::PyCompilerInterface::call_copy_slices_prologue(PyObject*, const torch::autograd::variable_list&, const at::TensorGeometry&, const at::TensorGeometry&) const’:
/var/www/chino/.venv-whisper/lib/python3.12/site-packages/torch/include/torch/csrc/dynamo/compiled_autograd.h:59:17: warning: unused parameter ‘py_compiler’ [-Wunused-parameter]
   59 |       PyObject* py_compiler,
      |       ~~~~~~~~~~^~~~~~~~~~~
/var/www/chino/.venv-whisper/lib/python3.12/site-packages/torch/include/torch/csrc/dynamo/compiled_autograd.h:60:28: warning: unused parameter ‘inputs’ [-Wunused-parameter]
   60 |       const variable_list& inputs,
      |       ~~~~~~~~~~~~~~~~~~~~~^~~~~~
/var/www/chino/.venv-whisper/lib/python3.12/site-packages/torch/include/torch/csrc/dynamo/compiled_autograd.h:61:33: warning: unused parameter ‘base’ [-Wunused-parameter]
   61 |       const at::TensorGeometry& base,
      |       ~~~~~~~~~~~~~~~~~~~~~~~~~~^~~~
/var/www/chino/.venv-whisper/lib/python3.12/site-packages/torch/include/torch/csrc/dynamo/compiled_autograd.h:62:33: warning: unused parameter ‘view’ [-Wunused-parameter]
   62 |       const at::TensorGeometry& view) const {
      |       ~~~~~~~~~~~~~~~~~~~~~~~~~~^~~~
/var/www/chino/.venv-whisper/lib/python3.12/site-packages/torch/include/torch/csrc/dynamo/compiled_autograd.h: In member function ‘virtual torch::autograd::variable_list torch::dynamo::autograd::PyCompilerInterface::call_copy_slices_epilogue(PyObject*, const std::vector<bool>&, const at::Tensor&, const torch::autograd::variable_list&, const at::Tensor&) const’:
/var/www/chino/.venv-whisper/lib/python3.12/site-packages/torch/include/torch/csrc/dynamo/compiled_autograd.h:66:17: warning: unused parameter ‘py_compiler’ [-Wunused-parameter]
   66 |       PyObject* py_compiler,
      |       ~~~~~~~~~~^~~~~~~~~~~
/var/www/chino/.venv-whisper/lib/python3.12/site-packages/torch/include/torch/csrc/dynamo/compiled_autograd.h:67:32: warning: unused parameter ‘needs_input_grad’ [-Wunused-parameter]
   67 |       const std::vector<bool>& needs_input_grad,
      |       ~~~~~~~~~~~~~~~~~~~~~~~~~^~~~~~~~~~~~~~~~
/var/www/chino/.venv-whisper/lib/python3.12/site-packages/torch/include/torch/csrc/dynamo/compiled_autograd.h:68:25: warning: unused parameter ‘result’ [-Wunused-parameter]
   68 |       const at::Tensor& result,
      |       ~~~~~~~~~~~~~~~~~~^~~~~~
/var/www/chino/.venv-whisper/lib/python3.12/site-packages/torch/include/torch/csrc/dynamo/compiled_autograd.h:69:28: warning: unused parameter ‘res’ [-Wunused-parameter]
   69 |       const variable_list& res,
      |       ~~~~~~~~~~~~~~~~~~~~~^~~
/var/www/chino/.venv-whisper/lib/python3.12/site-packages/torch/include/torch/csrc/dynamo/compiled_autograd.h:70:25: warning: unused parameter ‘grad_slice’ [-Wunused-parameter]
   70 |       const at::Tensor& grad_slice) const {
      |       ~~~~~~~~~~~~~~~~~~^~~~~~~~~~
/var/www/chino/.venv-whisper/lib/python3.12/site-packages/torch/include/torch/csrc/dynamo/compiled_autograd.h: In member function ‘virtual at::Tensor torch::dynamo::autograd::PyCompilerInterface::call_unpack(PyObject*, std::optional<long unsigned int>, size_t) const’:
/var/www/chino/.venv-whisper/lib/python3.12/site-packages/torch/include/torch/csrc/dynamo/compiled_autograd.h:74:17: warning: unused parameter ‘py_compiler’ [-Wunused-parameter]
   74 |       PyObject* py_compiler,
      |       ~~~~~~~~~~^~~~~~~~~~~
/var/www/chino/.venv-whisper/lib/python3.12/site-packages/torch/include/torch/csrc/dynamo/compiled_autograd.h:75:29: warning: unused parameter ‘hook_id’ [-Wunused-parameter]
   75 |       std::optional<size_t> hook_id,
      |       ~~~~~~~~~~~~~~~~~~~~~~^~~~~~~
/var/www/chino/.venv-whisper/lib/python3.12/site-packages/torch/include/torch/csrc/dynamo/compiled_autograd.h:76:14: warning: unused parameter ‘hook_input_id’ [-Wunused-parameter]
   76 |       size_t hook_input_id) const {
      |       ~~~~~~~^~~~~~~~~~~~~
/var/www/chino/.venv-whisper/lib/python3.12/site-packages/torch/include/torch/csrc/dynamo/compiled_autograd.h: In member function ‘virtual void torch::dynamo::autograd::PyCompilerInterface::call_accumulate_grad(PyObject*, const at::Tensor&, const at::Tensor&, bool) const’:
/var/www/chino/.venv-whisper/lib/python3.12/site-packages/torch/include/torch/csrc/dynamo/compiled_autograd.h:80:17: warning: unused parameter ‘py_compiler’ [-Wunused-parameter]
   80 |       PyObject* py_compiler,
      |       ~~~~~~~~~~^~~~~~~~~~~
/var/www/chino/.venv-whisper/lib/python3.12/site-packages/torch/include/torch/csrc/dynamo/compiled_autograd.h:81:25: warning: unused parameter ‘variable’ [-Wunused-parameter]
   81 |       const at::Tensor& variable,
      |       ~~~~~~~~~~~~~~~~~~^~~~~~~~
/var/www/chino/.venv-whisper/lib/python3.12/site-packages/torch/include/torch/csrc/dynamo/compiled_autograd.h:82:25: warning: unused parameter ‘grad’ [-Wunused-parameter]
   82 |       const at::Tensor& grad,
      |       ~~~~~~~~~~~~~~~~~~^~~~
/var/www/chino/.venv-whisper/lib/python3.12/site-packages/torch/include/torch/csrc/dynamo/compiled_autograd.h:83:12: warning: unused parameter ‘has_post_hooks’ [-Wunused-parameter]
   83 |       bool has_post_hooks) const {
      |       ~~~~~^~~~~~~~~~~~~~
/var/www/chino/.venv-whisper/lib/python3.12/site-packages/torch/include/torch/csrc/dynamo/compiled_autograd.h: In constructor ‘torch::dynamo::autograd::CacheKey::CacheKey(const std::type_index&, const uint8_t*, uint16_t)’:
/var/www/chino/.venv-whisper/lib/python3.12/site-packages/torch/include/torch/csrc/dynamo/compiled_autograd.h:130:57: warning: declaration of ‘key’ shadows a member of ‘torch::dynamo::autograd::CacheKey’ [-Wshadow]
  130 |   CacheKey(const std::type_index& ntype, const uint8_t* key, uint16_t len)
      |                                          ~~~~~~~~~~~~~~~^~~
/var/www/chino/.venv-whisper/lib/python3.12/site-packages/torch/include/torch/csrc/dynamo/compiled_autograd.h:155:18: note: shadowed declaration is here
  155 |   const uint8_t* key;
      |                  ^~~
/var/www/chino/.venv-whisper/lib/python3.12/site-packages/torch/include/torch/csrc/dynamo/compiled_autograd.h: In constructor ‘torch::dynamo::autograd::CacheKey::CacheKey(const std::type_index&, const uint8_t*, uint16_t)’:
/var/www/chino/.venv-whisper/lib/python3.12/site-packages/torch/include/torch/csrc/dynamo/compiled_autograd.h:130:57: warning: declaration of ‘key’ shadows a member of ‘torch::dynamo::autograd::CacheKey’ [-Wshadow]
  130 |   CacheKey(const std::type_index& ntype, const uint8_t* key, uint16_t len)
      |                                          ~~~~~~~~~~~~~~~^~~
/var/www/chino/.venv-whisper/lib/python3.12/site-packages/torch/include/torch/csrc/dynamo/compiled_autograd.h:155:18: note: shadowed declaration is here
  155 |   const uint8_t* key;
      |                  ^~~
/var/www/chino/.venv-whisper/lib/python3.12/site-packages/torch/include/torch/csrc/dynamo/compiled_autograd.h: In constructor ‘torch::dynamo::autograd::CacheKey::CacheKey(const std::type_index&, const uint8_t*, uint16_t)’:
/var/www/chino/.venv-whisper/lib/python3.12/site-packages/torch/include/torch/csrc/dynamo/compiled_autograd.h:130:57: warning: declaration of ‘key’ shadows a member of ‘torch::dynamo::autograd::CacheKey’ [-Wshadow]
  130 |   CacheKey(const std::type_index& ntype, const uint8_t* key, uint16_t len)
      |                                          ~~~~~~~~~~~~~~~^~~
/var/www/chino/.venv-whisper/lib/python3.12/site-packages/torch/include/torch/csrc/dynamo/compiled_autograd.h:155:18: note: shadowed declaration is here
  155 |   const uint8_t* key;
      |                  ^~~
/var/www/chino/.venv-whisper/lib/python3.12/site-packages/torch/include/torch/csrc/dynamo/compiled_autograd.h: In constructor ‘torch::dynamo::autograd::TensorArgs::TensorArgs(const std::optional<long unsigned int>&)’:
/var/www/chino/.venv-whisper/lib/python3.12/site-packages/torch/include/torch/csrc/dynamo/compiled_autograd.h:223:43: warning: declaration of ‘active_node_call_idx’ shadows a member of ‘torch::dynamo::autograd::TensorArgs’ [-Wshadow]
  223 |   TensorArgs(const std::optional<size_t>& active_node_call_idx)
      |              ~~~~~~~~~~~~~~~~~~~~~~~~~~~~~^~~~~~~~~~~~~~~~~~~~
/var/www/chino/.venv-whisper/lib/python3.12/site-packages/torch/include/torch/csrc/dynamo/compiled_autograd.h:273:32: note: shadowed declaration is here
  273 |   const std::optional<size_t>& active_node_call_idx;
      |                                ^~~~~~~~~~~~~~~~~~~~
/var/www/chino/.venv-whisper/lib/python3.12/site-packages/torch/include/torch/csrc/dynamo/compiled_autograd.h: In constructor ‘torch::dynamo::autograd::TensorArgs::TensorArgs(const std::optional<long unsigned int>&)’:
/var/www/chino/.venv-whisper/lib/python3.12/site-packages/torch/include/torch/csrc/dynamo/compiled_autograd.h:223:43: warning: declaration of ‘active_node_call_idx’ shadows a member of ‘torch::dynamo::autograd::TensorArgs’ [-Wshadow]
  223 |   TensorArgs(const std::optional<size_t>& active_node_call_idx)
      |              ~~~~~~~~~~~~~~~~~~~~~~~~~~~~~^~~~~~~~~~~~~~~~~~~~
/var/www/chino/.venv-whisper/lib/python3.12/site-packages/torch/include/torch/csrc/dynamo/compiled_autograd.h:273:32: note: shadowed declaration is here
  273 |   const std::optional<size_t>& active_node_call_idx;
      |                                ^~~~~~~~~~~~~~~~~~~~
/var/www/chino/.venv-whisper/lib/python3.12/site-packages/torch/include/torch/csrc/dynamo/compiled_autograd.h: In constructor ‘torch::dynamo::autograd::TensorArgs::TensorArgs(const std::optional<long unsigned int>&)’:
/var/www/chino/.venv-whisper/lib/python3.12/site-packages/torch/include/torch/csrc/dynamo/compiled_autograd.h:223:43: warning: declaration of ‘active_node_call_idx’ shadows a member of ‘torch::dynamo::autograd::TensorArgs’ [-Wshadow]
  223 |   TensorArgs(const std::optional<size_t>& active_node_call_idx)
      |              ~~~~~~~~~~~~~~~~~~~~~~~~~~~~~^~~~~~~~~~~~~~~~~~~~
/var/www/chino/.venv-whisper/lib/python3.12/site-packages/torch/include/torch/csrc/dynamo/compiled_autograd.h:273:32: note: shadowed declaration is here
  273 |   const std::optional<size_t>& active_node_call_idx;
      |                                ^~~~~~~~~~~~~~~~~~~~
/var/www/chino/.venv-whisper/lib/python3.12/site-packages/torch/include/torch/csrc/dynamo/compiled_autograd.h: In constructor ‘torch::dynamo::autograd::LiftedIValueArgs::LiftedIValueArgs(const std::optional<long unsigned int>&)’:
/var/www/chino/.venv-whisper/lib/python3.12/site-packages/torch/include/torch/csrc/dynamo/compiled_autograd.h:293:49: warning: declaration of ‘active_node_call_idx’ shadows a member of ‘torch::dynamo::autograd::LiftedIValueArgs’ [-Wshadow]
  293 |   LiftedIValueArgs(const std::optional<size_t>& active_node_call_idx)
      |                    ~~~~~~~~~~~~~~~~~~~~~~~~~~~~~^~~~~~~~~~~~~~~~~~~~
/var/www/chino/.venv-whisper/lib/python3.12/site-packages/torch/include/torch/csrc/dynamo/compiled_autograd.h:317:32: note: shadowed declaration is here
  317 |   const std::optional<size_t>& active_node_call_idx;
      |                                ^~~~~~~~~~~~~~~~~~~~
/var/www/chino/.venv-whisper/lib/python3.12/site-packages/torch/include/torch/csrc/dynamo/compiled_autograd.h: In constructor ‘torch::dynamo::autograd::LiftedIValueArgs::LiftedIValueArgs(const std::optional<long unsigned int>&)’:
/var/www/chino/.venv-whisper/lib/python3.12/site-packages/torch/include/torch/csrc/dynamo/compiled_autograd.h:293:49: warning: declaration of ‘active_node_call_idx’ shadows a member of ‘torch::dynamo::autograd::LiftedIValueArgs’ [-Wshadow]
  293 |   LiftedIValueArgs(const std::optional<size_t>& active_node_call_idx)
      |                    ~~~~~~~~~~~~~~~~~~~~~~~~~~~~~^~~~~~~~~~~~~~~~~~~~
/var/www/chino/.venv-whisper/lib/python3.12/site-packages/torch/include/torch/csrc/dynamo/compiled_autograd.h:317:32: note: shadowed declaration is here
  317 |   const std::optional<size_t>& active_node_call_idx;
      |                                ^~~~~~~~~~~~~~~~~~~~
/var/www/chino/.venv-whisper/lib/python3.12/site-packages/torch/include/torch/csrc/dynamo/compiled_autograd.h: In constructor ‘torch::dynamo::autograd::LiftedIValueArgs::LiftedIValueArgs(const std::optional<long unsigned int>&)’:
/var/www/chino/.venv-whisper/lib/python3.12/site-packages/torch/include/torch/csrc/dynamo/compiled_autograd.h:293:49: warning: declaration of ‘active_node_call_idx’ shadows a member of ‘torch::dynamo::autograd::LiftedIValueArgs’ [-Wshadow]
  293 |   LiftedIValueArgs(const std::optional<size_t>& active_node_call_idx)
      |                    ~~~~~~~~~~~~~~~~~~~~~~~~~~~~~^~~~~~~~~~~~~~~~~~~~
/var/www/chino/.venv-whisper/lib/python3.12/site-packages/torch/include/torch/csrc/dynamo/compiled_autograd.h:317:32: note: shadowed declaration is here
  317 |   const std::optional<size_t>& active_node_call_idx;
      |                                ^~~~~~~~~~~~~~~~~~~~
/var/www/chino/.venv-whisper/lib/python3.12/site-packages/torch/include/torch/csrc/dynamo/compiled_autograd.h: In constructor ‘torch::dynamo::autograd::AutogradCompilerCall::AutogradCompilerCall(torch::dynamo::autograd::SizeInput::DynType)’:
/var/www/chino/.venv-whisper/lib/python3.12/site-packages/torch/include/torch/csrc/dynamo/compiled_autograd.h:321:43: warning: declaration of ‘default_dyn_type’ shadows a member of ‘torch::dynamo::autograd::AutogradCompilerCall’ [-Wshadow]
  321 |   AutogradCompilerCall(SizeInput::DynType default_dyn_type)
      |                        ~~~~~~~~~~~~~~~~~~~^~~~~~~~~~~~~~~~
/var/www/chino/.venv-whisper/lib/python3.12/site-packages/torch/include/torch/csrc/dynamo/compiled_autograd.h:364:22: note: shadowed declaration is here
  364 |   SizeInput::DynType default_dyn_type;
      |                      ^~~~~~~~~~~~~~~~
/var/www/chino/.venv-whisper/lib/python3.12/site-packages/torch/include/torch/csrc/dynamo/compiled_autograd.h: In constructor ‘torch::dynamo::autograd::AutogradCompilerCall::AutogradCompilerCall(torch::dynamo::autograd::SizeInput::DynType)’:
/var/www/chino/.venv-whisper/lib/python3.12/site-packages/torch/include/torch/csrc/dynamo/compiled_autograd.h:321:43: warning: declaration of ‘default_dyn_type’ shadows a member of ‘torch::dynamo::autograd::AutogradCompilerCall’ [-Wshadow]
  321 |   AutogradCompilerCall(SizeInput::DynType default_dyn_type)
      |                        ~~~~~~~~~~~~~~~~~~~^~~~~~~~~~~~~~~~
/var/www/chino/.venv-whisper/lib/python3.12/site-packages/torch/include/torch/csrc/dynamo/compiled_autograd.h:364:22: note: shadowed declaration is here
  364 |   SizeInput::DynType default_dyn_type;
      |                      ^~~~~~~~~~~~~~~~
/var/www/chino/.venv-whisper/lib/python3.12/site-packages/torch/include/torch/csrc/dynamo/compiled_autograd.h: In constructor ‘torch::dynamo::autograd::AutogradCompilerCall::AutogradCompilerCall(torch::dynamo::autograd::SizeInput::DynType)’:
/var/www/chino/.venv-whisper/lib/python3.12/site-packages/torch/include/torch/csrc/dynamo/compiled_autograd.h:321:43: warning: declaration of ‘default_dyn_type’ shadows a member of ‘torch::dynamo::autograd::AutogradCompilerCall’ [-Wshadow]
  321 |   AutogradCompilerCall(SizeInput::DynType default_dyn_type)
      |                        ~~~~~~~~~~~~~~~~~~~^~~~~~~~~~~~~~~~
/var/www/chino/.venv-whisper/lib/python3.12/site-packages/torch/include/torch/csrc/dynamo/compiled_autograd.h:364:22: note: shadowed declaration is here
  364 |   SizeInput::DynType default_dyn_type;
      |                      ^~~~~~~~~~~~~~~~
/var/www/chino/.venv-whisper/lib/python3.12/site-packages/torch/include/torch/csrc/dynamo/compiled_autograd.h: In member function ‘ska::flat_hash_map<std::__cxx11::basic_string<char>, c10::IValue> torch::dynamo::autograd::PackedArgs::unpack_saved_data()’:
/var/www/chino/.venv-whisper/lib/python3.12/site-packages/torch/include/torch/csrc/dynamo/compiled_autograd.h:1545:43: warning: conversion to ‘std::vector<c10::IValue>::size_type’ {aka ‘long unsigned int’} from ‘int64_t’ {aka ‘long int’} may change the sign of the result [-Wsign-conversion]
 1545 |       dct.insert({key, std::move(stack[idx++])});
      |                                        ~~~^~
In file included from /var/www/chino/.venv-whisper/lib/python3.12/site-packages/torch/include/torch/csrc/jit/runtime/custom_operator.h:6,
                 from /var/www/chino/.venv-whisper/lib/python3.12/site-packages/torch/include/torch/script.h:9:
/var/www/chino/.venv-whisper/lib/python3.12/site-packages/torch/include/torch/csrc/jit/runtime/operator.h: In lambda function:
/var/www/chino/.venv-whisper/lib/python3.12/site-packages/torch/include/torch/csrc/jit/runtime/operator.h:135:43: warning: declaration of ‘const torch::jit::Operation& op’ shadows a parameter [-Wshadow]
  135 |                       [](const Operation& op) { return op; },
      |                          ~~~~~~~~~~~~~~~~~^~
/var/www/chino/.venv-whisper/lib/python3.12/site-packages/torch/include/torch/csrc/jit/runtime/operator.h:132:43: note: shadowed declaration is here
  132 |             [node](const JitOnlyOperator& op) {
      |                    ~~~~~~~~~~~~~~~~~~~~~~~^~
/var/www/chino/.venv-whisper/lib/python3.12/site-packages/torch/include/torch/csrc/jit/runtime/operator.h: In lambda function:
/var/www/chino/.venv-whisper/lib/python3.12/site-packages/torch/include/torch/csrc/jit/runtime/operator.h:153:39: warning: unused parameter ‘op’ [-Wunused-parameter]
  153 |             [](const JitOnlyOperator& op) {
      |                ~~~~~~~~~~~~~~~~~~~~~~~^~
/var/www/chino/.venv-whisper/lib/python3.12/site-packages/torch/include/torch/csrc/jit/runtime/operator.h: In lambda function:
/var/www/chino/.venv-whisper/lib/python3.12/site-packages/torch/include/torch/csrc/jit/runtime/operator.h:192:39: warning: unused parameter ‘op’ [-Wunused-parameter]
  192 |             [](const JitOnlyOperator& op) {
      |                ~~~~~~~~~~~~~~~~~~~~~~~^~
In file included from /var/www/chino/.venv-whisper/lib/python3.12/site-packages/torch/include/torch/csrc/jit/serialization/import.h:5,
                 from /var/www/chino/.venv-whisper/lib/python3.12/site-packages/torch/include/torch/script.h:10:
/var/www/chino/.venv-whisper/lib/python3.12/site-packages/torch/include/caffe2/serialize/inline_container.h: In member function ‘uint64_t caffe2::serialize::PyTorchStreamReader::version() const’:
/var/www/chino/.venv-whisper/lib/python3.12/site-packages/torch/include/caffe2/serialize/inline_container.h:197:12: warning: conversion to ‘uint64_t’ {aka ‘long unsigned int’} from ‘int64_t’ {aka ‘long int’} may change the sign of the result [-Wsign-conversion]
  197 |     return version_;
      |            ^~~~~~~~
In file included from /var/www/chino/.venv-whisper/lib/python3.12/site-packages/torch/include/torch/csrc/jit/ir/ir.h:4,
                 from /var/www/chino/.venv-whisper/lib/python3.12/site-packages/torch/include/torch/csrc/jit/api/function_impl.h:5,
                 from /var/www/chino/.venv-whisper/lib/python3.12/site-packages/torch/include/torch/csrc/jit/api/method.h:8,
                 from /var/www/chino/.venv-whisper/lib/python3.12/site-packages/torch/include/torch/csrc/jit/api/object.h:6,
                 from /var/www/chino/.venv-whisper/lib/python3.12/site-packages/torch/include/torch/csrc/jit/api/module.h:5,
                 from /var/www/chino/.venv-whisper/lib/python3.12/site-packages/torch/include/torch/csrc/jit/serialization/import.h:6:
/var/www/chino/.venv-whisper/lib/python3.12/site-packages/torch/include/torch/csrc/jit/ir/attributes.h: In constructor ‘torch::jit::AttributeValue::AttributeValue(c10::Symbol)’:
/var/www/chino/.venv-whisper/lib/python3.12/site-packages/torch/include/torch/csrc/jit/ir/attributes.h:58:25: warning: declaration of ‘name’ shadows a member of ‘torch::jit::AttributeValue’ [-Wshadow]
   58 |   AttributeValue(Symbol name) : name(name) {}
      |                  ~~~~~~~^~~~
/var/www/chino/.venv-whisper/lib/python3.12/site-packages/torch/include/torch/csrc/jit/ir/attributes.h:60:10: note: shadowed declaration is here
   60 |   Symbol name;
      |          ^~~~
/var/www/chino/.venv-whisper/lib/python3.12/site-packages/torch/include/torch/csrc/jit/ir/attributes.h: In constructor ‘torch::jit::AttributeValue::AttributeValue(c10::Symbol)’:
/var/www/chino/.venv-whisper/lib/python3.12/site-packages/torch/include/torch/csrc/jit/ir/attributes.h:58:25: warning: declaration of ‘name’ shadows a member of ‘torch::jit::AttributeValue’ [-Wshadow]
   58 |   AttributeValue(Symbol name) : name(name) {}
      |                  ~~~~~~~^~~~
/var/www/chino/.venv-whisper/lib/python3.12/site-packages/torch/include/torch/csrc/jit/ir/attributes.h:60:10: note: shadowed declaration is here
   60 |   Symbol name;
      |          ^~~~
/var/www/chino/.venv-whisper/lib/python3.12/site-packages/torch/include/torch/csrc/jit/ir/attributes.h: In constructor ‘torch::jit::AttributeValue::AttributeValue(c10::Symbol)’:
/var/www/chino/.venv-whisper/lib/python3.12/site-packages/torch/include/torch/csrc/jit/ir/attributes.h:58:25: warning: declaration of ‘name’ shadows a member of ‘torch::jit::AttributeValue’ [-Wshadow]
   58 |   AttributeValue(Symbol name) : name(name) {}
      |                  ~~~~~~~^~~~
/var/www/chino/.venv-whisper/lib/python3.12/site-packages/torch/include/torch/csrc/jit/ir/attributes.h:60:10: note: shadowed declaration is here
   60 |   Symbol name;
      |          ^~~~
/var/www/chino/.venv-whisper/lib/python3.12/site-packages/torch/include/torch/csrc/jit/ir/attributes.h: In constructor ‘torch::jit::ScalarAttributeValue<T, Kind>::ScalarAttributeValue(c10::Symbol, ConstructorType)’:
/var/www/chino/.venv-whisper/lib/python3.12/site-packages/torch/include/torch/csrc/jit/ir/attributes.h:70:53: warning: declaration of ‘value_’ shadows a member of ‘torch::jit::ScalarAttributeValue<T, Kind>’ [-Wshadow]
   70 |   ScalarAttributeValue(Symbol name, ConstructorType value_)
      |                                     ~~~~~~~~~~~~~~~~^~~~~~
/var/www/chino/.venv-whisper/lib/python3.12/site-packages/torch/include/torch/csrc/jit/ir/attributes.h:83:13: note: shadowed declaration is here
   83 |   ValueType value_;
      |             ^~~~~~
/var/www/chino/.venv-whisper/lib/python3.12/site-packages/torch/include/torch/csrc/jit/ir/attributes.h:70:31: warning: declaration of ‘name’ shadows a member of ‘torch::jit::ScalarAttributeValue<T, Kind>’ [-Wshadow]
   70 |   ScalarAttributeValue(Symbol name, ConstructorType value_)
      |                        ~~~~~~~^~~~
/var/www/chino/.venv-whisper/lib/python3.12/site-packages/torch/include/torch/csrc/jit/ir/attributes.h:60:10: note: shadowed declaration is here
   60 |   Symbol name;
      |          ^~~~
/var/www/chino/.venv-whisper/lib/python3.12/site-packages/torch/include/torch/csrc/jit/ir/attributes.h: In constructor ‘torch::jit::VectorAttributeValue<T, Kind>::VectorAttributeValue(c10::Symbol, ConstructorType)’:
/var/www/chino/.venv-whisper/lib/python3.12/site-packages/torch/include/torch/csrc/jit/ir/attributes.h:90:53: warning: declaration of ‘value_’ shadows a member of ‘torch::jit::VectorAttributeValue<T, Kind>’ [-Wshadow]
   90 |   VectorAttributeValue(Symbol name, ConstructorType value_)
      |                                     ~~~~~~~~~~~~~~~~^~~~~~
/var/www/chino/.venv-whisper/lib/python3.12/site-packages/torch/include/torch/csrc/jit/ir/attributes.h:104:13: note: shadowed declaration is here
  104 |   ValueType value_;
      |             ^~~~~~
/var/www/chino/.venv-whisper/lib/python3.12/site-packages/torch/include/torch/csrc/jit/ir/attributes.h:90:31: warning: declaration of ‘name’ shadows a member of ‘torch::jit::VectorAttributeValue<T, Kind>’ [-Wshadow]
   90 |   VectorAttributeValue(Symbol name, ConstructorType value_)
      |                        ~~~~~~~^~~~
/var/www/chino/.venv-whisper/lib/python3.12/site-packages/torch/include/torch/csrc/jit/ir/attributes.h:60:10: note: shadowed declaration is here
   60 |   Symbol name;
      |          ^~~~
/var/www/chino/.venv-whisper/lib/python3.12/site-packages/torch/include/torch/csrc/jit/ir/attributes.h: In constructor ‘torch::jit::GraphAttr::GraphAttr(c10::Symbol, ConstructorType)’:
/var/www/chino/.venv-whisper/lib/python3.12/site-packages/torch/include/torch/csrc/jit/ir/attributes.h:130:42: warning: declaration of ‘value_’ shadows a member of ‘torch::jit::GraphAttr’ [-Wshadow]
  130 |   GraphAttr(Symbol name, ConstructorType value_)
      |                          ~~~~~~~~~~~~~~~~^~~~~~
/var/www/chino/.venv-whisper/lib/python3.12/site-packages/torch/include/torch/csrc/jit/ir/attributes.h:141:26: note: shadowed declaration is here
  141 |   std::shared_ptr<Graph> value_;
      |                          ^~~~~~
/var/www/chino/.venv-whisper/lib/python3.12/site-packages/torch/include/torch/csrc/jit/ir/attributes.h:130:20: warning: declaration of ‘name’ shadows a member of ‘torch::jit::GraphAttr’ [-Wshadow]
  130 |   GraphAttr(Symbol name, ConstructorType value_)
      |             ~~~~~~~^~~~
/var/www/chino/.venv-whisper/lib/python3.12/site-packages/torch/include/torch/csrc/jit/ir/attributes.h:60:10: note: shadowed declaration is here
   60 |   Symbol name;
      |          ^~~~
/var/www/chino/.venv-whisper/lib/python3.12/site-packages/torch/include/torch/csrc/jit/ir/attributes.h: In constructor ‘torch::jit::GraphAttr::GraphAttr(c10::Symbol, ConstructorType)’:
/var/www/chino/.venv-whisper/lib/python3.12/site-packages/torch/include/torch/csrc/jit/ir/attributes.h:130:42: warning: declaration of ‘value_’ shadows a member of ‘torch::jit::GraphAttr’ [-Wshadow]
  130 |   GraphAttr(Symbol name, ConstructorType value_)
      |                          ~~~~~~~~~~~~~~~~^~~~~~
/var/www/chino/.venv-whisper/lib/python3.12/site-packages/torch/include/torch/csrc/jit/ir/attributes.h:141:26: note: shadowed declaration is here
  141 |   std::shared_ptr<Graph> value_;
      |                          ^~~~~~
/var/www/chino/.venv-whisper/lib/python3.12/site-packages/torch/include/torch/csrc/jit/ir/attributes.h:130:20: warning: declaration of ‘name’ shadows a member of ‘torch::jit::GraphAttr’ [-Wshadow]
  130 |   GraphAttr(Symbol name, ConstructorType value_)
      |             ~~~~~~~^~~~
/var/www/chino/.venv-whisper/lib/python3.12/site-packages/torch/include/torch/csrc/jit/ir/attributes.h:60:10: note: shadowed declaration is here
   60 |   Symbol name;
      |          ^~~~
/var/www/chino/.venv-whisper/lib/python3.12/site-packages/torch/include/torch/csrc/jit/ir/attributes.h: In constructor ‘torch::jit::GraphAttr::GraphAttr(c10::Symbol, ConstructorType)’:
/var/www/chino/.venv-whisper/lib/python3.12/site-packages/torch/include/torch/csrc/jit/ir/attributes.h:130:42: warning: declaration of ‘value_’ shadows a member of ‘torch::jit::GraphAttr’ [-Wshadow]
  130 |   GraphAttr(Symbol name, ConstructorType value_)
      |                          ~~~~~~~~~~~~~~~~^~~~~~
/var/www/chino/.venv-whisper/lib/python3.12/site-packages/torch/include/torch/csrc/jit/ir/attributes.h:141:26: note: shadowed declaration is here
  141 |   std::shared_ptr<Graph> value_;
      |                          ^~~~~~
/var/www/chino/.venv-whisper/lib/python3.12/site-packages/torch/include/torch/csrc/jit/ir/attributes.h:130:20: warning: declaration of ‘name’ shadows a member of ‘torch::jit::GraphAttr’ [-Wshadow]
  130 |   GraphAttr(Symbol name, ConstructorType value_)
      |             ~~~~~~~^~~~
/var/www/chino/.venv-whisper/lib/python3.12/site-packages/torch/include/torch/csrc/jit/ir/attributes.h:60:10: note: shadowed declaration is here
   60 |   Symbol name;
      |          ^~~~
/var/www/chino/.venv-whisper/lib/python3.12/site-packages/torch/include/torch/csrc/jit/ir/attributes.h: In constructor ‘torch::jit::GraphsAttr::GraphsAttr(c10::Symbol, ConstructorType)’:
/var/www/chino/.venv-whisper/lib/python3.12/site-packages/torch/include/torch/csrc/jit/ir/attributes.h:147:43: warning: declaration of ‘value_’ shadows a member of ‘torch::jit::GraphsAttr’ [-Wshadow]
  147 |   GraphsAttr(Symbol name, ConstructorType value_)
      |                           ~~~~~~~~~~~~~~~~^~~~~~
/var/www/chino/.venv-whisper/lib/python3.12/site-packages/torch/include/torch/csrc/jit/ir/attributes.h:158:13: note: shadowed declaration is here
  158 |   ValueType value_;
      |             ^~~~~~
/var/www/chino/.venv-whisper/lib/python3.12/site-packages/torch/include/torch/csrc/jit/ir/attributes.h:147:21: warning: declaration of ‘name’ shadows a member of ‘torch::jit::GraphsAttr’ [-Wshadow]
  147 |   GraphsAttr(Symbol name, ConstructorType value_)
      |              ~~~~~~~^~~~
/var/www/chino/.venv-whisper/lib/python3.12/site-packages/torch/include/torch/csrc/jit/ir/attributes.h:60:10: note: shadowed declaration is here
   60 |   Symbol name;
      |          ^~~~
/var/www/chino/.venv-whisper/lib/python3.12/site-packages/torch/include/torch/csrc/jit/ir/attributes.h: In constructor ‘torch::jit::GraphsAttr::GraphsAttr(c10::Symbol, ConstructorType)’:
/var/www/chino/.venv-whisper/lib/python3.12/site-packages/torch/include/torch/csrc/jit/ir/attributes.h:147:43: warning: declaration of ‘value_’ shadows a member of ‘torch::jit::GraphsAttr’ [-Wshadow]
  147 |   GraphsAttr(Symbol name, ConstructorType value_)
      |                           ~~~~~~~~~~~~~~~~^~~~~~
/var/www/chino/.venv-whisper/lib/python3.12/site-packages/torch/include/torch/csrc/jit/ir/attributes.h:158:13: note: shadowed declaration is here
  158 |   ValueType value_;
      |             ^~~~~~
/var/www/chino/.venv-whisper/lib/python3.12/site-packages/torch/include/torch/csrc/jit/ir/attributes.h:147:21: warning: declaration of ‘name’ shadows a member of ‘torch::jit::GraphsAttr’ [-Wshadow]
  147 |   GraphsAttr(Symbol name, ConstructorType value_)
      |              ~~~~~~~^~~~
/var/www/chino/.venv-whisper/lib/python3.12/site-packages/torch/include/torch/csrc/jit/ir/attributes.h:60:10: note: shadowed declaration is here
   60 |   Symbol name;
      |          ^~~~
/var/www/chino/.venv-whisper/lib/python3.12/site-packages/torch/include/torch/csrc/jit/ir/attributes.h: In constructor ‘torch::jit::GraphsAttr::GraphsAttr(c10::Symbol, ConstructorType)’:
/var/www/chino/.venv-whisper/lib/python3.12/site-packages/torch/include/torch/csrc/jit/ir/attributes.h:147:43: warning: declaration of ‘value_’ shadows a member of ‘torch::jit::GraphsAttr’ [-Wshadow]
  147 |   GraphsAttr(Symbol name, ConstructorType value_)
      |                           ~~~~~~~~~~~~~~~~^~~~~~
/var/www/chino/.venv-whisper/lib/python3.12/site-packages/torch/include/torch/csrc/jit/ir/attributes.h:158:13: note: shadowed declaration is here
  158 |   ValueType value_;
      |             ^~~~~~
/var/www/chino/.venv-whisper/lib/python3.12/site-packages/torch/include/torch/csrc/jit/ir/attributes.h:147:21: warning: declaration of ‘name’ shadows a member of ‘torch::jit::GraphsAttr’ [-Wshadow]
  147 |   GraphsAttr(Symbol name, ConstructorType value_)
      |              ~~~~~~~^~~~
/var/www/chino/.venv-whisper/lib/python3.12/site-packages/torch/include/torch/csrc/jit/ir/attributes.h:60:10: note: shadowed declaration is here
   60 |   Symbol name;
      |          ^~~~
In file included from /var/www/chino/.venv-whisper/lib/python3.12/site-packages/torch/include/torch/csrc/jit/ir/ir.h:5:
/var/www/chino/.venv-whisper/lib/python3.12/site-packages/torch/include/torch/csrc/jit/ir/graph_node_list.h: In constructor ‘torch::jit::generic_graph_node_list_iterator<T>::generic_graph_node_list_iterator(T*, int)’:
/var/www/chino/.venv-whisper/lib/python3.12/site-packages/torch/include/torch/csrc/jit/ir/graph_node_list.h:60:48: warning: declaration of ‘d’ shadows a member of ‘torch::jit::generic_graph_node_list_iterator<T>’ [-Wshadow]
   60 |   generic_graph_node_list_iterator(T* cur, int d) : cur(cur), d(d) {}
      |                                            ~~~~^
/var/www/chino/.venv-whisper/lib/python3.12/site-packages/torch/include/torch/csrc/jit/ir/graph_node_list.h:114:7: note: shadowed declaration is here
  114 |   int d; // direction 0 is forward 1 is reverse, see next_in_graph
      |       ^
/var/www/chino/.venv-whisper/lib/python3.12/site-packages/torch/include/torch/csrc/jit/ir/graph_node_list.h:60:39: warning: declaration of ‘cur’ shadows a member of ‘torch::jit::generic_graph_node_list_iterator<T>’ [-Wshadow]
   60 |   generic_graph_node_list_iterator(T* cur, int d) : cur(cur), d(d) {}
      |                                    ~~~^~~
/var/www/chino/.venv-whisper/lib/python3.12/site-packages/torch/include/torch/csrc/jit/ir/graph_node_list.h:113:6: note: shadowed declaration is here
  113 |   T* cur;
      |      ^~~
/var/www/chino/.venv-whisper/lib/python3.12/site-packages/torch/include/torch/csrc/jit/ir/graph_node_list.h: In constructor ‘torch::jit::generic_graph_node_list<T>::generic_graph_node_list(T*, int)’:
/var/www/chino/.venv-whisper/lib/python3.12/site-packages/torch/include/torch/csrc/jit/ir/graph_node_list.h:164:40: warning: declaration of ‘d’ shadows a member of ‘torch::jit::generic_graph_node_list<T>’ [-Wshadow]
  164 |   generic_graph_node_list(T* head, int d) : head(head), d(d) {}
      |                                    ~~~~^
/var/www/chino/.venv-whisper/lib/python3.12/site-packages/torch/include/torch/csrc/jit/ir/graph_node_list.h:170:7: note: shadowed declaration is here
  170 |   int d;
      |       ^
/var/www/chino/.venv-whisper/lib/python3.12/site-packages/torch/include/torch/csrc/jit/ir/graph_node_list.h:164:30: warning: declaration of ‘head’ shadows a member of ‘torch::jit::generic_graph_node_list<T>’ [-Wshadow]
  164 |   generic_graph_node_list(T* head, int d) : head(head), d(d) {}
      |                           ~~~^~~~
/var/www/chino/.venv-whisper/lib/python3.12/site-packages/torch/include/torch/csrc/jit/ir/graph_node_list.h:167:6: note: shadowed declaration is here
  167 |   T* head; // both head and tail are sentinel nodes
      |      ^~~~
In file included from /var/www/chino/.venv-whisper/lib/python3.12/site-packages/torch/include/torch/csrc/jit/ir/named_value.h:4,
                 from /var/www/chino/.venv-whisper/lib/python3.12/site-packages/torch/include/torch/csrc/jit/ir/ir.h:6:
/var/www/chino/.venv-whisper/lib/python3.12/site-packages/torch/include/torch/csrc/jit/frontend/source_range.h: In member function ‘std::string_view torch::jit::StringCordView::Iterator::rest_line() const’:
/var/www/chino/.venv-whisper/lib/python3.12/site-packages/torch/include/torch/csrc/jit/frontend/source_range.h:248:47: warning: conversion to ‘std::basic_string_view<char>::size_type’ {aka ‘long unsigned int’} from ‘long int’ may change the sign of the result [-Wsign-conversion]
  248 |               &*fast_repr().it, fast_repr_end - fast_repr().it);
      |                                 ~~~~~~~~~~~~~~^~~~~~~~~~~~~~~~
/var/www/chino/.venv-whisper/lib/python3.12/site-packages/torch/include/torch/csrc/jit/frontend/source_range.h: In member function ‘size_t torch::jit::StringCordView::Iterator::pos() const’:
/var/www/chino/.venv-whisper/lib/python3.12/site-packages/torch/include/torch/csrc/jit/frontend/source_range.h:258:31: warning: conversion to ‘size_t’ {aka ‘long unsigned int’} from ‘long int’ may change the sign of the result [-Wsign-conversion]
  258 |         return fast_repr().it - fast_repr().str->pieces_[0].begin();
      |                ~~~~~~~~~~~~~~~^~~~~~~~~~~~~~~~~~~~~~~~~~~~~~~~~~~~~
/var/www/chino/.venv-whisper/lib/python3.12/site-packages/torch/include/torch/csrc/jit/frontend/source_range.h: In member function ‘size_t torch::jit::Source::lineno_for_offset(size_t) const’:
/var/www/chino/.venv-whisper/lib/python3.12/site-packages/torch/include/torch/csrc/jit/frontend/source_range.h:372:50: warning: conversion to ‘size_t’ {aka ‘long unsigned int’} from ‘__gnu_cxx::__normal_iterator<const long unsigned int*, std::vector<long unsigned int> >::difference_type’ {aka ‘long int’} may change the sign of the result [-Wsign-conversion]
  372 |     return iter - line_starting_offsets_.begin() - 1;
      |            ~~~~~~~~~~~~~~~~~~~~~~~~~~~~~~~~~~~~~~^~~
/var/www/chino/.venv-whisper/lib/python3.12/site-packages/torch/include/torch/csrc/jit/frontend/source_range.h: In constructor ‘torch::jit::SourceRange::SourceRange(std::shared_ptr<torch::jit::Source>, size_t, size_t)’:
/var/www/chino/.venv-whisper/lib/python3.12/site-packages/torch/include/torch/csrc/jit/frontend/source_range.h:454:74: warning: declaration of ‘end_’ shadows a member of ‘torch::jit::SourceRange’ [-Wshadow]
  454 |   SourceRange(std::shared_ptr<Source> source_view, size_t start_, size_t end_)
      |                                                                   ~~~~~~~^~~~
/var/www/chino/.venv-whisper/lib/python3.12/site-packages/torch/include/torch/csrc/jit/frontend/source_range.h:543:10: note: shadowed declaration is here
  543 |   size_t end_;
      |          ^~~~
/var/www/chino/.venv-whisper/lib/python3.12/site-packages/torch/include/torch/csrc/jit/frontend/source_range.h:454:59: warning: declaration of ‘start_’ shadows a member of ‘torch::jit::SourceRange’ [-Wshadow]
  454 |   SourceRange(std::shared_ptr<Source> source_view, size_t start_, size_t end_)
      |                                                    ~~~~~~~^~~~~~
/var/www/chino/.venv-whisper/lib/python3.12/site-packages/torch/include/torch/csrc/jit/frontend/source_range.h:542:10: note: shadowed declaration is here
  542 |   size_t start_;
      |          ^~~~~~
/var/www/chino/.venv-whisper/lib/python3.12/site-packages/torch/include/torch/csrc/jit/frontend/source_range.h: In constructor ‘torch::jit::SourceRange::SourceRange(std::shared_ptr<torch::jit::Source>, size_t, size_t)’:
/var/www/chino/.venv-whisper/lib/python3.12/site-packages/torch/include/torch/csrc/jit/frontend/source_range.h:454:74: warning: declaration of ‘end_’ shadows a member of ‘torch::jit::SourceRange’ [-Wshadow]
  454 |   SourceRange(std::shared_ptr<Source> source_view, size_t start_, size_t end_)
      |                                                                   ~~~~~~~^~~~
/var/www/chino/.venv-whisper/lib/python3.12/site-packages/torch/include/torch/csrc/jit/frontend/source_range.h:543:10: note: shadowed declaration is here
  543 |   size_t end_;
      |          ^~~~
/var/www/chino/.venv-whisper/lib/python3.12/site-packages/torch/include/torch/csrc/jit/frontend/source_range.h:454:59: warning: declaration of ‘start_’ shadows a member of ‘torch::jit::SourceRange’ [-Wshadow]
  454 |   SourceRange(std::shared_ptr<Source> source_view, size_t start_, size_t end_)
      |                                                    ~~~~~~~^~~~~~
/var/www/chino/.venv-whisper/lib/python3.12/site-packages/torch/include/torch/csrc/jit/frontend/source_range.h:542:10: note: shadowed declaration is here
  542 |   size_t start_;
      |          ^~~~~~
/var/www/chino/.venv-whisper/lib/python3.12/site-packages/torch/include/torch/csrc/jit/frontend/source_range.h: In constructor ‘torch::jit::SourceRange::SourceRange(std::shared_ptr<torch::jit::Source>, size_t, size_t)’:
/var/www/chino/.venv-whisper/lib/python3.12/site-packages/torch/include/torch/csrc/jit/frontend/source_range.h:454:74: warning: declaration of ‘end_’ shadows a member of ‘torch::jit::SourceRange’ [-Wshadow]
  454 |   SourceRange(std::shared_ptr<Source> source_view, size_t start_, size_t end_)
      |                                                                   ~~~~~~~^~~~
/var/www/chino/.venv-whisper/lib/python3.12/site-packages/torch/include/torch/csrc/jit/frontend/source_range.h:543:10: note: shadowed declaration is here
  543 |   size_t end_;
      |          ^~~~
/var/www/chino/.venv-whisper/lib/python3.12/site-packages/torch/include/torch/csrc/jit/frontend/source_range.h:454:59: warning: declaration of ‘start_’ shadows a member of ‘torch::jit::SourceRange’ [-Wshadow]
  454 |   SourceRange(std::shared_ptr<Source> source_view, size_t start_, size_t end_)
      |                                                    ~~~~~~~^~~~~~
/var/www/chino/.venv-whisper/lib/python3.12/site-packages/torch/include/torch/csrc/jit/frontend/source_range.h:542:10: note: shadowed declaration is here
  542 |   size_t start_;
      |          ^~~~~~
/var/www/chino/.venv-whisper/lib/python3.12/site-packages/torch/include/torch/csrc/jit/frontend/source_range.h: In constructor ‘torch::jit::SourceRange::SourceRange(std::shared_ptr<torch::jit::Source>, torch::jit::StringCordView::Iterator, size_t)’:
/var/www/chino/.venv-whisper/lib/python3.12/site-packages/torch/include/torch/csrc/jit/frontend/source_range.h:466:14: warning: declaration of ‘end_’ shadows a member of ‘torch::jit::SourceRange’ [-Wshadow]
  466 |       size_t end_)
      |       ~~~~~~~^~~~
/var/www/chino/.venv-whisper/lib/python3.12/site-packages/torch/include/torch/csrc/jit/frontend/source_range.h:543:10: note: shadowed declaration is here
  543 |   size_t end_;
      |          ^~~~
/var/www/chino/.venv-whisper/lib/python3.12/site-packages/torch/include/torch/csrc/jit/frontend/source_range.h:464:31: warning: declaration of ‘source_view_’ shadows a member of ‘torch::jit::SourceRange’ [-Wshadow]
  464 |       std::shared_ptr<Source> source_view_,
      |       ~~~~~~~~~~~~~~~~~~~~~~~~^~~~~~~~~~~~
/var/www/chino/.venv-whisper/lib/python3.12/site-packages/torch/include/torch/csrc/jit/frontend/source_range.h:539:27: note: shadowed declaration is here
  539 |   std::shared_ptr<Source> source_view_;
      |                           ^~~~~~~~~~~~
/var/www/chino/.venv-whisper/lib/python3.12/site-packages/torch/include/torch/csrc/jit/frontend/source_range.h: In constructor ‘torch::jit::SourceRange::SourceRange(std::shared_ptr<torch::jit::Source>, torch::jit::StringCordView::Iterator, size_t)’:
/var/www/chino/.venv-whisper/lib/python3.12/site-packages/torch/include/torch/csrc/jit/frontend/source_range.h:466:14: warning: declaration of ‘end_’ shadows a member of ‘torch::jit::SourceRange’ [-Wshadow]
  466 |       size_t end_)
      |       ~~~~~~~^~~~
/var/www/chino/.venv-whisper/lib/python3.12/site-packages/torch/include/torch/csrc/jit/frontend/source_range.h:543:10: note: shadowed declaration is here
  543 |   size_t end_;
      |          ^~~~
/var/www/chino/.venv-whisper/lib/python3.12/site-packages/torch/include/torch/csrc/jit/frontend/source_range.h:464:31: warning: declaration of ‘source_view_’ shadows a member of ‘torch::jit::SourceRange’ [-Wshadow]
  464 |       std::shared_ptr<Source> source_view_,
      |       ~~~~~~~~~~~~~~~~~~~~~~~~^~~~~~~~~~~~
/var/www/chino/.venv-whisper/lib/python3.12/site-packages/torch/include/torch/csrc/jit/frontend/source_range.h:539:27: note: shadowed declaration is here
  539 |   std::shared_ptr<Source> source_view_;
      |                           ^~~~~~~~~~~~
/var/www/chino/.venv-whisper/lib/python3.12/site-packages/torch/include/torch/csrc/jit/frontend/source_range.h: In constructor ‘torch::jit::SourceRange::SourceRange(std::shared_ptr<torch::jit::Source>, torch::jit::StringCordView::Iterator, size_t)’:
/var/www/chino/.venv-whisper/lib/python3.12/site-packages/torch/include/torch/csrc/jit/frontend/source_range.h:466:14: warning: declaration of ‘end_’ shadows a member of ‘torch::jit::SourceRange’ [-Wshadow]
  466 |       size_t end_)
      |       ~~~~~~~^~~~
/var/www/chino/.venv-whisper/lib/python3.12/site-packages/torch/include/torch/csrc/jit/frontend/source_range.h:543:10: note: shadowed declaration is here
  543 |   size_t end_;
      |          ^~~~
/var/www/chino/.venv-whisper/lib/python3.12/site-packages/torch/include/torch/csrc/jit/frontend/source_range.h:464:31: warning: declaration of ‘source_view_’ shadows a member of ‘torch::jit::SourceRange’ [-Wshadow]
  464 |       std::shared_ptr<Source> source_view_,
      |       ~~~~~~~~~~~~~~~~~~~~~~~~^~~~~~~~~~~~
/var/www/chino/.venv-whisper/lib/python3.12/site-packages/torch/include/torch/csrc/jit/frontend/source_range.h:539:27: note: shadowed declaration is here
  539 |   std::shared_ptr<Source> source_view_;
      |                           ^~~~~~~~~~~~
/var/www/chino/.venv-whisper/lib/python3.12/site-packages/torch/include/torch/csrc/jit/frontend/source_range.h: In constructor ‘torch::jit::TaggedRange::TaggedRange(size_t, torch::jit::SourceRange)’:
/var/www/chino/.venv-whisper/lib/python3.12/site-packages/torch/include/torch/csrc/jit/frontend/source_range.h:584:41: warning: declaration of ‘range’ shadows a member of ‘torch::jit::TaggedRange’ [-Wshadow]
  584 |   TaggedRange(size_t bytes, SourceRange range)
      |                             ~~~~~~~~~~~~^~~~~
/var/www/chino/.venv-whisper/lib/python3.12/site-packages/torch/include/torch/csrc/jit/frontend/source_range.h:587:15: note: shadowed declaration is here
  587 |   SourceRange range;
      |               ^~~~~
/var/www/chino/.venv-whisper/lib/python3.12/site-packages/torch/include/torch/csrc/jit/frontend/source_range.h:584:22: warning: declaration of ‘bytes’ shadows a member of ‘torch::jit::TaggedRange’ [-Wshadow]
  584 |   TaggedRange(size_t bytes, SourceRange range)
      |               ~~~~~~~^~~~~
/var/www/chino/.venv-whisper/lib/python3.12/site-packages/torch/include/torch/csrc/jit/frontend/source_range.h:586:10: note: shadowed declaration is here
  586 |   size_t bytes;
      |          ^~~~~
/var/www/chino/.venv-whisper/lib/python3.12/site-packages/torch/include/torch/csrc/jit/frontend/source_range.h: In constructor ‘torch::jit::TaggedRange::TaggedRange(size_t, torch::jit::SourceRange)’:
/var/www/chino/.venv-whisper/lib/python3.12/site-packages/torch/include/torch/csrc/jit/frontend/source_range.h:584:41: warning: declaration of ‘range’ shadows a member of ‘torch::jit::TaggedRange’ [-Wshadow]
  584 |   TaggedRange(size_t bytes, SourceRange range)
      |                             ~~~~~~~~~~~~^~~~~
/var/www/chino/.venv-whisper/lib/python3.12/site-packages/torch/include/torch/csrc/jit/frontend/source_range.h:587:15: note: shadowed declaration is here
  587 |   SourceRange range;
      |               ^~~~~
/var/www/chino/.venv-whisper/lib/python3.12/site-packages/torch/include/torch/csrc/jit/frontend/source_range.h:584:22: warning: declaration of ‘bytes’ shadows a member of ‘torch::jit::TaggedRange’ [-Wshadow]
  584 |   TaggedRange(size_t bytes, SourceRange range)
      |               ~~~~~~~^~~~~
/var/www/chino/.venv-whisper/lib/python3.12/site-packages/torch/include/torch/csrc/jit/frontend/source_range.h:586:10: note: shadowed declaration is here
  586 |   size_t bytes;
      |          ^~~~~
/var/www/chino/.venv-whisper/lib/python3.12/site-packages/torch/include/torch/csrc/jit/frontend/source_range.h: In constructor ‘torch::jit::TaggedRange::TaggedRange(size_t, torch::jit::SourceRange)’:
/var/www/chino/.venv-whisper/lib/python3.12/site-packages/torch/include/torch/csrc/jit/frontend/source_range.h:584:41: warning: declaration of ‘range’ shadows a member of ‘torch::jit::TaggedRange’ [-Wshadow]
  584 |   TaggedRange(size_t bytes, SourceRange range)
      |                             ~~~~~~~~~~~~^~~~~
/var/www/chino/.venv-whisper/lib/python3.12/site-packages/torch/include/torch/csrc/jit/frontend/source_range.h:587:15: note: shadowed declaration is here
  587 |   SourceRange range;
      |               ^~~~~
/var/www/chino/.venv-whisper/lib/python3.12/site-packages/torch/include/torch/csrc/jit/frontend/source_range.h:584:22: warning: declaration of ‘bytes’ shadows a member of ‘torch::jit::TaggedRange’ [-Wshadow]
  584 |   TaggedRange(size_t bytes, SourceRange range)
      |               ~~~~~~~^~~~~
/var/www/chino/.venv-whisper/lib/python3.12/site-packages/torch/include/torch/csrc/jit/frontend/source_range.h:586:10: note: shadowed declaration is here
  586 |   size_t bytes;
      |          ^~~~~
/var/www/chino/.venv-whisper/lib/python3.12/site-packages/torch/include/torch/csrc/jit/ir/ir.h: In constructor ‘torch::jit::Use::Use(torch::jit::Node*, size_t)’:
/var/www/chino/.venv-whisper/lib/python3.12/site-packages/torch/include/torch/csrc/jit/ir/ir.h:113:26: warning: declaration of ‘offset’ shadows a member of ‘torch::jit::Use’ [-Wshadow]
  113 |   Use(Node* user, size_t offset) : user(user), offset(offset) {}
      |                   ~~~~~~~^~~~~~
/var/www/chino/.venv-whisper/lib/python3.12/site-packages/torch/include/torch/csrc/jit/ir/ir.h:115:10: note: shadowed declaration is here
  115 |   size_t offset;
      |          ^~~~~~
/var/www/chino/.venv-whisper/lib/python3.12/site-packages/torch/include/torch/csrc/jit/ir/ir.h:113:13: warning: declaration of ‘user’ shadows a member of ‘torch::jit::Use’ [-Wshadow]
  113 |   Use(Node* user, size_t offset) : user(user), offset(offset) {}
      |       ~~~~~~^~~~
/var/www/chino/.venv-whisper/lib/python3.12/site-packages/torch/include/torch/csrc/jit/ir/ir.h:114:9: note: shadowed declaration is here
  114 |   Node* user;
      |         ^~~~
/var/www/chino/.venv-whisper/lib/python3.12/site-packages/torch/include/torch/csrc/jit/ir/ir.h: In constructor ‘torch::jit::Use::Use(torch::jit::Node*, size_t)’:
/var/www/chino/.venv-whisper/lib/python3.12/site-packages/torch/include/torch/csrc/jit/ir/ir.h:113:26: warning: declaration of ‘offset’ shadows a member of ‘torch::jit::Use’ [-Wshadow]
  113 |   Use(Node* user, size_t offset) : user(user), offset(offset) {}
      |                   ~~~~~~~^~~~~~
/var/www/chino/.venv-whisper/lib/python3.12/site-packages/torch/include/torch/csrc/jit/ir/ir.h:115:10: note: shadowed declaration is here
  115 |   size_t offset;
      |          ^~~~~~
/var/www/chino/.venv-whisper/lib/python3.12/site-packages/torch/include/torch/csrc/jit/ir/ir.h:113:13: warning: declaration of ‘user’ shadows a member of ‘torch::jit::Use’ [-Wshadow]
  113 |   Use(Node* user, size_t offset) : user(user), offset(offset) {}
      |       ~~~~~~^~~~
/var/www/chino/.venv-whisper/lib/python3.12/site-packages/torch/include/torch/csrc/jit/ir/ir.h:114:9: note: shadowed declaration is here
  114 |   Node* user;
      |         ^~~~
/var/www/chino/.venv-whisper/lib/python3.12/site-packages/torch/include/torch/csrc/jit/ir/ir.h: In constructor ‘torch::jit::Use::Use(torch::jit::Node*, size_t)’:
/var/www/chino/.venv-whisper/lib/python3.12/site-packages/torch/include/torch/csrc/jit/ir/ir.h:113:26: warning: declaration of ‘offset’ shadows a member of ‘torch::jit::Use’ [-Wshadow]
  113 |   Use(Node* user, size_t offset) : user(user), offset(offset) {}
      |                   ~~~~~~~^~~~~~
/var/www/chino/.venv-whisper/lib/python3.12/site-packages/torch/include/torch/csrc/jit/ir/ir.h:115:10: note: shadowed declaration is here
  115 |   size_t offset;
      |          ^~~~~~
/var/www/chino/.venv-whisper/lib/python3.12/site-packages/torch/include/torch/csrc/jit/ir/ir.h:113:13: warning: declaration of ‘user’ shadows a member of ‘torch::jit::Use’ [-Wshadow]
  113 |   Use(Node* user, size_t offset) : user(user), offset(offset) {}
      |       ~~~~~~^~~~
/var/www/chino/.venv-whisper/lib/python3.12/site-packages/torch/include/torch/csrc/jit/ir/ir.h:114:9: note: shadowed declaration is here
  114 |   Node* user;
      |         ^~~~
/var/www/chino/.venv-whisper/lib/python3.12/site-packages/torch/include/torch/csrc/jit/ir/ir.h: In constructor ‘torch::jit::Value::Value(torch::jit::Node*, size_t)’:
/var/www/chino/.venv-whisper/lib/python3.12/site-packages/torch/include/torch/csrc/jit/ir/ir.h:1492:41: warning: declaration of ‘offset_’ shadows a member of ‘torch::jit::Value’ [-Wshadow]
 1492 | inline Value::Value(Node* node_, size_t offset_)
      |                                  ~~~~~~~^~~~~~~
/var/www/chino/.venv-whisper/lib/python3.12/site-packages/torch/include/torch/csrc/jit/ir/ir.h:185:10: note: shadowed declaration is here
  185 |   size_t offset_;
      |          ^~~~~~~
/var/www/chino/.venv-whisper/lib/python3.12/site-packages/torch/include/torch/csrc/jit/ir/ir.h:1492:27: warning: declaration of ‘node_’ shadows a member of ‘torch::jit::Value’ [-Wshadow]
 1492 | inline Value::Value(Node* node_, size_t offset_)
      |                     ~~~~~~^~~~~
/var/www/chino/.venv-whisper/lib/python3.12/site-packages/torch/include/torch/csrc/jit/ir/ir.h:184:9: note: shadowed declaration is here
  184 |   Node* node_;
      |         ^~~~~
/var/www/chino/.venv-whisper/lib/python3.12/site-packages/torch/include/torch/csrc/jit/ir/ir.h: In constructor ‘torch::jit::Value::Value(torch::jit::Node*, size_t)’:
/var/www/chino/.venv-whisper/lib/python3.12/site-packages/torch/include/torch/csrc/jit/ir/ir.h:1492:41: warning: declaration of ‘offset_’ shadows a member of ‘torch::jit::Value’ [-Wshadow]
 1492 | inline Value::Value(Node* node_, size_t offset_)
      |                                  ~~~~~~~^~~~~~~
/var/www/chino/.venv-whisper/lib/python3.12/site-packages/torch/include/torch/csrc/jit/ir/ir.h:185:10: note: shadowed declaration is here
  185 |   size_t offset_;
      |          ^~~~~~~
/var/www/chino/.venv-whisper/lib/python3.12/site-packages/torch/include/torch/csrc/jit/ir/ir.h:1492:27: warning: declaration of ‘node_’ shadows a member of ‘torch::jit::Value’ [-Wshadow]
 1492 | inline Value::Value(Node* node_, size_t offset_)
      |                     ~~~~~~^~~~~
/var/www/chino/.venv-whisper/lib/python3.12/site-packages/torch/include/torch/csrc/jit/ir/ir.h:184:9: note: shadowed declaration is here
  184 |   Node* node_;
      |         ^~~~~
/var/www/chino/.venv-whisper/lib/python3.12/site-packages/torch/include/torch/csrc/jit/ir/ir.h: In constructor ‘torch::jit::Value::Value(torch::jit::Node*, size_t)’:
/var/www/chino/.venv-whisper/lib/python3.12/site-packages/torch/include/torch/csrc/jit/ir/ir.h:1492:41: warning: declaration of ‘offset_’ shadows a member of ‘torch::jit::Value’ [-Wshadow]
 1492 | inline Value::Value(Node* node_, size_t offset_)
      |                                  ~~~~~~~^~~~~~~
/var/www/chino/.venv-whisper/lib/python3.12/site-packages/torch/include/torch/csrc/jit/ir/ir.h:185:10: note: shadowed declaration is here
  185 |   size_t offset_;
      |          ^~~~~~~
/var/www/chino/.venv-whisper/lib/python3.12/site-packages/torch/include/torch/csrc/jit/ir/ir.h:1492:27: warning: declaration of ‘node_’ shadows a member of ‘torch::jit::Value’ [-Wshadow]
 1492 | inline Value::Value(Node* node_, size_t offset_)
      |                     ~~~~~~^~~~~
/var/www/chino/.venv-whisper/lib/python3.12/site-packages/torch/include/torch/csrc/jit/ir/ir.h:184:9: note: shadowed declaration is here
  184 |   Node* node_;
      |         ^~~~~
In file included from /var/www/chino/.venv-whisper/lib/python3.12/site-packages/torch/include/torch/csrc/jit/runtime/graph_executor.h:9,
                 from /var/www/chino/.venv-whisper/lib/python3.12/site-packages/torch/include/torch/csrc/jit/api/function_impl.h:6:
/var/www/chino/.venv-whisper/lib/python3.12/site-packages/torch/include/torch/csrc/jit/runtime/argument_spec.h: In member function ‘c10::Device torch::jit::ArgumentInfo::device() const’:
/var/www/chino/.venv-whisper/lib/python3.12/site-packages/torch/include/torch/csrc/jit/runtime/argument_spec.h:32:46: warning: conversion to ‘c10::DeviceIndex’ {aka ‘signed char’} from ‘unsigned int’ may change the sign of the result [-Wsign-conversion]
   32 |     return at::Device(DeviceType(dev_type_), device_);
      |                                              ^~~~~~~
/var/www/chino/.venv-whisper/lib/python3.12/site-packages/torch/include/torch/csrc/jit/runtime/argument_spec.h: In member function ‘void torch::jit::ArgumentSpec::addTensor(const c10::IValue&, bool)’:
/var/www/chino/.venv-whisper/lib/python3.12/site-packages/torch/include/torch/csrc/jit/runtime/argument_spec.h:110:11: warning: conversion to ‘unsigned int’ from ‘std::underlying_type_t<c10::DeviceType>’ {aka ‘signed char’} may change the sign of the result [-Wsign-conversion]
  110 |           static_cast<std::underlying_type_t<DeviceType>>(device.type());
      |           ^~~~~~~~~~~~~~~~~~~~~~~~~~~~~~~~~~~~~~~~~~~~~~~~~~~~~~~~~~~~~~
/var/www/chino/.venv-whisper/lib/python3.12/site-packages/torch/include/torch/csrc/jit/runtime/argument_spec.h:110:11: warning: conversion to ‘short unsigned int’ from ‘unsigned int’ may change the sign of the result [-Wsign-conversion]
/var/www/chino/.venv-whisper/lib/python3.12/site-packages/torch/include/torch/csrc/jit/runtime/argument_spec.h:112:33: warning: conversion to ‘unsigned int’ from ‘c10::DeviceIndex’ {aka ‘signed char’} may change the sign of the result [-Wsign-conversion]
  112 |       arg.device_ = device.index();
      |                     ~~~~~~~~~~~~^~
/var/www/chino/.venv-whisper/lib/python3.12/site-packages/torch/include/torch/csrc/jit/runtime/argument_spec.h:112:33: warning: conversion to ‘unsigned char’ from ‘unsigned int’ may change the sign of the result [-Wsign-conversion]
/var/www/chino/.venv-whisper/lib/python3.12/site-packages/torch/include/torch/csrc/jit/runtime/argument_spec.h:113:19: warning: conversion to ‘unsigned char’ from ‘unsigned int’ may change the sign of the result [-Wsign-conversion]
  113 |       arg.type_ = static_cast<unsigned>(t->scalar_type());
      |                   ^~~~~~~~~~~~~~~~~~~~~~~~~~~~~~~~~~~~~~~
/var/www/chino/.venv-whisper/lib/python3.12/site-packages/torch/include/torch/csrc/jit/runtime/argument_spec.h: In constructor ‘torch::jit::CompleteArgumentSpec::CompleteArgumentSpec(bool, c10::ArrayRef<c10::IValue>)’:
/var/www/chino/.venv-whisper/lib/python3.12/site-packages/torch/include/torch/csrc/jit/runtime/argument_spec.h:254:36: warning: conversion to ‘long unsigned int’ from ‘int64_t’ {aka ‘long int’} may change the sign of the result [-Wsign-conversion]
  254 |     data.resize(ninputs + all_dims * 2);
      |                           ~~~~~~~~~^~~
/var/www/chino/.venv-whisper/lib/python3.12/site-packages/torch/include/torch/csrc/jit/runtime/argument_spec.h:267:22: warning: conversion to ‘unsigned int’ from ‘int’ may change the sign of the result [-Wsign-conversion]
  267 |           pod.type = static_cast<int>(t.scalar_type());
      |                      ^~~~~~~~~~~~~~~~~~~~~~~~~~~~~~~~~
/var/www/chino/.venv-whisper/lib/python3.12/site-packages/torch/include/torch/csrc/jit/runtime/argument_spec.h:267:22: warning: conversion to ‘unsigned char’ from ‘unsigned int’ may change the sign of the result [-Wsign-conversion]
/var/www/chino/.venv-whisper/lib/python3.12/site-packages/torch/include/torch/csrc/jit/runtime/argument_spec.h:271:15: warning: conversion to ‘unsigned int’ from ‘std::underlying_type_t<c10::DeviceType>’ {aka ‘signed char’} may change the sign of the result [-Wsign-conversion]
  271 |               static_cast<std::underlying_type_t<DeviceType>>(device.type());
      |               ^~~~~~~~~~~~~~~~~~~~~~~~~~~~~~~~~~~~~~~~~~~~~~~~~~~~~~~~~~~~~~
/var/www/chino/.venv-whisper/lib/python3.12/site-packages/torch/include/torch/csrc/jit/runtime/argument_spec.h:271:15: warning: conversion to ‘short unsigned int’ from ‘unsigned int’ may change the sign of the result [-Wsign-conversion]
/var/www/chino/.venv-whisper/lib/python3.12/site-packages/torch/include/torch/csrc/jit/runtime/argument_spec.h:289:24: warning: conversion to ‘unsigned int’ from ‘int32_t’ {aka ‘int’} may change the sign of the result [-Wsign-conversion]
  289 |       pod.total_dims = total_dims;
      |                        ^~~~~~~~~~
/var/www/chino/.venv-whisper/lib/python3.12/site-packages/torch/include/torch/csrc/jit/runtime/argument_spec.h:295:48: warning: conversion to ‘size_t’ {aka ‘long unsigned int’} from ‘long int’ may change the sign of the result [-Wsign-conversion]
  295 |       hash_code = c10::hash_combine(hash_code, d);
      |                                                ^
/var/www/chino/.venv-whisper/lib/python3.12/site-packages/torch/include/torch/csrc/jit/runtime/argument_spec.h: In constructor ‘torch::jit::CompleteArgumentInfo::CompleteArgumentInfo(const torch::jit::CompleteArgumentSpec&, int)’:
/var/www/chino/.venv-whisper/lib/python3.12/site-packages/torch/include/torch/csrc/jit/runtime/argument_spec.h:340:68: warning: declaration of ‘i’ shadows a member of ‘torch::jit::CompleteArgumentInfo’ [-Wshadow]
  340 |   CompleteArgumentInfo(const CompleteArgumentSpec& spec, const int i)
      |                                                          ~~~~~~~~~~^
/var/www/chino/.venv-whisper/lib/python3.12/site-packages/torch/include/torch/csrc/jit/runtime/argument_spec.h:397:13: note: shadowed declaration is here
  397 |   const int i;
      |             ^
/var/www/chino/.venv-whisper/lib/python3.12/site-packages/torch/include/torch/csrc/jit/runtime/argument_spec.h:340:52: warning: declaration of ‘spec’ shadows a member of ‘torch::jit::CompleteArgumentInfo’ [-Wshadow]
  340 |   CompleteArgumentInfo(const CompleteArgumentSpec& spec, const int i)
      |                        ~~~~~~~~~~~~~~~~~~~~~~~~~~~~^~~~
/var/www/chino/.venv-whisper/lib/python3.12/site-packages/torch/include/torch/csrc/jit/runtime/argument_spec.h:396:31: note: shadowed declaration is here
  396 |   const CompleteArgumentSpec& spec;
      |                               ^~~~
/var/www/chino/.venv-whisper/lib/python3.12/site-packages/torch/include/torch/csrc/jit/runtime/argument_spec.h: In constructor ‘torch::jit::CompleteArgumentInfo::CompleteArgumentInfo(const torch::jit::CompleteArgumentSpec&, int)’:
/var/www/chino/.venv-whisper/lib/python3.12/site-packages/torch/include/torch/csrc/jit/runtime/argument_spec.h:340:68: warning: declaration of ‘i’ shadows a member of ‘torch::jit::CompleteArgumentInfo’ [-Wshadow]
  340 |   CompleteArgumentInfo(const CompleteArgumentSpec& spec, const int i)
      |                                                          ~~~~~~~~~~^
/var/www/chino/.venv-whisper/lib/python3.12/site-packages/torch/include/torch/csrc/jit/runtime/argument_spec.h:397:13: note: shadowed declaration is here
  397 |   const int i;
      |             ^
/var/www/chino/.venv-whisper/lib/python3.12/site-packages/torch/include/torch/csrc/jit/runtime/argument_spec.h:340:52: warning: declaration of ‘spec’ shadows a member of ‘torch::jit::CompleteArgumentInfo’ [-Wshadow]
  340 |   CompleteArgumentInfo(const CompleteArgumentSpec& spec, const int i)
      |                        ~~~~~~~~~~~~~~~~~~~~~~~~~~~~^~~~
/var/www/chino/.venv-whisper/lib/python3.12/site-packages/torch/include/torch/csrc/jit/runtime/argument_spec.h:396:31: note: shadowed declaration is here
  396 |   const CompleteArgumentSpec& spec;
      |                               ^~~~
/var/www/chino/.venv-whisper/lib/python3.12/site-packages/torch/include/torch/csrc/jit/runtime/argument_spec.h: In constructor ‘torch::jit::CompleteArgumentInfo::CompleteArgumentInfo(const torch::jit::CompleteArgumentSpec&, int)’:
/var/www/chino/.venv-whisper/lib/python3.12/site-packages/torch/include/torch/csrc/jit/runtime/argument_spec.h:340:68: warning: declaration of ‘i’ shadows a member of ‘torch::jit::CompleteArgumentInfo’ [-Wshadow]
  340 |   CompleteArgumentInfo(const CompleteArgumentSpec& spec, const int i)
      |                                                          ~~~~~~~~~~^
/var/www/chino/.venv-whisper/lib/python3.12/site-packages/torch/include/torch/csrc/jit/runtime/argument_spec.h:397:13: note: shadowed declaration is here
  397 |   const int i;
      |             ^
/var/www/chino/.venv-whisper/lib/python3.12/site-packages/torch/include/torch/csrc/jit/runtime/argument_spec.h:340:52: warning: declaration of ‘spec’ shadows a member of ‘torch::jit::CompleteArgumentInfo’ [-Wshadow]
  340 |   CompleteArgumentInfo(const CompleteArgumentSpec& spec, const int i)
      |                        ~~~~~~~~~~~~~~~~~~~~~~~~~~~~^~~~
/var/www/chino/.venv-whisper/lib/python3.12/site-packages/torch/include/torch/csrc/jit/runtime/argument_spec.h:396:31: note: shadowed declaration is here
  396 |   const CompleteArgumentSpec& spec;
      |                               ^~~~
/var/www/chino/.venv-whisper/lib/python3.12/site-packages/torch/include/torch/csrc/jit/runtime/argument_spec.h: In member function ‘at::IntArrayRef torch::jit::CompleteArgumentInfo::sizes() const’:
/var/www/chino/.venv-whisper/lib/python3.12/site-packages/torch/include/torch/csrc/jit/runtime/argument_spec.h:365:67: warning: conversion to ‘size_t’ {aka ‘long unsigned int’} from ‘int’ may change the sign of the result [-Wsign-conversion]
  365 |         spec.sizes_strides() + sizes_strides_offset(i), ndimension());
      |                                                         ~~~~~~~~~~^~
/var/www/chino/.venv-whisper/lib/python3.12/site-packages/torch/include/torch/csrc/jit/runtime/argument_spec.h: In member function ‘at::IntArrayRef torch::jit::CompleteArgumentInfo::strides() const’:
/var/www/chino/.venv-whisper/lib/python3.12/site-packages/torch/include/torch/csrc/jit/runtime/argument_spec.h:370:64: warning: conversion to ‘size_t’ {aka ‘long unsigned int’} from ‘int’ may change the sign of the result [-Wsign-conversion]
  370 |         spec.sizes_strides() + sizes_strides_offset(i) + ndim, ndim);
      |                                                                ^~~~
/var/www/chino/.venv-whisper/lib/python3.12/site-packages/torch/include/torch/csrc/jit/runtime/argument_spec.h: In member function ‘const torch::jit::CompleteArgumentInfoPOD& torch::jit::CompleteArgumentInfo::pod(int) const’:
/var/www/chino/.venv-whisper/lib/python3.12/site-packages/torch/include/torch/csrc/jit/runtime/argument_spec.h:394:34: warning: conversion to ‘size_t’ {aka ‘long unsigned int’} from ‘int’ may change the sign of the result [-Wsign-conversion]
  394 |     return spec.tensor_info().at(j);
      |                                  ^
In file included from /var/www/chino/.venv-whisper/lib/python3.12/site-packages/torch/include/torch/csrc/jit/runtime/graph_executor.h:10:
/var/www/chino/.venv-whisper/lib/python3.12/site-packages/torch/include/torch/csrc/jit/runtime/interpreter.h: At global scope:
/var/www/chino/.venv-whisper/lib/python3.12/site-packages/torch/include/torch/csrc/jit/runtime/interpreter.h:18:16: warning: redundant redeclaration of ‘void at::launch(std::function<void()>)’ in same scope [-Wredundant-decls]
   18 | TORCH_API void launch(std::function<void()> func);
      |                ^~~~~~
In file included from /var/www/chino/.venv-whisper/lib/python3.12/site-packages/torch/include/ATen/core/builtin_function.h:4,
                 from /var/www/chino/.venv-whisper/lib/python3.12/site-packages/torch/include/torch/custom_class.h:4:
/var/www/chino/.venv-whisper/lib/python3.12/site-packages/torch/include/ATen/core/function.h:15:16: note: previous declaration of ‘void at::launch(std::function<void()>)’
   15 | TORCH_API void launch(std::function<void()> func);
      |                ^~~~~~
/var/www/chino/.venv-whisper/lib/python3.12/site-packages/torch/include/torch/csrc/jit/runtime/interpreter.h: In constructor ‘torch::jit::InterpreterContinuation::InterpreterContinuation(torch::jit::InterpreterState, torch::jit::Stack, int64_t, std::optional<at::ThreadLocalState>)’:
/var/www/chino/.venv-whisper/lib/python3.12/site-packages/torch/include/torch/csrc/jit/runtime/interpreter.h:128:15: warning: unused parameter ‘dist_autograd_context_id’ [-Wunused-parameter]
  128 |       int64_t dist_autograd_context_id = 0,
      |       ~~~~~~~~^~~~~~~~~~~~~~~~~~~~~~~~~~~~
/var/www/chino/.venv-whisper/lib/python3.12/site-packages/torch/include/torch/csrc/jit/runtime/graph_executor.h: In constructor ‘torch::jit::ExecutionPlan::ExecutionPlan(std::shared_ptr<torch::jit::Graph>, std::string)’:
/var/www/chino/.venv-whisper/lib/python3.12/site-packages/torch/include/torch/csrc/jit/runtime/graph_executor.h:28:40: warning: declaration of ‘graph’ shadows a member of ‘torch::jit::ExecutionPlan’ [-Wshadow]
   28 |   ExecutionPlan(std::shared_ptr<Graph> graph, std::string function_name)
      |                 ~~~~~~~~~~~~~~~~~~~~~~~^~~~~
/var/www/chino/.venv-whisper/lib/python3.12/site-packages/torch/include/torch/csrc/jit/runtime/graph_executor.h:40:26: note: shadowed declaration is here
   40 |   std::shared_ptr<Graph> graph;
      |                          ^~~~~
/var/www/chino/.venv-whisper/lib/python3.12/site-packages/torch/include/torch/csrc/jit/runtime/graph_executor.h: In constructor ‘torch::jit::ExecutionPlan::ExecutionPlan(std::shared_ptr<torch::jit::Graph>, std::string)’:
/var/www/chino/.venv-whisper/lib/python3.12/site-packages/torch/include/torch/csrc/jit/runtime/graph_executor.h:28:40: warning: declaration of ‘graph’ shadows a member of ‘torch::jit::ExecutionPlan’ [-Wshadow]
   28 |   ExecutionPlan(std::shared_ptr<Graph> graph, std::string function_name)
      |                 ~~~~~~~~~~~~~~~~~~~~~~~^~~~~
/var/www/chino/.venv-whisper/lib/python3.12/site-packages/torch/include/torch/csrc/jit/runtime/graph_executor.h:40:26: note: shadowed declaration is here
   40 |   std::shared_ptr<Graph> graph;
      |                          ^~~~~
/var/www/chino/.venv-whisper/lib/python3.12/site-packages/torch/include/torch/csrc/jit/runtime/graph_executor.h: In constructor ‘torch::jit::ExecutionPlan::ExecutionPlan(std::shared_ptr<torch::jit::Graph>, std::string)’:
/var/www/chino/.venv-whisper/lib/python3.12/site-packages/torch/include/torch/csrc/jit/runtime/graph_executor.h:28:40: warning: declaration of ‘graph’ shadows a member of ‘torch::jit::ExecutionPlan’ [-Wshadow]
   28 |   ExecutionPlan(std::shared_ptr<Graph> graph, std::string function_name)
      |                 ~~~~~~~~~~~~~~~~~~~~~~~^~~~~
/var/www/chino/.venv-whisper/lib/python3.12/site-packages/torch/include/torch/csrc/jit/runtime/graph_executor.h:40:26: note: shadowed declaration is here
   40 |   std::shared_ptr<Graph> graph;
      |                          ^~~~~
In file included from /var/www/chino/.venv-whisper/lib/python3.12/site-packages/torch/include/torch/csrc/jit/api/module.h:13:
/var/www/chino/.venv-whisper/lib/python3.12/site-packages/torch/include/torch/csrc/api/include/torch/ordered_dict.h: In lambda function:
/var/www/chino/.venv-whisper/lib/python3.12/site-packages/torch/include/torch/csrc/api/include/torch/ordered_dict.h:514:37: warning: declaration of ‘const Item& b’ shadows a parameter [-Wshadow]
  514 |       [](const Item& a, const Item& b) { return a.value() == b.value(); });
      |                         ~~~~~~~~~~~~^
/var/www/chino/.venv-whisper/lib/python3.12/site-packages/torch/include/torch/csrc/api/include/torch/ordered_dict.h:502:37: note: shadowed declaration is here
  502 |     const torch::OrderedDict<K, V>& b) {
      |     ~~~~~~~~~~~~~~~~~~~~~~~~~~~~~~~~^
/var/www/chino/.venv-whisper/lib/python3.12/site-packages/torch/include/torch/csrc/api/include/torch/ordered_dict.h:514:22: warning: declaration of ‘const Item& a’ shadows a parameter [-Wshadow]
  514 |       [](const Item& a, const Item& b) { return a.value() == b.value(); });
      |          ~~~~~~~~~~~~^
/var/www/chino/.venv-whisper/lib/python3.12/site-packages/torch/include/torch/csrc/api/include/torch/ordered_dict.h:501:37: note: shadowed declaration is here
  501 |     const torch::OrderedDict<K, V>& a,
      |     ~~~~~~~~~~~~~~~~~~~~~~~~~~~~~~~~^
In file included from /var/www/chino/.venv-whisper/lib/python3.12/site-packages/torch/include/torch/csrc/jit/api/module.h:14:
/var/www/chino/.venv-whisper/lib/python3.12/site-packages/torch/include/torch/csrc/jit/api/compilation_unit.h: In member function ‘void torch::jit::CompilationUnit::set_optimized(bool)’:
/var/www/chino/.venv-whisper/lib/python3.12/site-packages/torch/include/torch/csrc/jit/api/compilation_unit.h:74:27: warning: unused parameter ‘o’ [-Wunused-parameter]
   74 |   void set_optimized(bool o) {
      |                      ~~~~~^
/var/www/chino/.venv-whisper/lib/python3.12/site-packages/torch/include/torch/csrc/jit/api/module.h: In member function ‘void torch::jit::Module::set_optimized(bool)’:
/var/www/chino/.venv-whisper/lib/python3.12/site-packages/torch/include/torch/csrc/jit/api/module.h:103:27: warning: unused parameter ‘o’ [-Wunused-parameter]
  103 |   void set_optimized(bool o) {
      |                      ~~~~~^
/var/www/chino/.venv-whisper/lib/python3.12/site-packages/torch/include/torch/csrc/jit/api/module.h: In static member function ‘static torch::jit::detail::ModulePolicy::value_type torch::jit::detail::ModulePolicy::create(const std::vector<torch::jit::detail::SlotCursor>&, c10::IValue)’:
/var/www/chino/.venv-whisper/lib/python3.12/site-packages/torch/include/torch/csrc/jit/api/module.h:586:46: warning: unused parameter ‘cursors’ [-Wunused-parameter]
  586 |       const std::vector<detail::SlotCursor>& cursors,
      |       ~~~~~~~~~~~~~~~~~~~~~~~~~~~~~~~~~~~~~~~^~~~~~~
/var/www/chino/.venv-whisper/lib/python3.12/site-packages/torch/include/torch/csrc/jit/api/module.h: In static member function ‘static bool torch::jit::detail::ModulePolicy::valid(const c10::ClassTypePtr&, size_t, const c10::IValue&)’:
/var/www/chino/.venv-whisper/lib/python3.12/site-packages/torch/include/torch/csrc/jit/api/module.h:592:70: warning: unused parameter ‘v’ [-Wunused-parameter]
  592 |   static bool valid(const ClassTypePtr& typ, size_t i, const IValue& v) {
      |                                                        ~~~~~~~~~~~~~~^
/var/www/chino/.venv-whisper/lib/python3.12/site-packages/torch/include/torch/csrc/jit/api/module.h: In static member function ‘static torch::jit::detail::ParameterPolicy::value_type torch::jit::detail::ParameterPolicy::create(const std::vector<torch::jit::detail::SlotCursor>&, c10::IValue)’:
/var/www/chino/.venv-whisper/lib/python3.12/site-packages/torch/include/torch/csrc/jit/api/module.h:603:46: warning: unused parameter ‘cursors’ [-Wunused-parameter]
  603 |       const std::vector<detail::SlotCursor>& cursors,
      |       ~~~~~~~~~~~~~~~~~~~~~~~~~~~~~~~~~~~~~~~^~~~~~~
/var/www/chino/.venv-whisper/lib/python3.12/site-packages/torch/include/torch/csrc/jit/api/module.h: In static member function ‘static torch::jit::detail::BufferPolicy::value_type torch::jit::detail::BufferPolicy::create(const std::vector<torch::jit::detail::SlotCursor>&, c10::IValue)’:
/var/www/chino/.venv-whisper/lib/python3.12/site-packages/torch/include/torch/csrc/jit/api/module.h:616:46: warning: unused parameter ‘cursors’ [-Wunused-parameter]
  616 |       const std::vector<detail::SlotCursor>& cursors,
      |       ~~~~~~~~~~~~~~~~~~~~~~~~~~~~~~~~~~~~~~~^~~~~~~
/var/www/chino/.venv-whisper/lib/python3.12/site-packages/torch/include/torch/csrc/jit/api/module.h: In static member function ‘static bool torch::jit::detail::BufferPolicy::valid(const c10::ClassTypePtr&, size_t, const c10::IValue&)’:
/var/www/chino/.venv-whisper/lib/python3.12/site-packages/torch/include/torch/csrc/jit/api/module.h:620:70: warning: unused parameter ‘v’ [-Wunused-parameter]
  620 |   static bool valid(const ClassTypePtr& typ, size_t i, const IValue& v) {
      |                                                        ~~~~~~~~~~~~~~^
/var/www/chino/.venv-whisper/lib/python3.12/site-packages/torch/include/torch/csrc/jit/api/module.h: In static member function ‘static torch::jit::detail::AttributePolicy::value_type torch::jit::detail::AttributePolicy::create(const std::vector<torch::jit::detail::SlotCursor>&, c10::IValue)’:
/var/www/chino/.venv-whisper/lib/python3.12/site-packages/torch/include/torch/csrc/jit/api/module.h:630:46: warning: unused parameter ‘cursors’ [-Wunused-parameter]
  630 |       const std::vector<detail::SlotCursor>& cursors,
      |       ~~~~~~~~~~~~~~~~~~~~~~~~~~~~~~~~~~~~~~~^~~~~~~
/var/www/chino/.venv-whisper/lib/python3.12/site-packages/torch/include/torch/csrc/jit/api/module.h: In static member function ‘static bool torch::jit::detail::AttributePolicy::valid(const c10::ClassTypePtr&, size_t, const c10::IValue&)’:
/var/www/chino/.venv-whisper/lib/python3.12/site-packages/torch/include/torch/csrc/jit/api/module.h:634:41: warning: unused parameter ‘typ’ [-Wunused-parameter]
  634 |   static bool valid(const ClassTypePtr& typ, size_t i, const IValue& v) {
      |                     ~~~~~~~~~~~~~~~~~~~~^~~
/var/www/chino/.venv-whisper/lib/python3.12/site-packages/torch/include/torch/csrc/jit/api/module.h:634:53: warning: unused parameter ‘i’ [-Wunused-parameter]
  634 |   static bool valid(const ClassTypePtr& typ, size_t i, const IValue& v) {
      |                                              ~~~~~~~^
/var/www/chino/.venv-whisper/lib/python3.12/site-packages/torch/include/torch/csrc/jit/api/module.h:634:70: warning: unused parameter ‘v’ [-Wunused-parameter]
  634 |   static bool valid(const ClassTypePtr& typ, size_t i, const IValue& v) {
      |                                                        ~~~~~~~~~~~~~~^
In file included from /var/www/chino/.venv-whisper/lib/python3.12/site-packages/torch/include/torch/csrc/jit/serialization/pickler.h:17,
                 from /var/www/chino/.venv-whisper/lib/python3.12/site-packages/torch/include/torch/csrc/jit/serialization/pickle.h:8,
                 from /var/www/chino/.venv-whisper/lib/python3.12/site-packages/torch/include/torch/script.h:11:
/var/www/chino/.venv-whisper/lib/python3.12/site-packages/torch/include/torch/csrc/jit/serialization/pickler_helper.h: In function ‘std::unordered_map<std::__cxx11::basic_string<char>, bool> torch::jit::getTensorMetadata(const at::Tensor&)’:
/var/www/chino/.venv-whisper/lib/python3.12/site-packages/torch/include/torch/csrc/jit/serialization/pickler_helper.h:157:32: warning: conversion to ‘std::array<std::optional<std::pair<std::function<void(const at::Tensor&, std::unordered_map<std::__cxx11::basic_string<char>, bool>&)>, std::function<void(const at::Tensor&, std::unordered_map<std::__cxx11::basic_string<char>, bool>&)> > >, 21>::size_type’ {aka ‘long unsigned int’} from ‘int’ may change the sign of the result [-Wsign-conversion]
  157 |   if (BackendMetaSerialization[device_type].has_value()) {
      |                                ^~~~~~~~~~~
/var/www/chino/.venv-whisper/lib/python3.12/site-packages/torch/include/torch/csrc/jit/serialization/pickler_helper.h:160:52: warning: conversion to ‘std::array<std::optional<std::pair<std::function<void(const at::Tensor&, std::unordered_map<std::__cxx11::basic_string<char>, bool>&)>, std::function<void(const at::Tensor&, std::unordered_map<std::__cxx11::basic_string<char>, bool>&)> > >, 21>::size_type’ {aka ‘long unsigned int’} from ‘int’ may change the sign of the result [-Wsign-conversion]
  160 |     BackendMetaPtr fptr = BackendMetaSerialization[device_type].value().first;
      |                                                    ^~~~~~~~~~~
/var/www/chino/.venv-whisper/lib/python3.12/site-packages/torch/include/torch/csrc/jit/serialization/pickler_helper.h: In function ‘void torch::jit::setTensorMetadata(const at::Tensor&, std::unordered_map<std::__cxx11::basic_string<char>, bool>)’:
/var/www/chino/.venv-whisper/lib/python3.12/site-packages/torch/include/torch/csrc/jit/serialization/pickler_helper.h:186:32: warning: conversion to ‘std::array<std::optional<std::pair<std::function<void(const at::Tensor&, std::unordered_map<std::__cxx11::basic_string<char>, bool>&)>, std::function<void(const at::Tensor&, std::unordered_map<std::__cxx11::basic_string<char>, bool>&)> > >, 21>::size_type’ {aka ‘long unsigned int’} from ‘int’ may change the sign of the result [-Wsign-conversion]
  186 |   if (BackendMetaSerialization[device_type].has_value()) {
      |                                ^~~~~~~~~~~
/var/www/chino/.venv-whisper/lib/python3.12/site-packages/torch/include/torch/csrc/jit/serialization/pickler_helper.h:189:52: warning: conversion to ‘std::array<std::optional<std::pair<std::function<void(const at::Tensor&, std::unordered_map<std::__cxx11::basic_string<char>, bool>&)>, std::function<void(const at::Tensor&, std::unordered_map<std::__cxx11::basic_string<char>, bool>&)> > >, 21>::size_type’ {aka ‘long unsigned int’} from ‘int’ may change the sign of the result [-Wsign-conversion]
  189 |     BackendMetaPtr fptr = BackendMetaSerialization[device_type].value().second;
      |                                                    ^~~~~~~~~~~
In file included from /var/www/chino/.venv-whisper/lib/python3.12/site-packages/torch/include/c10/macros/Macros.h:2,
                 from /var/www/chino/.venv-whisper/lib/python3.12/site-packages/torch/include/c10/util/Exception.h:6,
                 from /var/www/chino/.venv-whisper/lib/python3.12/site-packages/torch/include/ATen/BlasBackend.h:4,
                 from /var/www/chino/.venv-whisper/lib/python3.12/site-packages/torch/include/ATen/Context.h:4:
/var/www/chino/.venv-whisper/lib/python3.12/site-packages/torch/include/torch/csrc/jit/serialization/pickler_helper.h: In function ‘void torch::jit::TensorBackendMetaRegistry(c10::DeviceType, const BackendMetaPtr&, const BackendMetaPtr&)’:
/var/www/chino/.venv-whisper/lib/python3.12/site-packages/torch/include/torch/csrc/jit/serialization/pickler_helper.h:226:33: warning: conversion to ‘std::array<std::optional<std::pair<std::function<void(const at::Tensor&, std::unordered_map<std::__cxx11::basic_string<char>, bool>&)>, std::function<void(const at::Tensor&, std::unordered_map<std::__cxx11::basic_string<char>, bool>&)> > >, 21>::size_type’ {aka ‘long unsigned int’} from ‘int’ may change the sign of the result [-Wsign-conversion]
  226 |       !BackendMetaSerialization[device_type].has_value(),
      |                                 ^~~~~~~~~~~
/var/www/chino/.venv-whisper/lib/python3.12/site-packages/torch/include/torch/headeronly/macros/Macros.h:202:64: note: in definition of macro ‘C10_UNLIKELY’
  202 | #define C10_UNLIKELY(expr) (__builtin_expect(static_cast<bool>(expr), 0))
      |                                                                ^~~~
/var/www/chino/.venv-whisper/lib/python3.12/site-packages/torch/include/c10/util/Exception.h:593:7: note: in expansion of macro ‘C10_UNLIKELY_OR_CONST’
  593 |   if (C10_UNLIKELY_OR_CONST(!(cond))) {            \
      |       ^~~~~~~~~~~~~~~~~~~~~
/var/www/chino/.venv-whisper/lib/python3.12/site-packages/torch/include/torch/csrc/jit/serialization/pickler_helper.h:225:3: note: in expansion of macro ‘TORCH_CHECK’
  225 |   TORCH_CHECK(
      |   ^~~~~~~~~~~
/var/www/chino/.venv-whisper/lib/python3.12/site-packages/torch/include/torch/csrc/jit/serialization/pickler_helper.h:230:28: warning: conversion to ‘std::array<std::optional<std::pair<std::function<void(const at::Tensor&, std::unordered_map<std::__cxx11::basic_string<char>, bool>&)>, std::function<void(const at::Tensor&, std::unordered_map<std::__cxx11::basic_string<char>, bool>&)> > >, 21>::size_type’ {aka ‘long unsigned int’} from ‘int’ may change the sign of the result [-Wsign-conversion]
  230 |   BackendMetaSerialization[device_type] =
      |                            ^~~~~~~~~~~
In file included from /var/www/chino/.venv-whisper/lib/python3.12/site-packages/torch/include/torch/csrc/jit/frontend/tree.h:12,
                 from /var/www/chino/.venv-whisper/lib/python3.12/site-packages/torch/include/torch/csrc/jit/frontend/error_report.h:4,
                 from /var/www/chino/.venv-whisper/lib/python3.12/site-packages/torch/include/torch/csrc/jit/frontend/sugared_value.h:11,
                 from /var/www/chino/.venv-whisper/lib/python3.12/site-packages/torch/include/torch/csrc/jit/frontend/resolver.h:6,
                 from /var/www/chino/.venv-whisper/lib/python3.12/site-packages/torch/include/torch/csrc/jit/frontend/script_type_parser.h:5,
                 from /var/www/chino/.venv-whisper/lib/python3.12/site-packages/torch/include/torch/csrc/jit/serialization/unpickler.h:9,
                 from /var/www/chino/.venv-whisper/lib/python3.12/site-packages/torch/include/torch/csrc/jit/serialization/pickle.h:9:
/var/www/chino/.venv-whisper/lib/python3.12/site-packages/torch/include/torch/csrc/jit/frontend/lexer.h: In member function ‘bool torch::jit::SharedParserData::match(torch::jit::StringCordView::Iterator, bool, bool, int*, torch::jit::StringCordView::Iterator*, torch::jit::StringCordView::Iterator*)’:
/var/www/chino/.venv-whisper/lib/python3.12/site-packages/torch/include/torch/csrc/jit/frontend/lexer.h:277:58: warning: conversion to ‘std::vector<std::unique_ptr<torch::jit::TokenTrie> >::size_type’ {aka ‘long unsigned int’} from ‘__gnu_cxx::__normal_iterator<char*, std::vector<char> >::difference_type’ {aka ‘long int’} may change the sign of the result [-Wsign-conversion]
  277 |                                 : cur->child_tries[ch_it - begin_it].get();
      |                                                    ~~~~~~^~~~~~~~~~
/var/www/chino/.venv-whisper/lib/python3.12/site-packages/torch/include/torch/csrc/jit/frontend/lexer.h: In member function ‘bool torch::jit::SharedParserData::isNumber(std::string_view, size_t, size_t*)’:
/var/www/chino/.venv-whisper/lib/python3.12/site-packages/torch/include/torch/csrc/jit/frontend/lexer.h:321:19: warning: conversion to ‘size_t’ {aka ‘long unsigned int’} from ‘long int’ may change the sign of the result [-Wsign-conversion]
  321 |     *len = endptr - startptr;
      |            ~~~~~~~^~~~~~~~~~
/var/www/chino/.venv-whisper/lib/python3.12/site-packages/torch/include/torch/csrc/jit/frontend/lexer.h: In member function ‘bool torch::jit::SharedParserData::isCharCount(char, std::string_view, size_t, int)’:
/var/www/chino/.venv-whisper/lib/python3.12/site-packages/torch/include/torch/csrc/jit/frontend/lexer.h:332:20: warning: conversion to ‘size_t’ {aka ‘long unsigned int’} from ‘int’ may change the sign of the result [-Wsign-conversion]
  332 |     return start + len <= str.size() &&
      |                    ^~~
/var/www/chino/.venv-whisper/lib/python3.12/site-packages/torch/include/torch/csrc/jit/frontend/lexer.h: In member function ‘bool torch::jit::SharedParserData::isString(std::string_view, size_t, size_t*)’:
/var/www/chino/.venv-whisper/lib/python3.12/site-packages/torch/include/torch/csrc/jit/frontend/lexer.h:347:26: warning: conversion to ‘size_t’ {aka ‘long unsigned int’} from ‘int’ may change the sign of the result [-Wsign-conversion]
  347 |     size_t end = start + quote_len;
      |                          ^~~~~~~~~
/var/www/chino/.venv-whisper/lib/python3.12/site-packages/torch/include/torch/csrc/jit/frontend/lexer.h:362:26: warning: conversion to ‘size_t’ {aka ‘long unsigned int’} from ‘int’ may change the sign of the result [-Wsign-conversion]
  362 |     *len = end - start + quote_len;
      |                          ^~~~~~~~~
/var/www/chino/.venv-whisper/lib/python3.12/site-packages/torch/include/torch/csrc/jit/frontend/lexer.h: In constructor ‘torch::jit::Token::Token(int, torch::jit::SourceRange)’:
/var/www/chino/.venv-whisper/lib/python3.12/site-packages/torch/include/torch/csrc/jit/frontend/lexer.h:400:31: warning: declaration of ‘range’ shadows a member of ‘torch::jit::Token’ [-Wshadow]
  400 |   Token(int kind, SourceRange range) : kind(kind), range(std::move(range)) {}
      |                   ~~~~~~~~~~~~^~~~~
/var/www/chino/.venv-whisper/lib/python3.12/site-packages/torch/include/torch/csrc/jit/frontend/lexer.h:399:15: note: shadowed declaration is here
  399 |   SourceRange range;
      |               ^~~~~
/var/www/chino/.venv-whisper/lib/python3.12/site-packages/torch/include/torch/csrc/jit/frontend/lexer.h:400:13: warning: declaration of ‘kind’ shadows a member of ‘torch::jit::Token’ [-Wshadow]
  400 |   Token(int kind, SourceRange range) : kind(kind), range(std::move(range)) {}
      |         ~~~~^~~~
/var/www/chino/.venv-whisper/lib/python3.12/site-packages/torch/include/torch/csrc/jit/frontend/lexer.h:398:7: note: shadowed declaration is here
  398 |   int kind;
      |       ^~~~
/var/www/chino/.venv-whisper/lib/python3.12/site-packages/torch/include/torch/csrc/jit/frontend/lexer.h: In constructor ‘torch::jit::Token::Token(int, torch::jit::SourceRange)’:
/var/www/chino/.venv-whisper/lib/python3.12/site-packages/torch/include/torch/csrc/jit/frontend/lexer.h:400:31: warning: declaration of ‘range’ shadows a member of ‘torch::jit::Token’ [-Wshadow]
  400 |   Token(int kind, SourceRange range) : kind(kind), range(std::move(range)) {}
      |                   ~~~~~~~~~~~~^~~~~
/var/www/chino/.venv-whisper/lib/python3.12/site-packages/torch/include/torch/csrc/jit/frontend/lexer.h:399:15: note: shadowed declaration is here
  399 |   SourceRange range;
      |               ^~~~~
/var/www/chino/.venv-whisper/lib/python3.12/site-packages/torch/include/torch/csrc/jit/frontend/lexer.h:400:13: warning: declaration of ‘kind’ shadows a member of ‘torch::jit::Token’ [-Wshadow]
  400 |   Token(int kind, SourceRange range) : kind(kind), range(std::move(range)) {}
      |         ~~~~^~~~
/var/www/chino/.venv-whisper/lib/python3.12/site-packages/torch/include/torch/csrc/jit/frontend/lexer.h:398:7: note: shadowed declaration is here
  398 |   int kind;
      |       ^~~~
/var/www/chino/.venv-whisper/lib/python3.12/site-packages/torch/include/torch/csrc/jit/frontend/lexer.h: In constructor ‘torch::jit::Token::Token(int, torch::jit::SourceRange)’:
/var/www/chino/.venv-whisper/lib/python3.12/site-packages/torch/include/torch/csrc/jit/frontend/lexer.h:400:31: warning: declaration of ‘range’ shadows a member of ‘torch::jit::Token’ [-Wshadow]
  400 |   Token(int kind, SourceRange range) : kind(kind), range(std::move(range)) {}
      |                   ~~~~~~~~~~~~^~~~~
/var/www/chino/.venv-whisper/lib/python3.12/site-packages/torch/include/torch/csrc/jit/frontend/lexer.h:399:15: note: shadowed declaration is here
  399 |   SourceRange range;
      |               ^~~~~
/var/www/chino/.venv-whisper/lib/python3.12/site-packages/torch/include/torch/csrc/jit/frontend/lexer.h:400:13: warning: declaration of ‘kind’ shadows a member of ‘torch::jit::Token’ [-Wshadow]
  400 |   Token(int kind, SourceRange range) : kind(kind), range(std::move(range)) {}
      |         ~~~~^~~~
/var/www/chino/.venv-whisper/lib/python3.12/site-packages/torch/include/torch/csrc/jit/frontend/lexer.h:398:7: note: shadowed declaration is here
  398 |   int kind;
      |       ^~~~
/var/www/chino/.venv-whisper/lib/python3.12/site-packages/torch/include/torch/csrc/jit/frontend/lexer.h: In constructor ‘torch::jit::Lexer::Lexer(std::shared_ptr<torch::jit::Source>)’:
/var/www/chino/.venv-whisper/lib/python3.12/site-packages/torch/include/torch/csrc/jit/frontend/lexer.h:415:42: warning: declaration of ‘source’ shadows a member of ‘torch::jit::Lexer’ [-Wshadow]
  415 |   explicit Lexer(std::shared_ptr<Source> source)
      |                  ~~~~~~~~~~~~~~~~~~~~~~~~^~~~~~
/var/www/chino/.venv-whisper/lib/python3.12/site-packages/torch/include/torch/csrc/jit/frontend/lexer.h:554:27: note: shadowed declaration is here
  554 |   std::shared_ptr<Source> source;
      |                           ^~~~~~
/var/www/chino/.venv-whisper/lib/python3.12/site-packages/torch/include/torch/csrc/jit/frontend/lexer.h: In constructor ‘torch::jit::Lexer::Lexer(std::shared_ptr<torch::jit::Source>)’:
/var/www/chino/.venv-whisper/lib/python3.12/site-packages/torch/include/torch/csrc/jit/frontend/lexer.h:415:42: warning: declaration of ‘source’ shadows a member of ‘torch::jit::Lexer’ [-Wshadow]
  415 |   explicit Lexer(std::shared_ptr<Source> source)
      |                  ~~~~~~~~~~~~~~~~~~~~~~~~^~~~~~
/var/www/chino/.venv-whisper/lib/python3.12/site-packages/torch/include/torch/csrc/jit/frontend/lexer.h:554:27: note: shadowed declaration is here
  554 |   std::shared_ptr<Source> source;
      |                           ^~~~~~
/var/www/chino/.venv-whisper/lib/python3.12/site-packages/torch/include/torch/csrc/jit/frontend/lexer.h: In constructor ‘torch::jit::Lexer::Lexer(std::shared_ptr<torch::jit::Source>)’:
/var/www/chino/.venv-whisper/lib/python3.12/site-packages/torch/include/torch/csrc/jit/frontend/lexer.h:415:42: warning: declaration of ‘source’ shadows a member of ‘torch::jit::Lexer’ [-Wshadow]
  415 |   explicit Lexer(std::shared_ptr<Source> source)
      |                  ~~~~~~~~~~~~~~~~~~~~~~~~^~~~~~
/var/www/chino/.venv-whisper/lib/python3.12/site-packages/torch/include/torch/csrc/jit/frontend/lexer.h:554:27: note: shadowed declaration is here
  554 |   std::shared_ptr<Source> source;
      |                           ^~~~~~
/var/www/chino/.venv-whisper/lib/python3.12/site-packages/torch/include/torch/csrc/jit/frontend/tree.h: In constructor ‘torch::jit::Tree::Tree(int)’:
/var/www/chino/.venv-whisper/lib/python3.12/site-packages/torch/include/torch/csrc/jit/frontend/tree.h:34:12: warning: declaration of ‘kind_’ shadows a member of ‘torch::jit::Tree’ [-Wshadow]
   34 |   Tree(int kind_) : kind_(kind_) {}
      |        ~~~~^~~~~
/var/www/chino/.venv-whisper/lib/python3.12/site-packages/torch/include/torch/csrc/jit/frontend/tree.h:107:7: note: shadowed declaration is here
  107 |   int kind_;
      |       ^~~~~
/var/www/chino/.venv-whisper/lib/python3.12/site-packages/torch/include/torch/csrc/jit/frontend/tree.h: In constructor ‘torch::jit::Tree::Tree(int)’:
/var/www/chino/.venv-whisper/lib/python3.12/site-packages/torch/include/torch/csrc/jit/frontend/tree.h:34:12: warning: declaration of ‘kind_’ shadows a member of ‘torch::jit::Tree’ [-Wshadow]
   34 |   Tree(int kind_) : kind_(kind_) {}
      |        ~~~~^~~~~
/var/www/chino/.venv-whisper/lib/python3.12/site-packages/torch/include/torch/csrc/jit/frontend/tree.h:107:7: note: shadowed declaration is here
  107 |   int kind_;
      |       ^~~~~
/var/www/chino/.venv-whisper/lib/python3.12/site-packages/torch/include/torch/csrc/jit/frontend/tree.h: In constructor ‘torch::jit::Tree::Tree(int)’:
/var/www/chino/.venv-whisper/lib/python3.12/site-packages/torch/include/torch/csrc/jit/frontend/tree.h:34:12: warning: declaration of ‘kind_’ shadows a member of ‘torch::jit::Tree’ [-Wshadow]
   34 |   Tree(int kind_) : kind_(kind_) {}
      |        ~~~~^~~~~
/var/www/chino/.venv-whisper/lib/python3.12/site-packages/torch/include/torch/csrc/jit/frontend/tree.h:107:7: note: shadowed declaration is here
  107 |   int kind_;
      |       ^~~~~
/var/www/chino/.venv-whisper/lib/python3.12/site-packages/torch/include/torch/csrc/jit/frontend/tree.h: In constructor ‘torch::jit::Compound::Compound(int, const torch::jit::SourceRange&, torch::jit::TreeList&&)’:
/var/www/chino/.venv-whisper/lib/python3.12/site-packages/torch/include/torch/csrc/jit/frontend/tree.h:138:60: warning: declaration of ‘trees_’ shadows a member of ‘torch::jit::Compound’ [-Wshadow]
  138 |   Compound(int kind, const SourceRange& range_, TreeList&& trees_)
      |                                                 ~~~~~~~~~~~^~~~~~
/var/www/chino/.venv-whisper/lib/python3.12/site-packages/torch/include/torch/csrc/jit/frontend/tree.h:168:12: note: shadowed declaration is here
  168 |   TreeList trees_;
      |            ^~~~~~
/var/www/chino/.venv-whisper/lib/python3.12/site-packages/torch/include/torch/csrc/jit/frontend/tree.h:138:41: warning: declaration of ‘range_’ shadows a member of ‘torch::jit::Compound’ [-Wshadow]
  138 |   Compound(int kind, const SourceRange& range_, TreeList&& trees_)
      |                      ~~~~~~~~~~~~~~~~~~~^~~~~~
/var/www/chino/.venv-whisper/lib/python3.12/site-packages/torch/include/torch/csrc/jit/frontend/tree.h:167:15: note: shadowed declaration is here
  167 |   SourceRange range_;
      |               ^~~~~~
/var/www/chino/.venv-whisper/lib/python3.12/site-packages/torch/include/torch/csrc/jit/frontend/tree.h: In constructor ‘torch::jit::Compound::Compound(int, const torch::jit::SourceRange&, torch::jit::TreeList&&)’:
/var/www/chino/.venv-whisper/lib/python3.12/site-packages/torch/include/torch/csrc/jit/frontend/tree.h:138:60: warning: declaration of ‘trees_’ shadows a member of ‘torch::jit::Compound’ [-Wshadow]
  138 |   Compound(int kind, const SourceRange& range_, TreeList&& trees_)
      |                                                 ~~~~~~~~~~~^~~~~~
/var/www/chino/.venv-whisper/lib/python3.12/site-packages/torch/include/torch/csrc/jit/frontend/tree.h:168:12: note: shadowed declaration is here
  168 |   TreeList trees_;
      |            ^~~~~~
/var/www/chino/.venv-whisper/lib/python3.12/site-packages/torch/include/torch/csrc/jit/frontend/tree.h:138:41: warning: declaration of ‘range_’ shadows a member of ‘torch::jit::Compound’ [-Wshadow]
  138 |   Compound(int kind, const SourceRange& range_, TreeList&& trees_)
      |                      ~~~~~~~~~~~~~~~~~~~^~~~~~
/var/www/chino/.venv-whisper/lib/python3.12/site-packages/torch/include/torch/csrc/jit/frontend/tree.h:167:15: note: shadowed declaration is here
  167 |   SourceRange range_;
      |               ^~~~~~
/var/www/chino/.venv-whisper/lib/python3.12/site-packages/torch/include/torch/csrc/jit/frontend/tree.h: In constructor ‘torch::jit::Compound::Compound(int, const torch::jit::SourceRange&, torch::jit::TreeList&&)’:
/var/www/chino/.venv-whisper/lib/python3.12/site-packages/torch/include/torch/csrc/jit/frontend/tree.h:138:60: warning: declaration of ‘trees_’ shadows a member of ‘torch::jit::Compound’ [-Wshadow]
  138 |   Compound(int kind, const SourceRange& range_, TreeList&& trees_)
      |                                                 ~~~~~~~~~~~^~~~~~
/var/www/chino/.venv-whisper/lib/python3.12/site-packages/torch/include/torch/csrc/jit/frontend/tree.h:168:12: note: shadowed declaration is here
  168 |   TreeList trees_;
      |            ^~~~~~
/var/www/chino/.venv-whisper/lib/python3.12/site-packages/torch/include/torch/csrc/jit/frontend/tree.h:138:41: warning: declaration of ‘range_’ shadows a member of ‘torch::jit::Compound’ [-Wshadow]
  138 |   Compound(int kind, const SourceRange& range_, TreeList&& trees_)
      |                      ~~~~~~~~~~~~~~~~~~~^~~~~~
/var/www/chino/.venv-whisper/lib/python3.12/site-packages/torch/include/torch/csrc/jit/frontend/tree.h:167:15: note: shadowed declaration is here
  167 |   SourceRange range_;
      |               ^~~~~~
/var/www/chino/.venv-whisper/lib/python3.12/site-packages/torch/include/torch/csrc/jit/frontend/tree.h: In constructor ‘torch::jit::pretty_tree::pretty_tree(const torch::jit::TreeRef&, size_t)’:
/var/www/chino/.venv-whisper/lib/python3.12/site-packages/torch/include/torch/csrc/jit/frontend/tree.h:173:43: warning: declaration of ‘col’ shadows a member of ‘torch::jit::pretty_tree’ [-Wshadow]
  173 |   pretty_tree(const TreeRef& tree, size_t col = 40) : tree(tree), col(col) {}
      |                                    ~~~~~~~^~~~~~~~
/var/www/chino/.venv-whisper/lib/python3.12/site-packages/torch/include/torch/csrc/jit/frontend/tree.h:175:10: note: shadowed declaration is here
  175 |   size_t col;
      |          ^~~
/var/www/chino/.venv-whisper/lib/python3.12/site-packages/torch/include/torch/csrc/jit/frontend/tree.h:173:30: warning: declaration of ‘tree’ shadows a member of ‘torch::jit::pretty_tree’ [-Wshadow]
  173 |   pretty_tree(const TreeRef& tree, size_t col = 40) : tree(tree), col(col) {}
      |               ~~~~~~~~~~~~~~~^~~~
/var/www/chino/.venv-whisper/lib/python3.12/site-packages/torch/include/torch/csrc/jit/frontend/tree.h:174:18: note: shadowed declaration is here
  174 |   const TreeRef& tree;
      |                  ^~~~
/var/www/chino/.venv-whisper/lib/python3.12/site-packages/torch/include/torch/csrc/jit/frontend/tree.h: In constructor ‘torch::jit::pretty_tree::pretty_tree(const torch::jit::TreeRef&, size_t)’:
/var/www/chino/.venv-whisper/lib/python3.12/site-packages/torch/include/torch/csrc/jit/frontend/tree.h:173:43: warning: declaration of ‘col’ shadows a member of ‘torch::jit::pretty_tree’ [-Wshadow]
  173 |   pretty_tree(const TreeRef& tree, size_t col = 40) : tree(tree), col(col) {}
      |                                    ~~~~~~~^~~~~~~~
/var/www/chino/.venv-whisper/lib/python3.12/site-packages/torch/include/torch/csrc/jit/frontend/tree.h:175:10: note: shadowed declaration is here
  175 |   size_t col;
      |          ^~~
/var/www/chino/.venv-whisper/lib/python3.12/site-packages/torch/include/torch/csrc/jit/frontend/tree.h:173:30: warning: declaration of ‘tree’ shadows a member of ‘torch::jit::pretty_tree’ [-Wshadow]
  173 |   pretty_tree(const TreeRef& tree, size_t col = 40) : tree(tree), col(col) {}
      |               ~~~~~~~~~~~~~~~^~~~
/var/www/chino/.venv-whisper/lib/python3.12/site-packages/torch/include/torch/csrc/jit/frontend/tree.h:174:18: note: shadowed declaration is here
  174 |   const TreeRef& tree;
      |                  ^~~~
/var/www/chino/.venv-whisper/lib/python3.12/site-packages/torch/include/torch/csrc/jit/frontend/tree.h: In constructor ‘torch::jit::pretty_tree::pretty_tree(const torch::jit::TreeRef&, size_t)’:
/var/www/chino/.venv-whisper/lib/python3.12/site-packages/torch/include/torch/csrc/jit/frontend/tree.h:173:43: warning: declaration of ‘col’ shadows a member of ‘torch::jit::pretty_tree’ [-Wshadow]
  173 |   pretty_tree(const TreeRef& tree, size_t col = 40) : tree(tree), col(col) {}
      |                                    ~~~~~~~^~~~~~~~
/var/www/chino/.venv-whisper/lib/python3.12/site-packages/torch/include/torch/csrc/jit/frontend/tree.h:175:10: note: shadowed declaration is here
  175 |   size_t col;
      |          ^~~
/var/www/chino/.venv-whisper/lib/python3.12/site-packages/torch/include/torch/csrc/jit/frontend/tree.h:173:30: warning: declaration of ‘tree’ shadows a member of ‘torch::jit::pretty_tree’ [-Wshadow]
  173 |   pretty_tree(const TreeRef& tree, size_t col = 40) : tree(tree), col(col) {}
      |               ~~~~~~~~~~~~~~~^~~~
/var/www/chino/.venv-whisper/lib/python3.12/site-packages/torch/include/torch/csrc/jit/frontend/tree.h:174:18: note: shadowed declaration is here
  174 |   const TreeRef& tree;
      |                  ^~~~
/var/www/chino/.venv-whisper/lib/python3.12/site-packages/torch/include/torch/csrc/jit/frontend/tree.h: In member function ‘void torch::jit::pretty_tree::print(std::ostream&, const torch::jit::TreeRef&, int)’:
/var/www/chino/.venv-whisper/lib/python3.12/site-packages/torch/include/torch/csrc/jit/frontend/tree.h:200:9: warning: conversion to ‘std::__cxx11::basic_string<char>::size_type’ {aka ‘long unsigned int’} from ‘int’ may change the sign of the result [-Wsign-conversion]
  200 |     if (indent + s.size() < col || t->isAtom()) {
      |         ^~~~~~
/var/www/chino/.venv-whisper/lib/python3.12/site-packages/torch/include/torch/csrc/jit/frontend/tree.h:207:41: warning: conversion to ‘std::__cxx11::basic_string<char>::size_type’ {aka ‘long unsigned int’} from ‘int’ may change the sign of the result [-Wsign-conversion]
  207 |       out << '\n' << std::string(indent + 2, ' ');
      |                                  ~~~~~~~^~~
/var/www/chino/.venv-whisper/lib/python3.12/site-packages/torch/include/torch/csrc/jit/frontend/sugared_value.h: In member function ‘virtual torch::jit::Value* torch::jit::SugaredValue::asValue(const torch::jit::SourceRange&, torch::jit::GraphFunction&)’:
/var/www/chino/.venv-whisper/lib/python3.12/site-packages/torch/include/torch/csrc/jit/frontend/sugared_value.h:35:65: warning: unused parameter ‘m’ [-Wunused-parameter]
   35 |   virtual Value* asValue(const SourceRange& loc, GraphFunction& m) {
      |                                                  ~~~~~~~~~~~~~~~^
/var/www/chino/.venv-whisper/lib/python3.12/site-packages/torch/include/torch/csrc/jit/frontend/sugared_value.h: In member function ‘virtual std::shared_ptr<torch::jit::SugaredValue> torch::jit::SugaredValue::attr(const torch::jit::SourceRange&, torch::jit::GraphFunction&, const std::string&)’:
/var/www/chino/.venv-whisper/lib/python3.12/site-packages/torch/include/torch/csrc/jit/frontend/sugared_value.h:42:22: warning: unused parameter ‘m’ [-Wunused-parameter]
   42 |       GraphFunction& m,
      |       ~~~~~~~~~~~~~~~^
/var/www/chino/.venv-whisper/lib/python3.12/site-packages/torch/include/torch/csrc/jit/frontend/sugared_value.h:43:26: warning: unused parameter ‘field’ [-Wunused-parameter]
   43 |       const std::string& field) {
      |       ~~~~~~~~~~~~~~~~~~~^~~~~
/var/www/chino/.venv-whisper/lib/python3.12/site-packages/torch/include/torch/csrc/jit/frontend/sugared_value.h: In member function ‘virtual bool torch::jit::SugaredValue::hasAttr(const torch::jit::SourceRange&, torch::jit::GraphFunction&, const std::string&)’:
/var/www/chino/.venv-whisper/lib/python3.12/site-packages/torch/include/torch/csrc/jit/frontend/sugared_value.h:49:22: warning: unused parameter ‘m’ [-Wunused-parameter]
   49 |       GraphFunction& m,
      |       ~~~~~~~~~~~~~~~^
/var/www/chino/.venv-whisper/lib/python3.12/site-packages/torch/include/torch/csrc/jit/frontend/sugared_value.h:50:26: warning: unused parameter ‘field’ [-Wunused-parameter]
   50 |       const std::string& field) {
      |       ~~~~~~~~~~~~~~~~~~~^~~~~
/var/www/chino/.venv-whisper/lib/python3.12/site-packages/torch/include/torch/csrc/jit/frontend/sugared_value.h: In member function ‘virtual void torch::jit::SugaredValue::setAttr(const torch::jit::SourceRange&, torch::jit::GraphFunction&, const std::string&, torch::jit::Value*)’:
/var/www/chino/.venv-whisper/lib/python3.12/site-packages/torch/include/torch/csrc/jit/frontend/sugared_value.h:57:22: warning: unused parameter ‘m’ [-Wunused-parameter]
   57 |       GraphFunction& m,
      |       ~~~~~~~~~~~~~~~^
/var/www/chino/.venv-whisper/lib/python3.12/site-packages/torch/include/torch/csrc/jit/frontend/sugared_value.h:58:26: warning: unused parameter ‘field’ [-Wunused-parameter]
   58 |       const std::string& field,
      |       ~~~~~~~~~~~~~~~~~~~^~~~~
/var/www/chino/.venv-whisper/lib/python3.12/site-packages/torch/include/torch/csrc/jit/frontend/sugared_value.h:59:14: warning: unused parameter ‘newValue’ [-Wunused-parameter]
   59 |       Value* newValue) {
      |       ~~~~~~~^~~~~~~~
/var/www/chino/.venv-whisper/lib/python3.12/site-packages/torch/include/torch/csrc/jit/frontend/sugared_value.h: In member function ‘virtual std::vector<std::shared_ptr<torch::jit::SugaredValue> > torch::jit::SugaredValue::asTuple(const torch::jit::SourceRange&, torch::jit::GraphFunction&, const std::optional<long unsigned int>&)’:
/var/www/chino/.venv-whisper/lib/python3.12/site-packages/torch/include/torch/csrc/jit/frontend/sugared_value.h:69:22: warning: unused parameter ‘m’ [-Wunused-parameter]
   69 |       GraphFunction& m,
      |       ~~~~~~~~~~~~~~~^
/var/www/chino/.venv-whisper/lib/python3.12/site-packages/torch/include/torch/csrc/jit/frontend/sugared_value.h:70:36: warning: unused parameter ‘size_hint’ [-Wunused-parameter]
   70 |       const std::optional<size_t>& size_hint = {}) {
      |       ~~~~~~~~~~~~~~~~~~~~~~~~~~~~~^~~~~~~~~~~~~~
/var/www/chino/.venv-whisper/lib/python3.12/site-packages/torch/include/torch/csrc/jit/frontend/sugared_value.h: In member function ‘virtual torch::jit::SugaredValuePtr torch::jit::SugaredValue::asTupleValue(const torch::jit::SourceRange&, torch::jit::GraphFunction&)’:
/var/www/chino/.venv-whisper/lib/python3.12/site-packages/torch/include/torch/csrc/jit/frontend/sugared_value.h:77:22: warning: unused parameter ‘m’ [-Wunused-parameter]
   77 |       GraphFunction& m) {
      |       ~~~~~~~~~~~~~~~^
/var/www/chino/.venv-whisper/lib/python3.12/site-packages/torch/include/torch/csrc/jit/frontend/sugared_value.h: In member function ‘virtual std::vector<std::shared_ptr<torch::jit::SugaredValue> > torch::jit::SugaredValue::asType(const torch::jit::SourceRange&, torch::jit::Method&)’:
/var/www/chino/.venv-whisper/lib/python3.12/site-packages/torch/include/torch/csrc/jit/frontend/sugared_value.h:83:15: warning: unused parameter ‘m’ [-Wunused-parameter]
   83 |       Method& m) {
      |       ~~~~~~~~^
/var/www/chino/.venv-whisper/lib/python3.12/site-packages/torch/include/torch/csrc/jit/frontend/sugared_value.h: In member function ‘virtual std::shared_ptr<torch::jit::SugaredValue> torch::jit::SugaredValue::call(const torch::jit::SourceRange&, torch::jit::GraphFunction&, c10::ArrayRef<torch::jit::NamedValue>, c10::ArrayRef<torch::jit::NamedValue>, size_t)’:
/var/www/chino/.venv-whisper/lib/python3.12/site-packages/torch/include/torch/csrc/jit/frontend/sugared_value.h:90:22: warning: unused parameter ‘m’ [-Wunused-parameter]
   90 |       GraphFunction& m,
      |       ~~~~~~~~~~~~~~~^
/var/www/chino/.venv-whisper/lib/python3.12/site-packages/torch/include/torch/csrc/jit/frontend/sugared_value.h:92:32: warning: unused parameter ‘args’ [-Wunused-parameter]
   92 |       at::ArrayRef<NamedValue> args,
      |       ~~~~~~~~~~~~~~~~~~~~~~~~~^~~~
/var/www/chino/.venv-whisper/lib/python3.12/site-packages/torch/include/torch/csrc/jit/frontend/sugared_value.h:93:32: warning: unused parameter ‘kwargs’ [-Wunused-parameter]
   93 |       at::ArrayRef<NamedValue> kwargs,
      |       ~~~~~~~~~~~~~~~~~~~~~~~~~^~~~~~
/var/www/chino/.venv-whisper/lib/python3.12/site-packages/torch/include/torch/csrc/jit/frontend/sugared_value.h:94:14: warning: unused parameter ‘n_binders’ [-Wunused-parameter]
   94 |       size_t n_binders) {
      |       ~~~~~~~^~~~~~~~~
/var/www/chino/.venv-whisper/lib/python3.12/site-packages/torch/include/torch/csrc/jit/frontend/sugared_value.h: In member function ‘virtual std::shared_ptr<torch::jit::SugaredValue> torch::jit::SugaredValue::iter(const torch::jit::SourceRange&, torch::jit::GraphFunction&)’:
/var/www/chino/.venv-whisper/lib/python3.12/site-packages/torch/include/torch/csrc/jit/frontend/sugared_value.h:116:22: warning: unused parameter ‘m’ [-Wunused-parameter]
  116 |       GraphFunction& m) {
      |       ~~~~~~~~~~~~~~~^
/var/www/chino/.venv-whisper/lib/python3.12/site-packages/torch/include/torch/csrc/jit/frontend/sugared_value.h: In member function ‘virtual torch::jit::Value* torch::jit::SugaredValue::len(const torch::jit::SourceRange&, torch::jit::GraphFunction&)’:
/var/www/chino/.venv-whisper/lib/python3.12/site-packages/torch/include/torch/csrc/jit/frontend/sugared_value.h:138:61: warning: unused parameter ‘m’ [-Wunused-parameter]
  138 |   virtual Value* len(const SourceRange& loc, GraphFunction& m) {
      |                                              ~~~~~~~~~~~~~~~^
/var/www/chino/.venv-whisper/lib/python3.12/site-packages/torch/include/torch/csrc/jit/frontend/sugared_value.h: In member function ‘virtual std::shared_ptr<torch::jit::SugaredValue> torch::jit::SugaredValue::getitem(const torch::jit::SourceRange&, torch::jit::GraphFunction&, torch::jit::Value*, c10::TypePtr)’:
/var/www/chino/.venv-whisper/lib/python3.12/site-packages/torch/include/torch/csrc/jit/frontend/sugared_value.h:146:22: warning: unused parameter ‘m’ [-Wunused-parameter]
  146 |       GraphFunction& m,
      |       ~~~~~~~~~~~~~~~^
/var/www/chino/.venv-whisper/lib/python3.12/site-packages/torch/include/torch/csrc/jit/frontend/sugared_value.h:147:14: warning: unused parameter ‘idx’ [-Wunused-parameter]
  147 |       Value* idx,
      |       ~~~~~~~^~~
/var/www/chino/.venv-whisper/lib/python3.12/site-packages/torch/include/torch/csrc/jit/frontend/sugared_value.h:148:15: warning: unused parameter ‘type_hint’ [-Wunused-parameter]
  148 |       TypePtr type_hint = nullptr) {
      |       ~~~~~~~~^~~~~~~~~~~~~~~~~~~
/var/www/chino/.venv-whisper/lib/python3.12/site-packages/torch/include/torch/csrc/jit/frontend/sugared_value.h: In member function ‘virtual torch::jit::Value* torch::jit::SimpleValue::asValue(const torch::jit::SourceRange&, torch::jit::GraphFunction&)’:
/var/www/chino/.venv-whisper/lib/python3.12/site-packages/torch/include/torch/csrc/jit/frontend/sugared_value.h:167:37: warning: unused parameter ‘range’ [-Wunused-parameter]
  167 |   Value* asValue(const SourceRange& range, GraphFunction& m) override {
      |                  ~~~~~~~~~~~~~~~~~~~^~~~~
/var/www/chino/.venv-whisper/lib/python3.12/site-packages/torch/include/torch/csrc/jit/frontend/sugared_value.h:167:59: warning: unused parameter ‘m’ [-Wunused-parameter]
  167 |   Value* asValue(const SourceRange& range, GraphFunction& m) override {
      |                                            ~~~~~~~~~~~~~~~^
/var/www/chino/.venv-whisper/lib/python3.12/site-packages/torch/include/torch/csrc/jit/frontend/sugared_value.h: In constructor ‘torch::jit::BuiltinFunction::BuiltinFunction(c10::Symbol, std::optional<torch::jit::NamedValue>)’:
/var/www/chino/.venv-whisper/lib/python3.12/site-packages/torch/include/torch/csrc/jit/frontend/sugared_value.h:217:60: warning: declaration of ‘self’ shadows a member of ‘torch::jit::BuiltinFunction’ [-Wshadow]
  217 |   BuiltinFunction(Symbol symbol, std::optional<NamedValue> self)
      |                                  ~~~~~~~~~~~~~~~~~~~~~~~~~~^~~~
/var/www/chino/.venv-whisper/lib/python3.12/site-packages/torch/include/torch/csrc/jit/frontend/sugared_value.h:224:29: note: shadowed declaration is here
  224 |   std::optional<NamedValue> self;
      |                             ^~~~
/var/www/chino/.venv-whisper/lib/python3.12/site-packages/torch/include/torch/csrc/jit/frontend/sugared_value.h:217:26: warning: declaration of ‘symbol’ shadows a member of ‘torch::jit::BuiltinFunction’ [-Wshadow]
  217 |   BuiltinFunction(Symbol symbol, std::optional<NamedValue> self)
      |                   ~~~~~~~^~~~~~
/var/www/chino/.venv-whisper/lib/python3.12/site-packages/torch/include/torch/csrc/jit/frontend/sugared_value.h:221:10: note: shadowed declaration is here
  221 |   Symbol symbol;
      |          ^~~~~~
/var/www/chino/.venv-whisper/lib/python3.12/site-packages/torch/include/torch/csrc/jit/frontend/sugared_value.h: In constructor ‘torch::jit::BuiltinFunction::BuiltinFunction(c10::Symbol, std::optional<torch::jit::NamedValue>)’:
/var/www/chino/.venv-whisper/lib/python3.12/site-packages/torch/include/torch/csrc/jit/frontend/sugared_value.h:217:60: warning: declaration of ‘self’ shadows a member of ‘torch::jit::BuiltinFunction’ [-Wshadow]
  217 |   BuiltinFunction(Symbol symbol, std::optional<NamedValue> self)
      |                                  ~~~~~~~~~~~~~~~~~~~~~~~~~~^~~~
/var/www/chino/.venv-whisper/lib/python3.12/site-packages/torch/include/torch/csrc/jit/frontend/sugared_value.h:224:29: note: shadowed declaration is here
  224 |   std::optional<NamedValue> self;
      |                             ^~~~
/var/www/chino/.venv-whisper/lib/python3.12/site-packages/torch/include/torch/csrc/jit/frontend/sugared_value.h:217:26: warning: declaration of ‘symbol’ shadows a member of ‘torch::jit::BuiltinFunction’ [-Wshadow]
  217 |   BuiltinFunction(Symbol symbol, std::optional<NamedValue> self)
      |                   ~~~~~~~^~~~~~
/var/www/chino/.venv-whisper/lib/python3.12/site-packages/torch/include/torch/csrc/jit/frontend/sugared_value.h:221:10: note: shadowed declaration is here
  221 |   Symbol symbol;
      |          ^~~~~~
/var/www/chino/.venv-whisper/lib/python3.12/site-packages/torch/include/torch/csrc/jit/frontend/sugared_value.h: In constructor ‘torch::jit::BuiltinFunction::BuiltinFunction(c10::Symbol, std::optional<torch::jit::NamedValue>)’:
/var/www/chino/.venv-whisper/lib/python3.12/site-packages/torch/include/torch/csrc/jit/frontend/sugared_value.h:217:60: warning: declaration of ‘self’ shadows a member of ‘torch::jit::BuiltinFunction’ [-Wshadow]
  217 |   BuiltinFunction(Symbol symbol, std::optional<NamedValue> self)
      |                                  ~~~~~~~~~~~~~~~~~~~~~~~~~~^~~~
/var/www/chino/.venv-whisper/lib/python3.12/site-packages/torch/include/torch/csrc/jit/frontend/sugared_value.h:224:29: note: shadowed declaration is here
  224 |   std::optional<NamedValue> self;
      |                             ^~~~
/var/www/chino/.venv-whisper/lib/python3.12/site-packages/torch/include/torch/csrc/jit/frontend/sugared_value.h:217:26: warning: declaration of ‘symbol’ shadows a member of ‘torch::jit::BuiltinFunction’ [-Wshadow]
  217 |   BuiltinFunction(Symbol symbol, std::optional<NamedValue> self)
      |                   ~~~~~~~^~~~~~
/var/www/chino/.venv-whisper/lib/python3.12/site-packages/torch/include/torch/csrc/jit/frontend/sugared_value.h:221:10: note: shadowed declaration is here
  221 |   Symbol symbol;
      |          ^~~~~~
/var/www/chino/.venv-whisper/lib/python3.12/site-packages/torch/include/torch/csrc/jit/frontend/sugared_value.h: In member function ‘virtual std::vector<std::shared_ptr<torch::jit::SugaredValue> > torch::jit::SugaredTupleValue::asTuple(const torch::jit::SourceRange&, torch::jit::GraphFunction&, const std::optional<long unsigned int>&)’:
/var/www/chino/.venv-whisper/lib/python3.12/site-packages/torch/include/torch/csrc/jit/frontend/sugared_value.h:248:26: warning: unused parameter ‘loc’ [-Wunused-parameter]
  248 |       const SourceRange& loc,
      |       ~~~~~~~~~~~~~~~~~~~^~~
/var/www/chino/.venv-whisper/lib/python3.12/site-packages/torch/include/torch/csrc/jit/frontend/sugared_value.h:249:22: warning: unused parameter ‘m’ [-Wunused-parameter]
  249 |       GraphFunction& m,
      |       ~~~~~~~~~~~~~~~^
/var/www/chino/.venv-whisper/lib/python3.12/site-packages/torch/include/torch/csrc/jit/frontend/sugared_value.h:250:36: warning: unused parameter ‘size_hint’ [-Wunused-parameter]
  250 |       const std::optional<size_t>& size_hint = {}) override {
      |       ~~~~~~~~~~~~~~~~~~~~~~~~~~~~~^~~~~~~~~~~~~~
/var/www/chino/.venv-whisper/lib/python3.12/site-packages/torch/include/torch/csrc/jit/frontend/sugared_value.h: In member function ‘virtual torch::jit::SugaredValuePtr torch::jit::SugaredTupleValue::getitem(const torch::jit::SourceRange&, torch::jit::GraphFunction&, torch::jit::Value*, c10::TypePtr)’:
/var/www/chino/.venv-whisper/lib/python3.12/site-packages/torch/include/torch/csrc/jit/frontend/sugared_value.h:289:20: warning: conversion to ‘std::vector<std::shared_ptr<torch::jit::SugaredValue> >::size_type’ {aka ‘long unsigned int’} from ‘int64_t’ {aka ‘long int’} may change the sign of the result [-Wsign-conversion]
  289 |     return tup_.at(adj_index);
      |                    ^~~~~~~~~
/var/www/chino/.venv-whisper/lib/python3.12/site-packages/torch/include/torch/csrc/jit/frontend/sugared_value.h:270:22: warning: unused parameter ‘m’ [-Wunused-parameter]
  270 |       GraphFunction& m,
      |       ~~~~~~~~~~~~~~~^
/var/www/chino/.venv-whisper/lib/python3.12/site-packages/torch/include/torch/csrc/jit/frontend/sugared_value.h:272:15: warning: unused parameter ‘type_hint’ [-Wunused-parameter]
  272 |       TypePtr type_hint = nullptr) override {
      |       ~~~~~~~~^~~~~~~~~~~~~~~~~~~
/var/www/chino/.venv-whisper/lib/python3.12/site-packages/torch/include/torch/csrc/jit/frontend/sugared_value.h: In member function ‘virtual std::shared_ptr<torch::jit::SugaredValue> torch::jit::SugaredTupleValue::iter(const torch::jit::SourceRange&, torch::jit::GraphFunction&)’:
/var/www/chino/.venv-whisper/lib/python3.12/site-packages/torch/include/torch/csrc/jit/frontend/sugared_value.h:295:57: warning: unused parameter ‘loc’ [-Wunused-parameter]
  295 |   std::shared_ptr<SugaredValue> iter(const SourceRange& loc, GraphFunction& m)
      |                                      ~~~~~~~~~~~~~~~~~~~^~~
/var/www/chino/.venv-whisper/lib/python3.12/site-packages/torch/include/torch/csrc/jit/frontend/sugared_value.h:295:77: warning: unused parameter ‘m’ [-Wunused-parameter]
  295 |   std::shared_ptr<SugaredValue> iter(const SourceRange& loc, GraphFunction& m)
      |                                                              ~~~~~~~~~~~~~~~^
/var/www/chino/.venv-whisper/lib/python3.12/site-packages/torch/include/torch/csrc/jit/frontend/sugared_value.h: In constructor ‘torch::jit::BuiltinModule::BuiltinModule(std::string, std::optional<long int>)’:
/var/www/chino/.venv-whisper/lib/python3.12/site-packages/torch/include/torch/csrc/jit/frontend/sugared_value.h:311:58: warning: declaration of ‘version’ shadows a member of ‘torch::jit::BuiltinModule’ [-Wshadow]
  311 |   BuiltinModule(std::string name, std::optional<int64_t> version = std::nullopt)
      |                                   ~~~~~~~~~~~~~~~~~~~~~~~^~~~~~~~~~~~~~~~~~~~~~
/var/www/chino/.venv-whisper/lib/python3.12/site-packages/torch/include/torch/csrc/jit/frontend/sugared_value.h:336:26: note: shadowed declaration is here
  336 |   std::optional<int64_t> version;
      |                          ^~~~~~~
/var/www/chino/.venv-whisper/lib/python3.12/site-packages/torch/include/torch/csrc/jit/frontend/sugared_value.h:311:29: warning: declaration of ‘name’ shadows a member of ‘torch::jit::BuiltinModule’ [-Wshadow]
  311 |   BuiltinModule(std::string name, std::optional<int64_t> version = std::nullopt)
      |                 ~~~~~~~~~~~~^~~~
/var/www/chino/.venv-whisper/lib/python3.12/site-packages/torch/include/torch/csrc/jit/frontend/sugared_value.h:333:15: note: shadowed declaration is here
  333 |   std::string name;
      |               ^~~~
/var/www/chino/.venv-whisper/lib/python3.12/site-packages/torch/include/torch/csrc/jit/frontend/sugared_value.h: In constructor ‘torch::jit::BuiltinModule::BuiltinModule(std::string, std::optional<long int>)’:
/var/www/chino/.venv-whisper/lib/python3.12/site-packages/torch/include/torch/csrc/jit/frontend/sugared_value.h:311:58: warning: declaration of ‘version’ shadows a member of ‘torch::jit::BuiltinModule’ [-Wshadow]
  311 |   BuiltinModule(std::string name, std::optional<int64_t> version = std::nullopt)
      |                                   ~~~~~~~~~~~~~~~~~~~~~~~^~~~~~~~~~~~~~~~~~~~~~
/var/www/chino/.venv-whisper/lib/python3.12/site-packages/torch/include/torch/csrc/jit/frontend/sugared_value.h:336:26: note: shadowed declaration is here
  336 |   std::optional<int64_t> version;
      |                          ^~~~~~~
/var/www/chino/.venv-whisper/lib/python3.12/site-packages/torch/include/torch/csrc/jit/frontend/sugared_value.h:311:29: warning: declaration of ‘name’ shadows a member of ‘torch::jit::BuiltinModule’ [-Wshadow]
  311 |   BuiltinModule(std::string name, std::optional<int64_t> version = std::nullopt)
      |                 ~~~~~~~~~~~~^~~~
/var/www/chino/.venv-whisper/lib/python3.12/site-packages/torch/include/torch/csrc/jit/frontend/sugared_value.h:333:15: note: shadowed declaration is here
  333 |   std::string name;
      |               ^~~~
/var/www/chino/.venv-whisper/lib/python3.12/site-packages/torch/include/torch/csrc/jit/frontend/sugared_value.h: In constructor ‘torch::jit::BuiltinModule::BuiltinModule(std::string, std::optional<long int>)’:
/var/www/chino/.venv-whisper/lib/python3.12/site-packages/torch/include/torch/csrc/jit/frontend/sugared_value.h:311:58: warning: declaration of ‘version’ shadows a member of ‘torch::jit::BuiltinModule’ [-Wshadow]
  311 |   BuiltinModule(std::string name, std::optional<int64_t> version = std::nullopt)
      |                                   ~~~~~~~~~~~~~~~~~~~~~~~^~~~~~~~~~~~~~~~~~~~~~
/var/www/chino/.venv-whisper/lib/python3.12/site-packages/torch/include/torch/csrc/jit/frontend/sugared_value.h:336:26: note: shadowed declaration is here
  336 |   std::optional<int64_t> version;
      |                          ^~~~~~~
/var/www/chino/.venv-whisper/lib/python3.12/site-packages/torch/include/torch/csrc/jit/frontend/sugared_value.h:311:29: warning: declaration of ‘name’ shadows a member of ‘torch::jit::BuiltinModule’ [-Wshadow]
  311 |   BuiltinModule(std::string name, std::optional<int64_t> version = std::nullopt)
      |                 ~~~~~~~~~~~~^~~~
/var/www/chino/.venv-whisper/lib/python3.12/site-packages/torch/include/torch/csrc/jit/frontend/sugared_value.h:333:15: note: shadowed declaration is here
  333 |   std::string name;
      |               ^~~~
/var/www/chino/.venv-whisper/lib/python3.12/site-packages/torch/include/torch/csrc/jit/frontend/sugared_value.h: In member function ‘virtual std::shared_ptr<torch::jit::SugaredValue> torch::jit::BuiltinModule::attr(const torch::jit::SourceRange&, torch::jit::GraphFunction&, const std::string&)’:
/var/www/chino/.venv-whisper/lib/python3.12/site-packages/torch/include/torch/csrc/jit/frontend/sugared_value.h:318:26: warning: unused parameter ‘loc’ [-Wunused-parameter]
  318 |       const SourceRange& loc,
      |       ~~~~~~~~~~~~~~~~~~~^~~
/var/www/chino/.venv-whisper/lib/python3.12/site-packages/torch/include/torch/csrc/jit/frontend/sugared_value.h:319:22: warning: unused parameter ‘m’ [-Wunused-parameter]
  319 |       GraphFunction& m,
      |       ~~~~~~~~~~~~~~~^
/var/www/chino/.venv-whisper/lib/python3.12/site-packages/torch/include/torch/csrc/jit/frontend/sugared_value.h: In member function ‘virtual std::shared_ptr<torch::jit::SugaredValue> torch::jit::FunctionValue::call(const torch::jit::SourceRange&, torch::jit::GraphFunction&, c10::ArrayRef<torch::jit::NamedValue>, c10::ArrayRef<torch::jit::NamedValue>, size_t)’:
/var/www/chino/.venv-whisper/lib/python3.12/site-packages/torch/include/torch/csrc/jit/frontend/sugared_value.h:403:14: warning: unused parameter ‘n_binders’ [-Wunused-parameter]
  403 |       size_t n_binders) override {
      |       ~~~~~~~^~~~~~~~~
/var/www/chino/.venv-whisper/lib/python3.12/site-packages/torch/include/torch/csrc/jit/frontend/sugared_value.h: In member function ‘virtual torch::jit::Value* torch::jit::ClosureValue::asValue(const torch::jit::SourceRange&, torch::jit::GraphFunction&)’:
/var/www/chino/.venv-whisper/lib/python3.12/site-packages/torch/include/torch/csrc/jit/frontend/sugared_value.h:440:37: warning: unused parameter ‘range’ [-Wunused-parameter]
  440 |   Value* asValue(const SourceRange& range, GraphFunction& m) override {
      |                  ~~~~~~~~~~~~~~~~~~~^~~~~
/var/www/chino/.venv-whisper/lib/python3.12/site-packages/torch/include/torch/csrc/jit/frontend/sugared_value.h:440:59: warning: unused parameter ‘m’ [-Wunused-parameter]
  440 |   Value* asValue(const SourceRange& range, GraphFunction& m) override {
      |                                            ~~~~~~~~~~~~~~~^
/var/www/chino/.venv-whisper/lib/python3.12/site-packages/torch/include/torch/csrc/jit/frontend/sugared_value.h: In member function ‘virtual std::shared_ptr<torch::jit::SugaredValue> torch::jit::MethodValue::call(const torch::jit::SourceRange&, torch::jit::GraphFunction&, c10::ArrayRef<torch::jit::NamedValue>, c10::ArrayRef<torch::jit::NamedValue>, size_t)’:
/var/www/chino/.venv-whisper/lib/python3.12/site-packages/torch/include/torch/csrc/jit/frontend/sugared_value.h:462:14: warning: unused parameter ‘n_binders’ [-Wunused-parameter]
  462 |       size_t n_binders) override {
      |       ~~~~~~~^~~~~~~~~
/var/www/chino/.venv-whisper/lib/python3.12/site-packages/torch/include/torch/csrc/jit/frontend/sugared_value.h: In member function ‘virtual std::shared_ptr<torch::jit::SugaredValue> torch::jit::TensorCastValue::call(const torch::jit::SourceRange&, torch::jit::GraphFunction&, c10::ArrayRef<torch::jit::NamedValue>, c10::ArrayRef<torch::jit::NamedValue>, size_t)’:
/var/www/chino/.venv-whisper/lib/python3.12/site-packages/torch/include/torch/csrc/jit/frontend/sugared_value.h:558:14: warning: unused parameter ‘n_binders’ [-Wunused-parameter]
  558 |       size_t n_binders) override {
      |       ~~~~~~~^~~~~~~~~
/var/www/chino/.venv-whisper/lib/python3.12/site-packages/torch/include/torch/csrc/jit/frontend/sugared_value.h: In member function ‘virtual std::shared_ptr<torch::jit::SugaredValue> torch::jit::IterableTree::iter(const torch::jit::SourceRange&, torch::jit::GraphFunction&)’:
/var/www/chino/.venv-whisper/lib/python3.12/site-packages/torch/include/torch/csrc/jit/frontend/sugared_value.h:704:57: warning: unused parameter ‘loc’ [-Wunused-parameter]
  704 |   std::shared_ptr<SugaredValue> iter(const SourceRange& loc, GraphFunction& m)
      |                                      ~~~~~~~~~~~~~~~~~~~^~~
/var/www/chino/.venv-whisper/lib/python3.12/site-packages/torch/include/torch/csrc/jit/frontend/sugared_value.h:704:77: warning: unused parameter ‘m’ [-Wunused-parameter]
  704 |   std::shared_ptr<SugaredValue> iter(const SourceRange& loc, GraphFunction& m)
      |                                                              ~~~~~~~~~~~~~~~^
/var/www/chino/.venv-whisper/lib/python3.12/site-packages/torch/include/torch/csrc/jit/frontend/resolver.h: In member function ‘virtual std::shared_ptr<torch::jit::SugaredValue> torch::jit::Resolver::resolveValue(const std::string&, torch::jit::GraphFunction&, const torch::jit::SourceRange&)’:
/var/www/chino/.venv-whisper/lib/python3.12/site-packages/torch/include/torch/csrc/jit/frontend/resolver.h:34:26: warning: unused parameter ‘name’ [-Wunused-parameter]
   34 |       const std::string& name,
      |       ~~~~~~~~~~~~~~~~~~~^~~~
/var/www/chino/.venv-whisper/lib/python3.12/site-packages/torch/include/torch/csrc/jit/frontend/resolver.h:35:22: warning: unused parameter ‘m’ [-Wunused-parameter]
   35 |       GraphFunction& m,
      |       ~~~~~~~~~~~~~~~^
/var/www/chino/.venv-whisper/lib/python3.12/site-packages/torch/include/torch/csrc/jit/frontend/resolver.h:36:26: warning: unused parameter ‘loc’ [-Wunused-parameter]
   36 |       const SourceRange& loc) {
      |       ~~~~~~~~~~~~~~~~~~~^~~
/var/www/chino/.venv-whisper/lib/python3.12/site-packages/torch/include/torch/csrc/jit/frontend/resolver.h: In member function ‘virtual c10::TypePtr torch::jit::Resolver::resolveType(const std::string&, const torch::jit::SourceRange&)’:
/var/www/chino/.venv-whisper/lib/python3.12/site-packages/torch/include/torch/csrc/jit/frontend/resolver.h:41:50: warning: unused parameter ‘name’ [-Wunused-parameter]
   41 |   virtual TypePtr resolveType(const std::string& name, const SourceRange& loc) {
      |                               ~~~~~~~~~~~~~~~~~~~^~~~
/var/www/chino/.venv-whisper/lib/python3.12/site-packages/torch/include/torch/csrc/jit/frontend/resolver.h:41:75: warning: unused parameter ‘loc’ [-Wunused-parameter]
   41 |   virtual TypePtr resolveType(const std::string& name, const SourceRange& loc) {
      |                                                        ~~~~~~~~~~~~~~~~~~~^~~
/var/www/chino/.venv-whisper/lib/python3.12/site-packages/torch/include/torch/csrc/jit/frontend/resolver.h: In member function ‘virtual std::shared_ptr<torch::jit::SugaredValue> torch::jit::NativeResolver::resolveValue(const std::string&, torch::jit::GraphFunction&, const torch::jit::SourceRange&)’:
/var/www/chino/.venv-whisper/lib/python3.12/site-packages/torch/include/torch/csrc/jit/frontend/resolver.h:50:22: warning: unused parameter ‘m’ [-Wunused-parameter]
   50 |       GraphFunction& m,
      |       ~~~~~~~~~~~~~~~^
/var/www/chino/.venv-whisper/lib/python3.12/site-packages/torch/include/torch/csrc/jit/frontend/resolver.h:51:26: warning: unused parameter ‘loc’ [-Wunused-parameter]
   51 |       const SourceRange& loc) override {
      |       ~~~~~~~~~~~~~~~~~~~^~~
/var/www/chino/.venv-whisper/lib/python3.12/site-packages/torch/include/torch/csrc/jit/frontend/resolver.h: In member function ‘virtual c10::TypePtr torch::jit::NativeResolver::resolveType(const std::string&, const torch::jit::SourceRange&)’:
/var/www/chino/.venv-whisper/lib/python3.12/site-packages/torch/include/torch/csrc/jit/frontend/resolver.h:58:42: warning: unused parameter ‘name’ [-Wunused-parameter]
   58 |   TypePtr resolveType(const std::string& name, const SourceRange& loc)
      |                       ~~~~~~~~~~~~~~~~~~~^~~~
/var/www/chino/.venv-whisper/lib/python3.12/site-packages/torch/include/torch/csrc/jit/frontend/resolver.h:58:67: warning: unused parameter ‘loc’ [-Wunused-parameter]
   58 |   TypePtr resolveType(const std::string& name, const SourceRange& loc)
      |                                                ~~~~~~~~~~~~~~~~~~~^~~
In file included from /var/www/chino/.venv-whisper/lib/python3.12/site-packages/torch/include/torch/csrc/jit/frontend/script_type_parser.h:6:
/var/www/chino/.venv-whisper/lib/python3.12/site-packages/torch/include/torch/csrc/jit/frontend/tree_views.h: In constructor ‘torch::jit::ListIterator<T>::ListIterator(c10::SmallVectorImpl<c10::intrusive_ptr<torch::jit::Tree> >::const_iterator)’:
/var/www/chino/.venv-whisper/lib/python3.12/site-packages/torch/include/torch/csrc/jit/frontend/tree_views.h:133:41: warning: declaration of ‘it’ shadows a member of ‘torch::jit::ListIterator<T>’ [-Wshadow]
  133 |   ListIterator(TreeList::const_iterator it) : it(it) {}
      |                ~~~~~~~~~~~~~~~~~~~~~~~~~^~
/var/www/chino/.venv-whisper/lib/python3.12/site-packages/torch/include/torch/csrc/jit/frontend/tree_views.h:157:28: note: shadowed declaration is here
  157 |   TreeList::const_iterator it;
      |                            ^~
In file included from /var/www/chino/.venv-whisper/lib/python3.12/site-packages/torch/include/c10/util/ArrayRef.h:21,
                 from /var/www/chino/.venv-whisper/lib/python3.12/site-packages/torch/include/c10/core/MemoryFormat.h:4,
                 from /var/www/chino/.venv-whisper/lib/python3.12/site-packages/torch/include/c10/core/impl/PyInterpreter.h:7:
/var/www/chino/.venv-whisper/lib/python3.12/site-packages/torch/include/c10/util/SmallVector.h: In instantiation of ‘c10::SmallVector<T, N>::SmallVector(size_t, const T&) [with T = long int; unsigned int N = 5; size_t = long unsigned int]’:
/var/www/chino/.venv-whisper/lib/python3.12/site-packages/torch/include/c10/core/SymIntArrayRef.h:57:34:   required from here
/var/www/chino/.venv-whisper/lib/python3.12/site-packages/torch/include/c10/util/SmallVector.h:1285:31: warning: declaration of ‘Size’ shadows a member of ‘c10::SmallVector<long int, 5>’ [-Wshadow]
 1285 |   explicit SmallVector(size_t Size, const T& Value = T())
      |                        ~~~~~~~^~~~
/var/www/chino/.venv-whisper/lib/python3.12/site-packages/torch/include/c10/util/SmallVector.h:56:10: note: shadowed declaration is here
   56 |   Size_T Size = 0, Capacity;
      |          ^~~~
/var/www/chino/.venv-whisper/lib/python3.12/site-packages/torch/include/c10/util/SmallVector.h:1285:31: warning: declaration of ‘Size’ shadows a member of ‘c10::SmallVector<long int, 5>’ [-Wshadow]
 1285 |   explicit SmallVector(size_t Size, const T& Value = T())
      |                        ~~~~~~~^~~~
/var/www/chino/.venv-whisper/lib/python3.12/site-packages/torch/include/c10/util/SmallVector.h:56:10: note: shadowed declaration is here
   56 |   Size_T Size = 0, Capacity;
      |          ^~~~
/var/www/chino/.venv-whisper/lib/python3.12/site-packages/torch/include/c10/util/SmallVector.h:1285:31: warning: declaration of ‘Size’ shadows a member of ‘c10::SmallVector<long int, 5>’ [-Wshadow]
 1285 |   explicit SmallVector(size_t Size, const T& Value = T())
      |                        ~~~~~~~^~~~
/var/www/chino/.venv-whisper/lib/python3.12/site-packages/torch/include/c10/util/SmallVector.h:56:10: note: shadowed declaration is here
   56 |   Size_T Size = 0, Capacity;
      |          ^~~~
In file included from /var/www/chino/.venv-whisper/lib/python3.12/site-packages/torch/include/torch/headeronly/util/Float8_e4m3fnuz.h:21,
                 from /var/www/chino/.venv-whisper/lib/python3.12/site-packages/torch/include/c10/util/Float8_e4m3fnuz.h:2,
                 from /var/www/chino/.venv-whisper/lib/python3.12/site-packages/torch/include/c10/core/ScalarType.h:8:
/var/www/chino/.venv-whisper/lib/python3.12/site-packages/torch/include/torch/headeronly/util/Float8_fnuz_cvt.h: In instantiation of ‘float torch::headeronly::detail::fp8_fnuz_to_fp32_value(uint8_t) [with unsigned int we = 4; unsigned int wm = 3; uint8_t = unsigned char]’:
/var/www/chino/.venv-whisper/lib/python3.12/site-packages/torch/include/torch/headeronly/util/Float8_e4m3fnuz.h:154:65:   required from here
/var/www/chino/.venv-whisper/lib/python3.12/site-packages/torch/include/torch/headeronly/util/Float8_fnuz_cvt.h:48:42: warning: conversion to ‘uint32_t’ {aka ‘unsigned int’} from ‘int’ may change the sign of the result [-Wsign-conversion]
   48 |     uint32_t renorm_shift = __builtin_clz(mantissa);
      |                             ~~~~~~~~~~~~~^~~~~~~~~~
/var/www/chino/.venv-whisper/lib/python3.12/site-packages/torch/include/torch/headeronly/util/Float8_fnuz_cvt.h: In instantiation of ‘float torch::headeronly::detail::fp8_fnuz_to_fp32_value(uint8_t) [with unsigned int we = 5; unsigned int wm = 2; uint8_t = unsigned char]’:
/var/www/chino/.venv-whisper/lib/python3.12/site-packages/torch/include/torch/headeronly/util/Float8_e5m2fnuz.h:153:65:   required from here
/var/www/chino/.venv-whisper/lib/python3.12/site-packages/torch/include/torch/headeronly/util/Float8_fnuz_cvt.h:48:42: warning: conversion to ‘uint32_t’ {aka ‘unsigned int’} from ‘int’ may change the sign of the result [-Wsign-conversion]
/var/www/chino/.venv-whisper/lib/python3.12/site-packages/torch/include/c10/core/TensorImpl.h: In instantiation of ‘Void* c10::TensorImpl::data_impl(const Func&) const [with Void = const void; Func = c10::TensorImpl::data() const::<lambda()>]’:
/var/www/chino/.venv-whisper/lib/python3.12/site-packages/torch/include/c10/core/TensorImpl.h:1651:33:   required from here
/var/www/chino/.venv-whisper/lib/python3.12/site-packages/torch/include/c10/core/TensorImpl.h:1693:43: warning: conversion to ‘long unsigned int’ from ‘long int’ may change the sign of the result [-Wsign-conversion]
 1693 |     return data + data_type_.itemsize() * storage_offset_;
      |                                           ^~~~~~~~~~~~~~~
/var/www/chino/.venv-whisper/lib/python3.12/site-packages/torch/include/c10/core/TensorImpl.h: In instantiation of ‘Void* c10::TensorImpl::data_impl(const Func&) const [with Void = void; Func = c10::TensorImpl::mutable_data()::<lambda()>]’:
/var/www/chino/.venv-whisper/lib/python3.12/site-packages/torch/include/c10/core/TensorImpl.h:1666:27:   required from here
/var/www/chino/.venv-whisper/lib/python3.12/site-packages/torch/include/c10/core/TensorImpl.h:1693:43: warning: conversion to ‘long unsigned int’ from ‘long int’ may change the sign of the result [-Wsign-conversion]
/var/www/chino/.venv-whisper/lib/python3.12/site-packages/torch/include/c10/core/TensorImpl.h: In instantiation of ‘bool c10::TensorImpl::SetDimsTemplate(c10::ArrayRef<T>) [with T = long unsigned int; <template-parameter-1-2> = void]’:
/var/www/chino/.venv-whisper/lib/python3.12/site-packages/torch/include/c10/core/TensorImpl.h:2558:27:   required from here
/var/www/chino/.venv-whisper/lib/python3.12/site-packages/torch/include/c10/core/TensorImpl.h:2541:17: warning: conversion to ‘long unsigned int’ from ‘int64_t’ {aka ‘long int’} may change the sign of the result [-Wsign-conversion]
 2541 |       new_numel *= src[i];
      |       ~~~~~~~~~~^~~~~~~
/var/www/chino/.venv-whisper/lib/python3.12/site-packages/torch/include/c10/core/TensorImpl.h:2541:17: warning: conversion to ‘int64_t’ {aka ‘long int’} from ‘long unsigned int’ may change the sign of the result [-Wsign-conversion]
/var/www/chino/.venv-whisper/lib/python3.12/site-packages/torch/include/c10/core/TensorImpl.h:2542:47: warning: conversion to ‘int64_t’ {aka ‘long int’} from ‘long unsigned int’ may change the sign of the result [-Wsign-conversion]
 2542 |       sizes_and_strides_.size_at_unchecked(i) = src[i];
      |       ~~~~~~~~~~~~~~~~~~~~~~~~~~~~~~~~~~~~~~~~^~~~~~
In file included from /var/www/chino/.venv-whisper/lib/python3.12/site-packages/torch/include/ATen/TensorIndexing.h:4:
/var/www/chino/.venv-whisper/lib/python3.12/site-packages/torch/include/ATen/ExpandUtils.h: In instantiation of ‘at::Tensor at::_sum_to(Tensor, c10::ArrayRef<T>, bool) [with T = c10::SymInt]’:
/var/www/chino/.venv-whisper/lib/python3.12/site-packages/torch/include/ATen/ExpandUtils.h:498:17:   required from here
/var/www/chino/.venv-whisper/lib/python3.12/site-packages/torch/include/ATen/ExpandUtils.h:460:45: warning: conversion to ‘int64_t’ {aka ‘long int’} from ‘size_t’ {aka ‘long unsigned int’} may change the sign of the result [-Wsign-conversion]
  460 |   const int64_t leading_dims = sizes.size() - shape.size();
      |                                ~~~~~~~~~~~~~^~~~~~~~~~~~~~
In file included from /var/www/chino/.venv-whisper/lib/python3.12/site-packages/torch/include/c10/core/SymInt.h:4,
                 from /var/www/chino/.venv-whisper/lib/python3.12/site-packages/torch/include/c10/core/SymIntArrayRef.h:4:
/var/www/chino/.venv-whisper/lib/python3.12/site-packages/torch/include/ATen/ExpandUtils.h:465:45: warning: conversion to ‘size_t’ {aka ‘long unsigned int’} from ‘int64_t’ {aka ‘long int’} may change the sign of the result [-Wsign-conversion]
  465 |     if (TORCH_GUARD_OR_FALSE(sym_eq(shape[i - leading_dims], 1)) &&
      |                                           ~~^~~~~~~~~~~~~~
/var/www/chino/.venv-whisper/lib/python3.12/site-packages/torch/include/c10/core/SymBool.h:176:24: note: in definition of macro ‘TORCH_GUARD_OR_FALSE’
  176 |   c10::guard_or_false((cond), __FILE__, __LINE__)
      |                        ^~~~
/var/www/chino/.venv-whisper/lib/python3.12/site-packages/torch/include/ATen/ExpandUtils.h:466:42: warning: conversion to ‘size_t’ {aka ‘long unsigned int’} from ‘int64_t’ {aka ‘long int’} may change the sign of the result [-Wsign-conversion]
  466 |         TORCH_GUARD_OR_TRUE(sym_ne(sizes[i], 1))) {
      |                                          ^
/var/www/chino/.venv-whisper/lib/python3.12/site-packages/torch/include/c10/core/SymBool.h:178:55: note: in definition of macro ‘TORCH_GUARD_OR_TRUE’
  178 | #define TORCH_GUARD_OR_TRUE(cond) c10::guard_or_true((cond), __FILE__, __LINE__)
      |                                                       ^~~~
/var/www/chino/.venv-whisper/lib/python3.12/site-packages/torch/include/ATen/ExpandUtils.h:471:26: warning: conversion to ‘size_t’ {aka ‘long unsigned int’} from ‘int64_t’ {aka ‘long int’} may change the sign of the result [-Wsign-conversion]
  471 |           sym_eq(shape[i - leading_dims], sizes[i]),
      |                        ~~^~~~~~~~~~~~~~
/var/www/chino/.venv-whisper/lib/python3.12/site-packages/torch/include/torch/headeronly/macros/Macros.h:202:64: note: in definition of macro ‘C10_UNLIKELY’
  202 | #define C10_UNLIKELY(expr) (__builtin_expect(static_cast<bool>(expr), 0))
      |                                                                ^~~~
/var/www/chino/.venv-whisper/lib/python3.12/site-packages/torch/include/c10/util/Exception.h:593:7: note: in expansion of macro ‘C10_UNLIKELY_OR_CONST’
  593 |   if (C10_UNLIKELY_OR_CONST(!(cond))) {            \
      |       ^~~~~~~~~~~~~~~~~~~~~
/var/www/chino/.venv-whisper/lib/python3.12/site-packages/torch/include/c10/core/SymBool.h:108:5: note: in expansion of macro ‘TORCH_CHECK’
  108 |     TORCH_CHECK((cond).expect_true(__FILE__, __LINE__), __VA_ARGS__)     \
      |     ^~~~~~~~~~~
/var/www/chino/.venv-whisper/lib/python3.12/site-packages/torch/include/ATen/ExpandUtils.h:470:7: note: in expansion of macro ‘TORCH_MAYBE_SYM_CHECK’
  470 |       TORCH_MAYBE_SYM_CHECK(
      |       ^~~~~~~~~~~~~~~~~~~~~
/var/www/chino/.venv-whisper/lib/python3.12/site-packages/torch/include/ATen/ExpandUtils.h:471:49: warning: conversion to ‘size_t’ {aka ‘long unsigned int’} from ‘int64_t’ {aka ‘long int’} may change the sign of the result [-Wsign-conversion]
  471 |           sym_eq(shape[i - leading_dims], sizes[i]),
      |                                                 ^
/var/www/chino/.venv-whisper/lib/python3.12/site-packages/torch/include/torch/headeronly/macros/Macros.h:202:64: note: in definition of macro ‘C10_UNLIKELY’
  202 | #define C10_UNLIKELY(expr) (__builtin_expect(static_cast<bool>(expr), 0))
      |                                                                ^~~~
/var/www/chino/.venv-whisper/lib/python3.12/site-packages/torch/include/c10/util/Exception.h:593:7: note: in expansion of macro ‘C10_UNLIKELY_OR_CONST’
  593 |   if (C10_UNLIKELY_OR_CONST(!(cond))) {            \
      |       ^~~~~~~~~~~~~~~~~~~~~
/var/www/chino/.venv-whisper/lib/python3.12/site-packages/torch/include/c10/core/SymBool.h:108:5: note: in expansion of macro ‘TORCH_CHECK’
  108 |     TORCH_CHECK((cond).expect_true(__FILE__, __LINE__), __VA_ARGS__)     \
      |     ^~~~~~~~~~~
/var/www/chino/.venv-whisper/lib/python3.12/site-packages/torch/include/ATen/ExpandUtils.h:470:7: note: in expansion of macro ‘TORCH_MAYBE_SYM_CHECK’
  470 |       TORCH_MAYBE_SYM_CHECK(
      |       ^~~~~~~~~~~~~~~~~~~~~
/var/www/chino/.venv-whisper/lib/python3.12/site-packages/torch/include/ATen/ExpandUtils.h:473:19: warning: conversion to ‘size_t’ {aka ‘long unsigned int’} from ‘int64_t’ {aka ‘long int’} may change the sign of the result [-Wsign-conversion]
  473 |           shape[i - leading_dims],
      |                 ~~^~~~~~~~~~~~~~
/var/www/chino/.venv-whisper/lib/python3.12/site-packages/torch/include/c10/util/Exception.h:497:9: note: in definition of macro ‘TORCH_CHECK_MSG’
  497 |       ##__VA_ARGS__))
      |         ^~~~~~~~~~~
/var/www/chino/.venv-whisper/lib/python3.12/site-packages/torch/include/c10/core/SymBool.h:108:5: note: in expansion of macro ‘TORCH_CHECK’
  108 |     TORCH_CHECK((cond).expect_true(__FILE__, __LINE__), __VA_ARGS__)     \
      |     ^~~~~~~~~~~
/var/www/chino/.venv-whisper/lib/python3.12/site-packages/torch/include/ATen/ExpandUtils.h:470:7: note: in expansion of macro ‘TORCH_MAYBE_SYM_CHECK’
  470 |       TORCH_MAYBE_SYM_CHECK(
      |       ^~~~~~~~~~~~~~~~~~~~~
/var/www/chino/.venv-whisper/lib/python3.12/site-packages/torch/include/ATen/ExpandUtils.h:475:17: warning: conversion to ‘size_t’ {aka ‘long unsigned int’} from ‘int64_t’ {aka ‘long int’} may change the sign of the result [-Wsign-conversion]
  475 |           sizes[i])
      |                 ^
/var/www/chino/.venv-whisper/lib/python3.12/site-packages/torch/include/c10/util/Exception.h:497:9: note: in definition of macro ‘TORCH_CHECK_MSG’
  497 |       ##__VA_ARGS__))
      |         ^~~~~~~~~~~
/var/www/chino/.venv-whisper/lib/python3.12/site-packages/torch/include/c10/core/SymBool.h:108:5: note: in expansion of macro ‘TORCH_CHECK’
  108 |     TORCH_CHECK((cond).expect_true(__FILE__, __LINE__), __VA_ARGS__)     \
      |     ^~~~~~~~~~~
/var/www/chino/.venv-whisper/lib/python3.12/site-packages/torch/include/ATen/ExpandUtils.h:470:7: note: in expansion of macro ‘TORCH_MAYBE_SYM_CHECK’
  470 |       TORCH_MAYBE_SYM_CHECK(
      |       ^~~~~~~~~~~~~~~~~~~~~
/var/www/chino/.venv-whisper/lib/python3.12/site-packages/torch/include/ATen/ExpandUtils.h: In instantiation of ‘at::Tensor at::_sum_to(Tensor, c10::ArrayRef<T>, bool) [with T = long int]’:
/var/www/chino/.venv-whisper/lib/python3.12/site-packages/torch/include/ATen/ExpandUtils.h:507:17:   required from here
/var/www/chino/.venv-whisper/lib/python3.12/site-packages/torch/include/ATen/ExpandUtils.h:460:45: warning: conversion to ‘int64_t’ {aka ‘long int’} from ‘size_t’ {aka ‘long unsigned int’} may change the sign of the result [-Wsign-conversion]
  460 |   const int64_t leading_dims = sizes.size() - shape.size();
      |                                ~~~~~~~~~~~~~^~~~~~~~~~~~~~
/var/www/chino/.venv-whisper/lib/python3.12/site-packages/torch/include/ATen/ExpandUtils.h:465:45: warning: conversion to ‘size_t’ {aka ‘long unsigned int’} from ‘int64_t’ {aka ‘long int’} may change the sign of the result [-Wsign-conversion]
  465 |     if (TORCH_GUARD_OR_FALSE(sym_eq(shape[i - leading_dims], 1)) &&
      |                                           ~~^~~~~~~~~~~~~~
/var/www/chino/.venv-whisper/lib/python3.12/site-packages/torch/include/c10/core/SymBool.h:176:24: note: in definition of macro ‘TORCH_GUARD_OR_FALSE’
  176 |   c10::guard_or_false((cond), __FILE__, __LINE__)
      |                        ^~~~
/var/www/chino/.venv-whisper/lib/python3.12/site-packages/torch/include/ATen/ExpandUtils.h:466:42: warning: conversion to ‘size_t’ {aka ‘long unsigned int’} from ‘int64_t’ {aka ‘long int’} may change the sign of the result [-Wsign-conversion]
  466 |         TORCH_GUARD_OR_TRUE(sym_ne(sizes[i], 1))) {
      |                                          ^
/var/www/chino/.venv-whisper/lib/python3.12/site-packages/torch/include/c10/core/SymBool.h:178:55: note: in definition of macro ‘TORCH_GUARD_OR_TRUE’
  178 | #define TORCH_GUARD_OR_TRUE(cond) c10::guard_or_true((cond), __FILE__, __LINE__)
      |                                                       ^~~~
/var/www/chino/.venv-whisper/lib/python3.12/site-packages/torch/include/ATen/ExpandUtils.h:471:26: warning: conversion to ‘size_t’ {aka ‘long unsigned int’} from ‘int64_t’ {aka ‘long int’} may change the sign of the result [-Wsign-conversion]
  471 |           sym_eq(shape[i - leading_dims], sizes[i]),
      |                        ~~^~~~~~~~~~~~~~
/var/www/chino/.venv-whisper/lib/python3.12/site-packages/torch/include/torch/headeronly/macros/Macros.h:202:64: note: in definition of macro ‘C10_UNLIKELY’
  202 | #define C10_UNLIKELY(expr) (__builtin_expect(static_cast<bool>(expr), 0))
      |                                                                ^~~~
/var/www/chino/.venv-whisper/lib/python3.12/site-packages/torch/include/c10/util/Exception.h:593:7: note: in expansion of macro ‘C10_UNLIKELY_OR_CONST’
  593 |   if (C10_UNLIKELY_OR_CONST(!(cond))) {            \
      |       ^~~~~~~~~~~~~~~~~~~~~
/var/www/chino/.venv-whisper/lib/python3.12/site-packages/torch/include/c10/core/SymBool.h:110:5: note: in expansion of macro ‘TORCH_CHECK’
  110 |     TORCH_CHECK((cond), __VA_ARGS__)                                     \
      |     ^~~~~~~~~~~
/var/www/chino/.venv-whisper/lib/python3.12/site-packages/torch/include/ATen/ExpandUtils.h:470:7: note: in expansion of macro ‘TORCH_MAYBE_SYM_CHECK’
  470 |       TORCH_MAYBE_SYM_CHECK(
      |       ^~~~~~~~~~~~~~~~~~~~~
/var/www/chino/.venv-whisper/lib/python3.12/site-packages/torch/include/ATen/ExpandUtils.h:471:49: warning: conversion to ‘size_t’ {aka ‘long unsigned int’} from ‘int64_t’ {aka ‘long int’} may change the sign of the result [-Wsign-conversion]
  471 |           sym_eq(shape[i - leading_dims], sizes[i]),
      |                                                 ^
/var/www/chino/.venv-whisper/lib/python3.12/site-packages/torch/include/torch/headeronly/macros/Macros.h:202:64: note: in definition of macro ‘C10_UNLIKELY’
  202 | #define C10_UNLIKELY(expr) (__builtin_expect(static_cast<bool>(expr), 0))
      |                                                                ^~~~
/var/www/chino/.venv-whisper/lib/python3.12/site-packages/torch/include/c10/util/Exception.h:593:7: note: in expansion of macro ‘C10_UNLIKELY_OR_CONST’
  593 |   if (C10_UNLIKELY_OR_CONST(!(cond))) {            \
      |       ^~~~~~~~~~~~~~~~~~~~~
/var/www/chino/.venv-whisper/lib/python3.12/site-packages/torch/include/c10/core/SymBool.h:110:5: note: in expansion of macro ‘TORCH_CHECK’
  110 |     TORCH_CHECK((cond), __VA_ARGS__)                                     \
      |     ^~~~~~~~~~~
/var/www/chino/.venv-whisper/lib/python3.12/site-packages/torch/include/ATen/ExpandUtils.h:470:7: note: in expansion of macro ‘TORCH_MAYBE_SYM_CHECK’
  470 |       TORCH_MAYBE_SYM_CHECK(
      |       ^~~~~~~~~~~~~~~~~~~~~
/var/www/chino/.venv-whisper/lib/python3.12/site-packages/torch/include/ATen/ExpandUtils.h:473:19: warning: conversion to ‘size_t’ {aka ‘long unsigned int’} from ‘int64_t’ {aka ‘long int’} may change the sign of the result [-Wsign-conversion]
  473 |           shape[i - leading_dims],
      |                 ~~^~~~~~~~~~~~~~
/var/www/chino/.venv-whisper/lib/python3.12/site-packages/torch/include/c10/util/Exception.h:497:9: note: in definition of macro ‘TORCH_CHECK_MSG’
  497 |       ##__VA_ARGS__))
      |         ^~~~~~~~~~~
/var/www/chino/.venv-whisper/lib/python3.12/site-packages/torch/include/c10/core/SymBool.h:110:5: note: in expansion of macro ‘TORCH_CHECK’
  110 |     TORCH_CHECK((cond), __VA_ARGS__)                                     \
      |     ^~~~~~~~~~~
/var/www/chino/.venv-whisper/lib/python3.12/site-packages/torch/include/ATen/ExpandUtils.h:470:7: note: in expansion of macro ‘TORCH_MAYBE_SYM_CHECK’
  470 |       TORCH_MAYBE_SYM_CHECK(
      |       ^~~~~~~~~~~~~~~~~~~~~
/var/www/chino/.venv-whisper/lib/python3.12/site-packages/torch/include/ATen/ExpandUtils.h:475:17: warning: conversion to ‘size_t’ {aka ‘long unsigned int’} from ‘int64_t’ {aka ‘long int’} may change the sign of the result [-Wsign-conversion]
  475 |           sizes[i])
      |                 ^
/var/www/chino/.venv-whisper/lib/python3.12/site-packages/torch/include/c10/util/Exception.h:497:9: note: in definition of macro ‘TORCH_CHECK_MSG’
  497 |       ##__VA_ARGS__))
      |         ^~~~~~~~~~~
/var/www/chino/.venv-whisper/lib/python3.12/site-packages/torch/include/c10/core/SymBool.h:110:5: note: in expansion of macro ‘TORCH_CHECK’
  110 |     TORCH_CHECK((cond), __VA_ARGS__)                                     \
      |     ^~~~~~~~~~~
/var/www/chino/.venv-whisper/lib/python3.12/site-packages/torch/include/ATen/ExpandUtils.h:470:7: note: in expansion of macro ‘TORCH_MAYBE_SYM_CHECK’
  470 |       TORCH_MAYBE_SYM_CHECK(
      |       ^~~~~~~~~~~~~~~~~~~~~
/var/www/chino/.venv-whisper/lib/python3.12/site-packages/torch/include/c10/util/flat_hash_map.h: In instantiation of ‘ska::detailv3::sherwood_v3_table<T, FindKey, ArgumentHash, DetailHasher, ArgumentEqual, Equal, ArgumentAlloc, EntryAlloc>::const_iterator ska::detailv3::sherwood_v3_table<T, FindKey, ArgumentHash, DetailHasher, ArgumentEqual, Equal, ArgumentAlloc, EntryAlloc>::end() const [with T = std::pair<std::__cxx11::basic_string<char>, c10::IValue>; FindKey = std::__cxx11::basic_string<char>; ArgumentHash = std::hash<std::__cxx11::basic_string<char> >; DetailHasher = ska::detailv3::KeyOrValueHasher<std::__cxx11::basic_string<char>, std::pair<std::__cxx11::basic_string<char>, c10::IValue>, std::hash<std::__cxx11::basic_string<char> > >; ArgumentEqual = std::equal_to<std::__cxx11::basic_string<char> >; Equal = ska::detailv3::KeyOrValueEquality<std::__cxx11::basic_string<char>, std::pair<std::__cxx11::basic_string<char>, c10::IValue>, std::equal_to<std::__cxx11::basic_string<char> > >; ArgumentAlloc = std::allocator<std::pair<std::__cxx11::basic_string<char>, c10::IValue> >; EntryAlloc = std::allocator<ska::detailv3::sherwood_v3_entry<std::pair<std::__cxx11::basic_string<char>, c10::IValue> > >; const_iterator = ska::detailv3::sherwood_v3_table<std::pair<std::__cxx11::basic_string<char>, c10::IValue>, std::__cxx11::basic_string<char>, std::hash<std::__cxx11::basic_string<char> >, ska::detailv3::KeyOrValueHasher<std::__cxx11::basic_string<char>, std::pair<std::__cxx11::basic_string<char>, c10::IValue>, std::hash<std::__cxx11::basic_string<char> > >, std::equal_to<std::__cxx11::basic_string<char> >, ska::detailv3::KeyOrValueEquality<std::__cxx11::basic_string<char>, std::pair<std::__cxx11::basic_string<char>, c10::IValue>, std::equal_to<std::__cxx11::basic_string<char> > >, std::allocator<std::pair<std::__cxx11::basic_string<char>, c10::IValue> >, std::allocator<ska::detailv3::sherwood_v3_entry<std::pair<std::__cxx11::basic_string<char>, c10::IValue> > > >::templated_iterator<const std::pair<std::__cxx11::basic_string<char>, c10::IValue> >]’:
/var/www/chino/.venv-whisper/lib/python3.12/site-packages/torch/include/torch/csrc/dynamo/compiled_autograd.h:1531:37:   required from here
/var/www/chino/.venv-whisper/lib/python3.12/site-packages/torch/include/c10/util/flat_hash_map.h:512:64: warning: conversion to ‘long unsigned int’ from ‘int’ may change the sign of the result [-Wsign-conversion]
  512 |         entries + static_cast<ptrdiff_t>(num_slots_minus_one + max_lookups)};
      |                                                                ^~~~~~~~~~~
/var/www/chino/.venv-whisper/lib/python3.12/site-packages/torch/include/torch/csrc/dynamo/compiled_autograd.h: In instantiation of ‘T torch::dynamo::autograd::PackedArgs::unpack() [with T = std::vector<std::__cxx11::basic_string<char> >]’:
/var/www/chino/.venv-whisper/lib/python3.12/site-packages/torch/include/torch/csrc/dynamo/compiled_autograd.h:1543:49:   required from here
/var/www/chino/.venv-whisper/lib/python3.12/site-packages/torch/include/torch/csrc/dynamo/compiled_autograd.h:1525:45: warning: conversion to ‘std::vector<c10::IValue>::size_type’ {aka ‘long unsigned int’} from ‘int64_t’ {aka ‘long int’} may change the sign of the result [-Wsign-conversion]
 1525 |     return IValuePacker<T>::unpack(std::move(stack[idx++]));
      |                                    ~~~~~~~~~^~~~~~~~~~~~~~
/var/www/chino/.venv-whisper/lib/python3.12/site-packages/torch/include/c10/util/llvmMathExtras.h: In instantiation of ‘static std::size_t c10::llvm::detail::LeadingZerosCounter<T, 4>::count(T, c10::llvm::ZeroBehavior) [with T = unsigned int; std::size_t = long unsigned int]’:
/var/www/chino/.venv-whisper/lib/python3.12/site-packages/torch/include/c10/util/llvmMathExtras.h:217:64:   required from ‘std::size_t c10::llvm::countLeadingZeros(T, ZeroBehavior) [with T = unsigned int; std::size_t = long unsigned int]’
/var/www/chino/.venv-whisper/lib/python3.12/site-packages/torch/include/c10/util/llvmMathExtras.h:580:54:   required from here
/var/www/chino/.venv-whisper/lib/python3.12/site-packages/torch/include/c10/util/llvmMathExtras.h:176:25: warning: conversion to ‘std::size_t’ {aka ‘long unsigned int’} from ‘int’ may change the sign of the result [-Wsign-conversion]
  176 |     return __builtin_clz(Val);
      |            ~~~~~~~~~~~~~^~~~~
/var/www/chino/.venv-whisper/lib/python3.12/site-packages/torch/include/c10/util/llvmMathExtras.h: In instantiation of ‘static std::size_t c10::llvm::detail::LeadingZerosCounter<T, 8>::count(T, c10::llvm::ZeroBehavior) [with T = long unsigned int; std::size_t = long unsigned int]’:
/var/www/chino/.venv-whisper/lib/python3.12/site-packages/torch/include/c10/util/llvmMathExtras.h:217:64:   required from ‘std::size_t c10::llvm::countLeadingZeros(T, ZeroBehavior) [with T = long unsigned int; std::size_t = long unsigned int]’
/var/www/chino/.venv-whisper/lib/python3.12/site-packages/torch/include/c10/util/llvmMathExtras.h:586:54:   required from here
/var/www/chino/.venv-whisper/lib/python3.12/site-packages/torch/include/c10/util/llvmMathExtras.h:193:27: warning: conversion to ‘std::size_t’ {aka ‘long unsigned int’} from ‘int’ may change the sign of the result [-Wsign-conversion]
  193 |     return __builtin_clzll(Val);
      |            ~~~~~~~~~~~~~~~^~~~~
/var/www/chino/.venv-whisper/lib/python3.12/site-packages/torch/include/c10/core/MemoryFormat.h: In instantiation of ‘bool c10::is_channels_last_strides_2d_s4(ArrayRef<T>, ArrayRef<T>) [with T = long int]’:
/var/www/chino/.venv-whisper/lib/python3.12/site-packages/torch/include/c10/core/MemoryFormat.h:226:44:   required from ‘bool c10::is_channels_last_strides_2d(ArrayRef<T>, ArrayRef<T>) [with T = long int]’
/var/www/chino/.venv-whisper/lib/python3.12/site-packages/torch/include/c10/core/MemoryFormat.h:255:46:   required from here
/var/www/chino/.venv-whisper/lib/python3.12/site-packages/torch/include/c10/core/MemoryFormat.h:113:14: warning: conversion to ‘size_t’ {aka ‘long unsigned int’} from ‘int’ may change the sign of the result [-Wsign-conversion]
  113 |     if (sizes[d] == 0) {
      |         ~~~~~^
/var/www/chino/.venv-whisper/lib/python3.12/site-packages/torch/include/c10/core/MemoryFormat.h:116:16: warning: conversion to ‘size_t’ {aka ‘long unsigned int’} from ‘int’ may change the sign of the result [-Wsign-conversion]
  116 |     if (strides[d] < min) {
      |         ~~~~~~~^
/var/www/chino/.venv-whisper/lib/python3.12/site-packages/torch/include/c10/core/MemoryFormat.h:136:18: warning: conversion to ‘size_t’ {aka ‘long unsigned int’} from ‘int’ may change the sign of the result [-Wsign-conversion]
  136 |     min = strides[d];
      |           ~~~~~~~^
/var/www/chino/.venv-whisper/lib/python3.12/site-packages/torch/include/c10/core/MemoryFormat.h:137:14: warning: conversion to ‘size_t’ {aka ‘long unsigned int’} from ‘int’ may change the sign of the result [-Wsign-conversion]
  137 |     if (sizes[d] > 1) {
      |         ~~~~~^
/var/www/chino/.venv-whisper/lib/python3.12/site-packages/torch/include/c10/core/MemoryFormat.h:138:19: warning: conversion to ‘size_t’ {aka ‘long unsigned int’} from ‘int’ may change the sign of the result [-Wsign-conversion]
  138 |       min *= sizes[d];
      |              ~~~~~^
/var/www/chino/.venv-whisper/lib/python3.12/site-packages/torch/include/c10/core/MemoryFormat.h: In instantiation of ‘bool c10::is_channels_last_strides_3d_s5(ArrayRef<T>, ArrayRef<T>) [with T = long int]’:
/var/www/chino/.venv-whisper/lib/python3.12/site-packages/torch/include/c10/core/MemoryFormat.h:242:44:   required from ‘bool c10::is_channels_last_strides_3d(ArrayRef<T>, ArrayRef<T>) [with T = long int]’
/var/www/chino/.venv-whisper/lib/python3.12/site-packages/torch/include/c10/core/MemoryFormat.h:261:46:   required from here
/var/www/chino/.venv-whisper/lib/python3.12/site-packages/torch/include/c10/core/MemoryFormat.h:153:14: warning: conversion to ‘size_t’ {aka ‘long unsigned int’} from ‘int’ may change the sign of the result [-Wsign-conversion]
  153 |     if (sizes[d] == 0) {
      |         ~~~~~^
/var/www/chino/.venv-whisper/lib/python3.12/site-packages/torch/include/c10/core/MemoryFormat.h:156:16: warning: conversion to ‘size_t’ {aka ‘long unsigned int’} from ‘int’ may change the sign of the result [-Wsign-conversion]
  156 |     if (strides[d] < min) {
      |         ~~~~~~~^
/var/www/chino/.venv-whisper/lib/python3.12/site-packages/torch/include/c10/core/MemoryFormat.h:162:18: warning: conversion to ‘size_t’ {aka ‘long unsigned int’} from ‘int’ may change the sign of the result [-Wsign-conversion]
  162 |     min = strides[d];
      |           ~~~~~~~^
/var/www/chino/.venv-whisper/lib/python3.12/site-packages/torch/include/c10/core/MemoryFormat.h:163:14: warning: conversion to ‘size_t’ {aka ‘long unsigned int’} from ‘int’ may change the sign of the result [-Wsign-conversion]
  163 |     if (sizes[d] > 1) {
      |         ~~~~~^
/var/www/chino/.venv-whisper/lib/python3.12/site-packages/torch/include/c10/core/MemoryFormat.h:164:19: warning: conversion to ‘size_t’ {aka ‘long unsigned int’} from ‘int’ may change the sign of the result [-Wsign-conversion]
  164 |       min *= sizes[d];
      |              ~~~~~^
In file included from /var/www/chino/.venv-whisper/lib/python3.12/site-packages/torch/include/ATen/core/Generator.h:10:
/var/www/chino/.venv-whisper/lib/python3.12/site-packages/torch/include/c10/util/intrusive_ptr.h: In instantiation of ‘static c10::intrusive_ptr<T, NullType> c10::intrusive_ptr<T, NullType>::make(Args&& ...) [with Args = {c10::StorageImpl::use_byte_size_t, long unsigned int&, c10::DataPtr, c10::Allocator*&, bool&}; TTarget = c10::StorageImpl; NullType = c10::detail::intrusive_target_default_null_type<c10::StorageImpl>]’:
/var/www/chino/.venv-whisper/lib/python3.12/site-packages/torch/include/c10/util/intrusive_ptr.h:754:48:   required from ‘c10::intrusive_ptr<TTarget, NullType> c10::make_intrusive(Args&& ...) [with TTarget = StorageImpl; NullType = detail::intrusive_target_default_null_type<StorageImpl>; Args = {StorageImpl::use_byte_size_t, long unsigned int&, DataPtr, Allocator*&, bool&}]’
/var/www/chino/.venv-whisper/lib/python3.12/site-packages/torch/include/c10/core/Storage.h:58:55:   required from here
/var/www/chino/.venv-whisper/lib/python3.12/site-packages/torch/include/c10/util/intrusive_ptr.h:672:26: warning: conversion to ‘int64_t’ {aka ‘long int’} from ‘long unsigned int’ may change the sign of the result [-Wsign-conversion]
  672 |     return intrusive_ptr(new TTarget(std::forward<Args>(args)...));
      |                          ^~~~~~~~~~~~~~~~~~~~~~~~~~~~~~~~~~~~~~~~
In file included from /var/www/chino/.venv-whisper/lib/python3.12/site-packages/torch/include/c10/core/TensorImpl.h:31:
/var/www/chino/.venv-whisper/lib/python3.12/site-packages/torch/include/c10/util/safe_numerics.h: In instantiation of ‘bool c10::safe_multiplies_u64(It, It, uint64_t*) [with It = const long int*; uint64_t = long unsigned int]’:
/var/www/chino/.venv-whisper/lib/python3.12/site-packages/torch/include/c10/util/safe_numerics.h:112:29:   required from ‘bool c10::safe_multiplies_u64(const Container&, uint64_t*) [with Container = ArrayRef<long int>; uint64_t = long unsigned int]’
/var/www/chino/.venv-whisper/lib/python3.12/site-packages/torch/include/c10/core/TensorImpl.h:2610:33:   required from here
/var/www/chino/.venv-whisper/lib/python3.12/site-packages/torch/include/c10/util/safe_numerics.h:89:35: warning: conversion to ‘uint64_t’ {aka ‘long unsigned int’} from ‘long int’ may change the sign of the result [-Wsign-conversion]
   89 |     overflow |= c10::mul_overflows(prod, *first, &prod);
      |                 ~~~~~~~~~~~~~~~~~~^~~~~~~~~~~~~~~~~~~~~
In file included from /var/www/chino/.venv-whisper/lib/python3.12/site-packages/torch/include/c10/util/TypeCast.h:12,
                 from /var/www/chino/.venv-whisper/lib/python3.12/site-packages/torch/include/c10/core/Scalar.h:19,
                 from /var/www/chino/.venv-whisper/lib/python3.12/site-packages/torch/include/ATen/core/TensorBody.h:17:
/var/www/chino/.venv-whisper/lib/python3.12/site-packages/torch/include/c10/util/overflows.h: In instantiation of ‘std::enable_if_t<is_floating_point_v<From>, bool> c10::overflows(From, bool) [with To = unsigned char; From = double; std::enable_if_t<is_floating_point_v<From>, bool> = bool]’:
/var/www/chino/.venv-whisper/lib/python3.12/site-packages/torch/include/c10/util/TypeCast.h:201:55:   required from ‘To c10::checked_convert(From, const char*) [with To = unsigned char; From = double]’
/var/www/chino/.venv-whisper/lib/python3.12/site-packages/torch/include/c10/core/Scalar.h:141:3:   required from here
/var/www/chino/.venv-whisper/lib/python3.12/site-packages/torch/include/c10/util/overflows.h:69:35: warning: comparing floating-point with ‘==’ or ‘!=’ is unsafe [-Wfloat-equal]
   69 |   if (!limit::has_quiet_NaN && (f != f)) {
      |                                ~~~^~~~~
/var/www/chino/.venv-whisper/lib/python3.12/site-packages/torch/include/c10/util/overflows.h: In instantiation of ‘std::enable_if_t<c10::is_complex<From>::value, bool> c10::overflows(From, bool) [with To = unsigned char; From = complex<double>; std::enable_if_t<is_complex<From>::value, bool> = bool]’:
/var/www/chino/.venv-whisper/lib/python3.12/site-packages/torch/include/c10/util/TypeCast.h:201:55:   required from ‘To c10::checked_convert(From, const char*) [with To = unsigned char; From = complex<double>]’
/var/www/chino/.venv-whisper/lib/python3.12/site-packages/torch/include/c10/core/Scalar.h:141:3:   required from here
/var/www/chino/.venv-whisper/lib/python3.12/site-packages/torch/include/c10/util/overflows.h:87:42: warning: comparing floating-point with ‘==’ or ‘!=’ is unsafe [-Wfloat-equal]
   87 |   if (!is_complex<To>::value && f.imag() != 0) {
      |                                 ~~~~~~~~~^~~~
/var/www/chino/.venv-whisper/lib/python3.12/site-packages/torch/include/c10/util/overflows.h: In instantiation of ‘std::enable_if_t<is_floating_point_v<From>, bool> c10::overflows(From, bool) [with To = signed char; From = double; std::enable_if_t<is_floating_point_v<From>, bool> = bool]’:
/var/www/chino/.venv-whisper/lib/python3.12/site-packages/torch/include/c10/util/TypeCast.h:201:55:   required from ‘To c10::checked_convert(From, const char*) [with To = signed char; From = double]’
/var/www/chino/.venv-whisper/lib/python3.12/site-packages/torch/include/c10/core/Scalar.h:141:3:   required from here
/var/www/chino/.venv-whisper/lib/python3.12/site-packages/torch/include/c10/util/overflows.h:69:35: warning: comparing floating-point with ‘==’ or ‘!=’ is unsafe [-Wfloat-equal]
   69 |   if (!limit::has_quiet_NaN && (f != f)) {
      |                                ~~~^~~~~
/var/www/chino/.venv-whisper/lib/python3.12/site-packages/torch/include/c10/util/overflows.h: In instantiation of ‘std::enable_if_t<c10::is_complex<From>::value, bool> c10::overflows(From, bool) [with To = signed char; From = complex<double>; std::enable_if_t<is_complex<From>::value, bool> = bool]’:
/var/www/chino/.venv-whisper/lib/python3.12/site-packages/torch/include/c10/util/TypeCast.h:201:55:   required from ‘To c10::checked_convert(From, const char*) [with To = signed char; From = complex<double>]’
/var/www/chino/.venv-whisper/lib/python3.12/site-packages/torch/include/c10/core/Scalar.h:141:3:   required from here
/var/www/chino/.venv-whisper/lib/python3.12/site-packages/torch/include/c10/util/overflows.h:87:42: warning: comparing floating-point with ‘==’ or ‘!=’ is unsafe [-Wfloat-equal]
   87 |   if (!is_complex<To>::value && f.imag() != 0) {
      |                                 ~~~~~~~~~^~~~
/var/www/chino/.venv-whisper/lib/python3.12/site-packages/torch/include/c10/util/overflows.h: In instantiation of ‘std::enable_if_t<is_floating_point_v<From>, bool> c10::overflows(From, bool) [with To = short int; From = double; std::enable_if_t<is_floating_point_v<From>, bool> = bool]’:
/var/www/chino/.venv-whisper/lib/python3.12/site-packages/torch/include/c10/util/TypeCast.h:201:55:   required from ‘To c10::checked_convert(From, const char*) [with To = short int; From = double]’
/var/www/chino/.venv-whisper/lib/python3.12/site-packages/torch/include/c10/core/Scalar.h:141:3:   required from here
/var/www/chino/.venv-whisper/lib/python3.12/site-packages/torch/include/c10/util/overflows.h:69:35: warning: comparing floating-point with ‘==’ or ‘!=’ is unsafe [-Wfloat-equal]
   69 |   if (!limit::has_quiet_NaN && (f != f)) {
      |                                ~~~^~~~~
/var/www/chino/.venv-whisper/lib/python3.12/site-packages/torch/include/c10/util/overflows.h: In instantiation of ‘std::enable_if_t<c10::is_complex<From>::value, bool> c10::overflows(From, bool) [with To = short int; From = complex<double>; std::enable_if_t<is_complex<From>::value, bool> = bool]’:
/var/www/chino/.venv-whisper/lib/python3.12/site-packages/torch/include/c10/util/TypeCast.h:201:55:   required from ‘To c10::checked_convert(From, const char*) [with To = short int; From = complex<double>]’
/var/www/chino/.venv-whisper/lib/python3.12/site-packages/torch/include/c10/core/Scalar.h:141:3:   required from here
/var/www/chino/.venv-whisper/lib/python3.12/site-packages/torch/include/c10/util/overflows.h:87:42: warning: comparing floating-point with ‘==’ or ‘!=’ is unsafe [-Wfloat-equal]
   87 |   if (!is_complex<To>::value && f.imag() != 0) {
      |                                 ~~~~~~~~~^~~~
/var/www/chino/.venv-whisper/lib/python3.12/site-packages/torch/include/c10/util/overflows.h: In instantiation of ‘std::enable_if_t<is_floating_point_v<From>, bool> c10::overflows(From, bool) [with To = int; From = double; std::enable_if_t<is_floating_point_v<From>, bool> = bool]’:
/var/www/chino/.venv-whisper/lib/python3.12/site-packages/torch/include/c10/util/TypeCast.h:201:55:   required from ‘To c10::checked_convert(From, const char*) [with To = int; From = double]’
/var/www/chino/.venv-whisper/lib/python3.12/site-packages/torch/include/c10/core/Scalar.h:141:3:   required from here
/var/www/chino/.venv-whisper/lib/python3.12/site-packages/torch/include/c10/util/overflows.h:69:35: warning: comparing floating-point with ‘==’ or ‘!=’ is unsafe [-Wfloat-equal]
   69 |   if (!limit::has_quiet_NaN && (f != f)) {
      |                                ~~~^~~~~
/var/www/chino/.venv-whisper/lib/python3.12/site-packages/torch/include/c10/util/overflows.h: In instantiation of ‘std::enable_if_t<c10::is_complex<From>::value, bool> c10::overflows(From, bool) [with To = int; From = complex<double>; std::enable_if_t<is_complex<From>::value, bool> = bool]’:
/var/www/chino/.venv-whisper/lib/python3.12/site-packages/torch/include/c10/util/TypeCast.h:201:55:   required from ‘To c10::checked_convert(From, const char*) [with To = int; From = complex<double>]’
/var/www/chino/.venv-whisper/lib/python3.12/site-packages/torch/include/c10/core/Scalar.h:141:3:   required from here
/var/www/chino/.venv-whisper/lib/python3.12/site-packages/torch/include/c10/util/overflows.h:87:42: warning: comparing floating-point with ‘==’ or ‘!=’ is unsafe [-Wfloat-equal]
   87 |   if (!is_complex<To>::value && f.imag() != 0) {
      |                                 ~~~~~~~~~^~~~
/var/www/chino/.venv-whisper/lib/python3.12/site-packages/torch/include/c10/util/overflows.h: In instantiation of ‘std::enable_if_t<is_floating_point_v<From>, bool> c10::overflows(From, bool) [with To = long int; From = double; std::enable_if_t<is_floating_point_v<From>, bool> = bool]’:
/var/www/chino/.venv-whisper/lib/python3.12/site-packages/torch/include/c10/util/TypeCast.h:201:55:   required from ‘To c10::checked_convert(From, const char*) [with To = long int; From = double]’
/var/www/chino/.venv-whisper/lib/python3.12/site-packages/torch/include/c10/core/Scalar.h:141:3:   required from here
/var/www/chino/.venv-whisper/lib/python3.12/site-packages/torch/include/c10/util/overflows.h:69:35: warning: comparing floating-point with ‘==’ or ‘!=’ is unsafe [-Wfloat-equal]
   69 |   if (!limit::has_quiet_NaN && (f != f)) {
      |                                ~~~^~~~~
/var/www/chino/.venv-whisper/lib/python3.12/site-packages/torch/include/c10/util/overflows.h: In instantiation of ‘std::enable_if_t<c10::is_complex<From>::value, bool> c10::overflows(From, bool) [with To = long int; From = complex<double>; std::enable_if_t<is_complex<From>::value, bool> = bool]’:
/var/www/chino/.venv-whisper/lib/python3.12/site-packages/torch/include/c10/util/TypeCast.h:201:55:   required from ‘To c10::checked_convert(From, const char*) [with To = long int; From = complex<double>]’
/var/www/chino/.venv-whisper/lib/python3.12/site-packages/torch/include/c10/core/Scalar.h:141:3:   required from here
/var/www/chino/.venv-whisper/lib/python3.12/site-packages/torch/include/c10/util/overflows.h:87:42: warning: comparing floating-point with ‘==’ or ‘!=’ is unsafe [-Wfloat-equal]
   87 |   if (!is_complex<To>::value && f.imag() != 0) {
      |                                 ~~~~~~~~~^~~~
/var/www/chino/.venv-whisper/lib/python3.12/site-packages/torch/include/c10/util/overflows.h: In instantiation of ‘std::enable_if_t<is_floating_point_v<From>, bool> c10::overflows(From, bool) [with To = Half; From = double; std::enable_if_t<is_floating_point_v<From>, bool> = bool]’:
/var/www/chino/.venv-whisper/lib/python3.12/site-packages/torch/include/c10/util/TypeCast.h:201:55:   required from ‘To c10::checked_convert(From, const char*) [with To = Half; From = double]’
/var/www/chino/.venv-whisper/lib/python3.12/site-packages/torch/include/c10/core/Scalar.h:141:3:   required from here
/var/www/chino/.venv-whisper/lib/python3.12/site-packages/torch/include/c10/util/overflows.h:69:35: warning: comparing floating-point with ‘==’ or ‘!=’ is unsafe [-Wfloat-equal]
   69 |   if (!limit::has_quiet_NaN && (f != f)) {
      |                                ~~~^~~~~
/var/www/chino/.venv-whisper/lib/python3.12/site-packages/torch/include/c10/util/overflows.h: In instantiation of ‘std::enable_if_t<c10::is_complex<From>::value, bool> c10::overflows(From, bool) [with To = Half; From = complex<double>; std::enable_if_t<is_complex<From>::value, bool> = bool]’:
/var/www/chino/.venv-whisper/lib/python3.12/site-packages/torch/include/c10/util/TypeCast.h:201:55:   required from ‘To c10::checked_convert(From, const char*) [with To = Half; From = complex<double>]’
/var/www/chino/.venv-whisper/lib/python3.12/site-packages/torch/include/c10/core/Scalar.h:141:3:   required from here
/var/www/chino/.venv-whisper/lib/python3.12/site-packages/torch/include/c10/util/overflows.h:87:42: warning: comparing floating-point with ‘==’ or ‘!=’ is unsafe [-Wfloat-equal]
   87 |   if (!is_complex<To>::value && f.imag() != 0) {
      |                                 ~~~~~~~~~^~~~
/var/www/chino/.venv-whisper/lib/python3.12/site-packages/torch/include/c10/util/overflows.h: In instantiation of ‘std::enable_if_t<is_floating_point_v<From>, bool> c10::overflows(From, bool) [with To = float; From = double; std::enable_if_t<is_floating_point_v<From>, bool> = bool]’:
/var/www/chino/.venv-whisper/lib/python3.12/site-packages/torch/include/c10/util/TypeCast.h:201:55:   required from ‘To c10::checked_convert(From, const char*) [with To = float; From = double]’
/var/www/chino/.venv-whisper/lib/python3.12/site-packages/torch/include/c10/core/Scalar.h:141:3:   required from here
/var/www/chino/.venv-whisper/lib/python3.12/site-packages/torch/include/c10/util/overflows.h:69:35: warning: comparing floating-point with ‘==’ or ‘!=’ is unsafe [-Wfloat-equal]
   69 |   if (!limit::has_quiet_NaN && (f != f)) {
      |                                ~~~^~~~~
/var/www/chino/.venv-whisper/lib/python3.12/site-packages/torch/include/c10/util/overflows.h: In instantiation of ‘std::enable_if_t<c10::is_complex<From>::value, bool> c10::overflows(From, bool) [with To = float; From = complex<double>; std::enable_if_t<is_complex<From>::value, bool> = bool]’:
/var/www/chino/.venv-whisper/lib/python3.12/site-packages/torch/include/c10/util/TypeCast.h:201:55:   required from ‘To c10::checked_convert(From, const char*) [with To = float; From = complex<double>]’
/var/www/chino/.venv-whisper/lib/python3.12/site-packages/torch/include/c10/core/Scalar.h:141:3:   required from here
/var/www/chino/.venv-whisper/lib/python3.12/site-packages/torch/include/c10/util/overflows.h:87:42: warning: comparing floating-point with ‘==’ or ‘!=’ is unsafe [-Wfloat-equal]
   87 |   if (!is_complex<To>::value && f.imag() != 0) {
      |                                 ~~~~~~~~~^~~~
/var/www/chino/.venv-whisper/lib/python3.12/site-packages/torch/include/c10/util/overflows.h: In instantiation of ‘std::enable_if_t<is_floating_point_v<From>, bool> c10::overflows(From, bool) [with To = double; From = double; std::enable_if_t<is_floating_point_v<From>, bool> = bool]’:
/var/www/chino/.venv-whisper/lib/python3.12/site-packages/torch/include/c10/util/TypeCast.h:201:55:   required from ‘To c10::checked_convert(From, const char*) [with To = double; From = double]’
/var/www/chino/.venv-whisper/lib/python3.12/site-packages/torch/include/c10/core/Scalar.h:141:3:   required from here
/var/www/chino/.venv-whisper/lib/python3.12/site-packages/torch/include/c10/util/overflows.h:69:35: warning: comparing floating-point with ‘==’ or ‘!=’ is unsafe [-Wfloat-equal]
   69 |   if (!limit::has_quiet_NaN && (f != f)) {
      |                                ~~~^~~~~
/var/www/chino/.venv-whisper/lib/python3.12/site-packages/torch/include/c10/util/overflows.h: In instantiation of ‘std::enable_if_t<c10::is_complex<From>::value, bool> c10::overflows(From, bool) [with To = double; From = complex<double>; std::enable_if_t<is_complex<From>::value, bool> = bool]’:
/var/www/chino/.venv-whisper/lib/python3.12/site-packages/torch/include/c10/util/TypeCast.h:201:55:   required from ‘To c10::checked_convert(From, const char*) [with To = double; From = complex<double>]’
/var/www/chino/.venv-whisper/lib/python3.12/site-packages/torch/include/c10/core/Scalar.h:141:3:   required from here
/var/www/chino/.venv-whisper/lib/python3.12/site-packages/torch/include/c10/util/overflows.h:87:42: warning: comparing floating-point with ‘==’ or ‘!=’ is unsafe [-Wfloat-equal]
   87 |   if (!is_complex<To>::value && f.imag() != 0) {
      |                                 ~~~~~~~~~^~~~
/var/www/chino/.venv-whisper/lib/python3.12/site-packages/torch/include/c10/util/overflows.h: In instantiation of ‘std::enable_if_t<is_floating_point_v<From>, bool> c10::overflows(From, bool) [with To = complex<Half>; From = double; std::enable_if_t<is_floating_point_v<From>, bool> = bool]’:
/var/www/chino/.venv-whisper/lib/python3.12/site-packages/torch/include/c10/util/TypeCast.h:201:55:   required from ‘To c10::checked_convert(From, const char*) [with To = complex<Half>; From = double]’
/var/www/chino/.venv-whisper/lib/python3.12/site-packages/torch/include/c10/core/Scalar.h:141:3:   required from here
/var/www/chino/.venv-whisper/lib/python3.12/site-packages/torch/include/c10/util/overflows.h:69:35: warning: comparing floating-point with ‘==’ or ‘!=’ is unsafe [-Wfloat-equal]
   69 |   if (!limit::has_quiet_NaN && (f != f)) {
      |                                ~~~^~~~~
/var/www/chino/.venv-whisper/lib/python3.12/site-packages/torch/include/c10/util/overflows.h: In instantiation of ‘std::enable_if_t<c10::is_complex<From>::value, bool> c10::overflows(From, bool) [with To = complex<Half>; From = complex<double>; std::enable_if_t<is_complex<From>::value, bool> = bool]’:
/var/www/chino/.venv-whisper/lib/python3.12/site-packages/torch/include/c10/util/TypeCast.h:201:55:   required from ‘To c10::checked_convert(From, const char*) [with To = complex<Half>; From = complex<double>]’
/var/www/chino/.venv-whisper/lib/python3.12/site-packages/torch/include/c10/core/Scalar.h:141:3:   required from here
/var/www/chino/.venv-whisper/lib/python3.12/site-packages/torch/include/c10/util/overflows.h:87:42: warning: comparing floating-point with ‘==’ or ‘!=’ is unsafe [-Wfloat-equal]
   87 |   if (!is_complex<To>::value && f.imag() != 0) {
      |                                 ~~~~~~~~~^~~~
/var/www/chino/.venv-whisper/lib/python3.12/site-packages/torch/include/c10/util/overflows.h: In instantiation of ‘std::enable_if_t<is_floating_point_v<From>, bool> c10::overflows(From, bool) [with To = complex<float>; From = double; std::enable_if_t<is_floating_point_v<From>, bool> = bool]’:
/var/www/chino/.venv-whisper/lib/python3.12/site-packages/torch/include/c10/util/TypeCast.h:201:55:   required from ‘To c10::checked_convert(From, const char*) [with To = complex<float>; From = double]’
/var/www/chino/.venv-whisper/lib/python3.12/site-packages/torch/include/c10/core/Scalar.h:141:3:   required from here
/var/www/chino/.venv-whisper/lib/python3.12/site-packages/torch/include/c10/util/overflows.h:69:35: warning: comparing floating-point with ‘==’ or ‘!=’ is unsafe [-Wfloat-equal]
   69 |   if (!limit::has_quiet_NaN && (f != f)) {
      |                                ~~~^~~~~
/var/www/chino/.venv-whisper/lib/python3.12/site-packages/torch/include/c10/util/overflows.h: In instantiation of ‘std::enable_if_t<c10::is_complex<From>::value, bool> c10::overflows(From, bool) [with To = complex<float>; From = complex<double>; std::enable_if_t<is_complex<From>::value, bool> = bool]’:
/var/www/chino/.venv-whisper/lib/python3.12/site-packages/torch/include/c10/util/TypeCast.h:201:55:   required from ‘To c10::checked_convert(From, const char*) [with To = complex<float>; From = complex<double>]’
/var/www/chino/.venv-whisper/lib/python3.12/site-packages/torch/include/c10/core/Scalar.h:141:3:   required from here
/var/www/chino/.venv-whisper/lib/python3.12/site-packages/torch/include/c10/util/overflows.h:87:42: warning: comparing floating-point with ‘==’ or ‘!=’ is unsafe [-Wfloat-equal]
   87 |   if (!is_complex<To>::value && f.imag() != 0) {
      |                                 ~~~~~~~~~^~~~
/var/www/chino/.venv-whisper/lib/python3.12/site-packages/torch/include/c10/util/overflows.h: In instantiation of ‘std::enable_if_t<is_floating_point_v<From>, bool> c10::overflows(From, bool) [with To = complex<double>; From = double; std::enable_if_t<is_floating_point_v<From>, bool> = bool]’:
/var/www/chino/.venv-whisper/lib/python3.12/site-packages/torch/include/c10/util/TypeCast.h:201:55:   required from ‘To c10::checked_convert(From, const char*) [with To = complex<double>; From = double]’
/var/www/chino/.venv-whisper/lib/python3.12/site-packages/torch/include/c10/core/Scalar.h:141:3:   required from here
/var/www/chino/.venv-whisper/lib/python3.12/site-packages/torch/include/c10/util/overflows.h:69:35: warning: comparing floating-point with ‘==’ or ‘!=’ is unsafe [-Wfloat-equal]
   69 |   if (!limit::has_quiet_NaN && (f != f)) {
      |                                ~~~^~~~~
/var/www/chino/.venv-whisper/lib/python3.12/site-packages/torch/include/c10/util/overflows.h: In instantiation of ‘std::enable_if_t<c10::is_complex<From>::value, bool> c10::overflows(From, bool) [with To = complex<double>; From = complex<double>; std::enable_if_t<is_complex<From>::value, bool> = bool]’:
/var/www/chino/.venv-whisper/lib/python3.12/site-packages/torch/include/c10/util/TypeCast.h:201:55:   required from ‘To c10::checked_convert(From, const char*) [with To = complex<double>; From = complex<double>]’
/var/www/chino/.venv-whisper/lib/python3.12/site-packages/torch/include/c10/core/Scalar.h:141:3:   required from here
/var/www/chino/.venv-whisper/lib/python3.12/site-packages/torch/include/c10/util/overflows.h:87:42: warning: comparing floating-point with ‘==’ or ‘!=’ is unsafe [-Wfloat-equal]
   87 |   if (!is_complex<To>::value && f.imag() != 0) {
      |                                 ~~~~~~~~~^~~~
/var/www/chino/.venv-whisper/lib/python3.12/site-packages/torch/include/c10/util/overflows.h: In instantiation of ‘std::enable_if_t<is_floating_point_v<From>, bool> c10::overflows(From, bool) [with To = bool; From = double; std::enable_if_t<is_floating_point_v<From>, bool> = bool]’:
/var/www/chino/.venv-whisper/lib/python3.12/site-packages/torch/include/c10/util/TypeCast.h:201:55:   required from ‘To c10::checked_convert(From, const char*) [with To = bool; From = double]’
/var/www/chino/.venv-whisper/lib/python3.12/site-packages/torch/include/c10/core/Scalar.h:141:3:   required from here
/var/www/chino/.venv-whisper/lib/python3.12/site-packages/torch/include/c10/util/overflows.h:69:35: warning: comparing floating-point with ‘==’ or ‘!=’ is unsafe [-Wfloat-equal]
   69 |   if (!limit::has_quiet_NaN && (f != f)) {
      |                                ~~~^~~~~
/var/www/chino/.venv-whisper/lib/python3.12/site-packages/torch/include/c10/util/overflows.h: In instantiation of ‘std::enable_if_t<c10::is_complex<From>::value, bool> c10::overflows(From, bool) [with To = bool; From = complex<double>; std::enable_if_t<is_complex<From>::value, bool> = bool]’:
/var/www/chino/.venv-whisper/lib/python3.12/site-packages/torch/include/c10/util/TypeCast.h:201:55:   required from ‘To c10::checked_convert(From, const char*) [with To = bool; From = complex<double>]’
/var/www/chino/.venv-whisper/lib/python3.12/site-packages/torch/include/c10/core/Scalar.h:141:3:   required from here
/var/www/chino/.venv-whisper/lib/python3.12/site-packages/torch/include/c10/util/overflows.h:87:42: warning: comparing floating-point with ‘==’ or ‘!=’ is unsafe [-Wfloat-equal]
   87 |   if (!is_complex<To>::value && f.imag() != 0) {
      |                                 ~~~~~~~~~^~~~
/var/www/chino/.venv-whisper/lib/python3.12/site-packages/torch/include/c10/util/overflows.h: In instantiation of ‘std::enable_if_t<is_floating_point_v<From>, bool> c10::overflows(From, bool) [with To = BFloat16; From = double; std::enable_if_t<is_floating_point_v<From>, bool> = bool]’:
/var/www/chino/.venv-whisper/lib/python3.12/site-packages/torch/include/c10/util/TypeCast.h:201:55:   required from ‘To c10::checked_convert(From, const char*) [with To = BFloat16; From = double]’
/var/www/chino/.venv-whisper/lib/python3.12/site-packages/torch/include/c10/core/Scalar.h:141:3:   required from here
/var/www/chino/.venv-whisper/lib/python3.12/site-packages/torch/include/c10/util/overflows.h:69:35: warning: comparing floating-point with ‘==’ or ‘!=’ is unsafe [-Wfloat-equal]
   69 |   if (!limit::has_quiet_NaN && (f != f)) {
      |                                ~~~^~~~~
/var/www/chino/.venv-whisper/lib/python3.12/site-packages/torch/include/c10/util/overflows.h: In instantiation of ‘std::enable_if_t<c10::is_complex<From>::value, bool> c10::overflows(From, bool) [with To = BFloat16; From = complex<double>; std::enable_if_t<is_complex<From>::value, bool> = bool]’:
/var/www/chino/.venv-whisper/lib/python3.12/site-packages/torch/include/c10/util/TypeCast.h:201:55:   required from ‘To c10::checked_convert(From, const char*) [with To = BFloat16; From = complex<double>]’
/var/www/chino/.venv-whisper/lib/python3.12/site-packages/torch/include/c10/core/Scalar.h:141:3:   required from here
/var/www/chino/.venv-whisper/lib/python3.12/site-packages/torch/include/c10/util/overflows.h:87:42: warning: comparing floating-point with ‘==’ or ‘!=’ is unsafe [-Wfloat-equal]
   87 |   if (!is_complex<To>::value && f.imag() != 0) {
      |                                 ~~~~~~~~~^~~~
/var/www/chino/.venv-whisper/lib/python3.12/site-packages/torch/include/c10/util/overflows.h: In instantiation of ‘std::enable_if_t<is_floating_point_v<From>, bool> c10::overflows(From, bool) [with To = Float8_e5m2; From = double; std::enable_if_t<is_floating_point_v<From>, bool> = bool]’:
/var/www/chino/.venv-whisper/lib/python3.12/site-packages/torch/include/c10/util/TypeCast.h:201:55:   required from ‘To c10::checked_convert(From, const char*) [with To = Float8_e5m2; From = double]’
/var/www/chino/.venv-whisper/lib/python3.12/site-packages/torch/include/c10/core/Scalar.h:141:3:   required from here
/var/www/chino/.venv-whisper/lib/python3.12/site-packages/torch/include/c10/util/overflows.h:69:35: warning: comparing floating-point with ‘==’ or ‘!=’ is unsafe [-Wfloat-equal]
   69 |   if (!limit::has_quiet_NaN && (f != f)) {
      |                                ~~~^~~~~
/var/www/chino/.venv-whisper/lib/python3.12/site-packages/torch/include/c10/util/overflows.h: In instantiation of ‘std::enable_if_t<c10::is_complex<From>::value, bool> c10::overflows(From, bool) [with To = Float8_e5m2; From = complex<double>; std::enable_if_t<is_complex<From>::value, bool> = bool]’:
/var/www/chino/.venv-whisper/lib/python3.12/site-packages/torch/include/c10/util/TypeCast.h:201:55:   required from ‘To c10::checked_convert(From, const char*) [with To = Float8_e5m2; From = complex<double>]’
/var/www/chino/.venv-whisper/lib/python3.12/site-packages/torch/include/c10/core/Scalar.h:141:3:   required from here
/var/www/chino/.venv-whisper/lib/python3.12/site-packages/torch/include/c10/util/overflows.h:87:42: warning: comparing floating-point with ‘==’ or ‘!=’ is unsafe [-Wfloat-equal]
   87 |   if (!is_complex<To>::value && f.imag() != 0) {
      |                                 ~~~~~~~~~^~~~
/var/www/chino/.venv-whisper/lib/python3.12/site-packages/torch/include/c10/util/overflows.h: In instantiation of ‘std::enable_if_t<is_floating_point_v<From>, bool> c10::overflows(From, bool) [with To = Float8_e4m3fn; From = double; std::enable_if_t<is_floating_point_v<From>, bool> = bool]’:
/var/www/chino/.venv-whisper/lib/python3.12/site-packages/torch/include/c10/util/TypeCast.h:201:55:   required from ‘To c10::checked_convert(From, const char*) [with To = Float8_e4m3fn; From = double]’
/var/www/chino/.venv-whisper/lib/python3.12/site-packages/torch/include/c10/core/Scalar.h:141:3:   required from here
/var/www/chino/.venv-whisper/lib/python3.12/site-packages/torch/include/c10/util/overflows.h:69:35: warning: comparing floating-point with ‘==’ or ‘!=’ is unsafe [-Wfloat-equal]
   69 |   if (!limit::has_quiet_NaN && (f != f)) {
      |                                ~~~^~~~~
/var/www/chino/.venv-whisper/lib/python3.12/site-packages/torch/include/c10/util/overflows.h: In instantiation of ‘std::enable_if_t<c10::is_complex<From>::value, bool> c10::overflows(From, bool) [with To = Float8_e4m3fn; From = complex<double>; std::enable_if_t<is_complex<From>::value, bool> = bool]’:
/var/www/chino/.venv-whisper/lib/python3.12/site-packages/torch/include/c10/util/TypeCast.h:201:55:   required from ‘To c10::checked_convert(From, const char*) [with To = Float8_e4m3fn; From = complex<double>]’
/var/www/chino/.venv-whisper/lib/python3.12/site-packages/torch/include/c10/core/Scalar.h:141:3:   required from here
/var/www/chino/.venv-whisper/lib/python3.12/site-packages/torch/include/c10/util/overflows.h:87:42: warning: comparing floating-point with ‘==’ or ‘!=’ is unsafe [-Wfloat-equal]
   87 |   if (!is_complex<To>::value && f.imag() != 0) {
      |                                 ~~~~~~~~~^~~~
/var/www/chino/.venv-whisper/lib/python3.12/site-packages/torch/include/c10/util/overflows.h: In instantiation of ‘std::enable_if_t<is_floating_point_v<From>, bool> c10::overflows(From, bool) [with To = Float8_e5m2fnuz; From = double; std::enable_if_t<is_floating_point_v<From>, bool> = bool]’:
/var/www/chino/.venv-whisper/lib/python3.12/site-packages/torch/include/c10/util/TypeCast.h:201:55:   required from ‘To c10::checked_convert(From, const char*) [with To = Float8_e5m2fnuz; From = double]’
/var/www/chino/.venv-whisper/lib/python3.12/site-packages/torch/include/c10/core/Scalar.h:141:3:   required from here
/var/www/chino/.venv-whisper/lib/python3.12/site-packages/torch/include/c10/util/overflows.h:69:35: warning: comparing floating-point with ‘==’ or ‘!=’ is unsafe [-Wfloat-equal]
   69 |   if (!limit::has_quiet_NaN && (f != f)) {
      |                                ~~~^~~~~
/var/www/chino/.venv-whisper/lib/python3.12/site-packages/torch/include/c10/util/overflows.h: In instantiation of ‘std::enable_if_t<c10::is_complex<From>::value, bool> c10::overflows(From, bool) [with To = Float8_e5m2fnuz; From = complex<double>; std::enable_if_t<is_complex<From>::value, bool> = bool]’:
/var/www/chino/.venv-whisper/lib/python3.12/site-packages/torch/include/c10/util/TypeCast.h:201:55:   required from ‘To c10::checked_convert(From, const char*) [with To = Float8_e5m2fnuz; From = complex<double>]’
/var/www/chino/.venv-whisper/lib/python3.12/site-packages/torch/include/c10/core/Scalar.h:141:3:   required from here
/var/www/chino/.venv-whisper/lib/python3.12/site-packages/torch/include/c10/util/overflows.h:87:42: warning: comparing floating-point with ‘==’ or ‘!=’ is unsafe [-Wfloat-equal]
   87 |   if (!is_complex<To>::value && f.imag() != 0) {
      |                                 ~~~~~~~~~^~~~
/var/www/chino/.venv-whisper/lib/python3.12/site-packages/torch/include/c10/util/overflows.h: In instantiation of ‘std::enable_if_t<is_floating_point_v<From>, bool> c10::overflows(From, bool) [with To = Float8_e4m3fnuz; From = double; std::enable_if_t<is_floating_point_v<From>, bool> = bool]’:
/var/www/chino/.venv-whisper/lib/python3.12/site-packages/torch/include/c10/util/TypeCast.h:201:55:   required from ‘To c10::checked_convert(From, const char*) [with To = Float8_e4m3fnuz; From = double]’
/var/www/chino/.venv-whisper/lib/python3.12/site-packages/torch/include/c10/core/Scalar.h:141:3:   required from here
/var/www/chino/.venv-whisper/lib/python3.12/site-packages/torch/include/c10/util/overflows.h:69:35: warning: comparing floating-point with ‘==’ or ‘!=’ is unsafe [-Wfloat-equal]
   69 |   if (!limit::has_quiet_NaN && (f != f)) {
      |                                ~~~^~~~~
/var/www/chino/.venv-whisper/lib/python3.12/site-packages/torch/include/c10/util/overflows.h: In instantiation of ‘std::enable_if_t<c10::is_complex<From>::value, bool> c10::overflows(From, bool) [with To = Float8_e4m3fnuz; From = complex<double>; std::enable_if_t<is_complex<From>::value, bool> = bool]’:
/var/www/chino/.venv-whisper/lib/python3.12/site-packages/torch/include/c10/util/TypeCast.h:201:55:   required from ‘To c10::checked_convert(From, const char*) [with To = Float8_e4m3fnuz; From = complex<double>]’
/var/www/chino/.venv-whisper/lib/python3.12/site-packages/torch/include/c10/core/Scalar.h:141:3:   required from here
/var/www/chino/.venv-whisper/lib/python3.12/site-packages/torch/include/c10/util/overflows.h:87:42: warning: comparing floating-point with ‘==’ or ‘!=’ is unsafe [-Wfloat-equal]
   87 |   if (!is_complex<To>::value && f.imag() != 0) {
      |                                 ~~~~~~~~~^~~~
/var/www/chino/.venv-whisper/lib/python3.12/site-packages/torch/include/c10/util/overflows.h: In instantiation of ‘std::enable_if_t<is_floating_point_v<From>, bool> c10::overflows(From, bool) [with To = Float8_e8m0fnu; From = double; std::enable_if_t<is_floating_point_v<From>, bool> = bool]’:
/var/www/chino/.venv-whisper/lib/python3.12/site-packages/torch/include/c10/util/TypeCast.h:201:55:   required from ‘To c10::checked_convert(From, const char*) [with To = Float8_e8m0fnu; From = double]’
/var/www/chino/.venv-whisper/lib/python3.12/site-packages/torch/include/c10/core/Scalar.h:141:3:   required from here
/var/www/chino/.venv-whisper/lib/python3.12/site-packages/torch/include/c10/util/overflows.h:69:35: warning: comparing floating-point with ‘==’ or ‘!=’ is unsafe [-Wfloat-equal]
   69 |   if (!limit::has_quiet_NaN && (f != f)) {
      |                                ~~~^~~~~
/var/www/chino/.venv-whisper/lib/python3.12/site-packages/torch/include/c10/util/overflows.h: In instantiation of ‘std::enable_if_t<c10::is_complex<From>::value, bool> c10::overflows(From, bool) [with To = Float8_e8m0fnu; From = complex<double>; std::enable_if_t<is_complex<From>::value, bool> = bool]’:
/var/www/chino/.venv-whisper/lib/python3.12/site-packages/torch/include/c10/util/TypeCast.h:201:55:   required from ‘To c10::checked_convert(From, const char*) [with To = Float8_e8m0fnu; From = complex<double>]’
/var/www/chino/.venv-whisper/lib/python3.12/site-packages/torch/include/c10/core/Scalar.h:141:3:   required from here
/var/www/chino/.venv-whisper/lib/python3.12/site-packages/torch/include/c10/util/overflows.h:87:42: warning: comparing floating-point with ‘==’ or ‘!=’ is unsafe [-Wfloat-equal]
   87 |   if (!is_complex<To>::value && f.imag() != 0) {
      |                                 ~~~~~~~~~^~~~
/var/www/chino/.venv-whisper/lib/python3.12/site-packages/torch/include/c10/util/overflows.h: In instantiation of ‘std::enable_if_t<is_floating_point_v<From>, bool> c10::overflows(From, bool) [with To = short unsigned int; From = double; std::enable_if_t<is_floating_point_v<From>, bool> = bool]’:
/var/www/chino/.venv-whisper/lib/python3.12/site-packages/torch/include/c10/util/TypeCast.h:201:55:   required from ‘To c10::checked_convert(From, const char*) [with To = short unsigned int; From = double]’
/var/www/chino/.venv-whisper/lib/python3.12/site-packages/torch/include/c10/core/Scalar.h:142:3:   required from here
/var/www/chino/.venv-whisper/lib/python3.12/site-packages/torch/include/c10/util/overflows.h:69:35: warning: comparing floating-point with ‘==’ or ‘!=’ is unsafe [-Wfloat-equal]
   69 |   if (!limit::has_quiet_NaN && (f != f)) {
      |                                ~~~^~~~~
/var/www/chino/.venv-whisper/lib/python3.12/site-packages/torch/include/c10/util/overflows.h: In instantiation of ‘std::enable_if_t<c10::is_complex<From>::value, bool> c10::overflows(From, bool) [with To = short unsigned int; From = complex<double>; std::enable_if_t<is_complex<From>::value, bool> = bool]’:
/var/www/chino/.venv-whisper/lib/python3.12/site-packages/torch/include/c10/util/TypeCast.h:201:55:   required from ‘To c10::checked_convert(From, const char*) [with To = short unsigned int; From = complex<double>]’
/var/www/chino/.venv-whisper/lib/python3.12/site-packages/torch/include/c10/core/Scalar.h:142:3:   required from here
/var/www/chino/.venv-whisper/lib/python3.12/site-packages/torch/include/c10/util/overflows.h:87:42: warning: comparing floating-point with ‘==’ or ‘!=’ is unsafe [-Wfloat-equal]
   87 |   if (!is_complex<To>::value && f.imag() != 0) {
      |                                 ~~~~~~~~~^~~~
/var/www/chino/.venv-whisper/lib/python3.12/site-packages/torch/include/c10/util/overflows.h: In instantiation of ‘std::enable_if_t<is_floating_point_v<From>, bool> c10::overflows(From, bool) [with To = unsigned int; From = double; std::enable_if_t<is_floating_point_v<From>, bool> = bool]’:
/var/www/chino/.venv-whisper/lib/python3.12/site-packages/torch/include/c10/util/TypeCast.h:201:55:   required from ‘To c10::checked_convert(From, const char*) [with To = unsigned int; From = double]’
/var/www/chino/.venv-whisper/lib/python3.12/site-packages/torch/include/c10/core/Scalar.h:143:3:   required from here
/var/www/chino/.venv-whisper/lib/python3.12/site-packages/torch/include/c10/util/overflows.h:69:35: warning: comparing floating-point with ‘==’ or ‘!=’ is unsafe [-Wfloat-equal]
   69 |   if (!limit::has_quiet_NaN && (f != f)) {
      |                                ~~~^~~~~
/var/www/chino/.venv-whisper/lib/python3.12/site-packages/torch/include/c10/util/overflows.h: In instantiation of ‘std::enable_if_t<c10::is_complex<From>::value, bool> c10::overflows(From, bool) [with To = unsigned int; From = complex<double>; std::enable_if_t<is_complex<From>::value, bool> = bool]’:
/var/www/chino/.venv-whisper/lib/python3.12/site-packages/torch/include/c10/util/TypeCast.h:201:55:   required from ‘To c10::checked_convert(From, const char*) [with To = unsigned int; From = complex<double>]’
/var/www/chino/.venv-whisper/lib/python3.12/site-packages/torch/include/c10/core/Scalar.h:143:3:   required from here
/var/www/chino/.venv-whisper/lib/python3.12/site-packages/torch/include/c10/util/overflows.h:87:42: warning: comparing floating-point with ‘==’ or ‘!=’ is unsafe [-Wfloat-equal]
   87 |   if (!is_complex<To>::value && f.imag() != 0) {
      |                                 ~~~~~~~~~^~~~
/var/www/chino/.venv-whisper/lib/python3.12/site-packages/torch/include/c10/util/overflows.h: In instantiation of ‘std::enable_if_t<is_floating_point_v<From>, bool> c10::overflows(From, bool) [with To = long unsigned int; From = double; std::enable_if_t<is_floating_point_v<From>, bool> = bool]’:
/var/www/chino/.venv-whisper/lib/python3.12/site-packages/torch/include/c10/util/TypeCast.h:201:55:   required from ‘To c10::checked_convert(From, const char*) [with To = long unsigned int; From = double]’
/var/www/chino/.venv-whisper/lib/python3.12/site-packages/torch/include/c10/core/Scalar.h:144:3:   required from here
/var/www/chino/.venv-whisper/lib/python3.12/site-packages/torch/include/c10/util/overflows.h:69:35: warning: comparing floating-point with ‘==’ or ‘!=’ is unsafe [-Wfloat-equal]
   69 |   if (!limit::has_quiet_NaN && (f != f)) {
      |                                ~~~^~~~~
/var/www/chino/.venv-whisper/lib/python3.12/site-packages/torch/include/c10/util/overflows.h: In instantiation of ‘std::enable_if_t<c10::is_complex<From>::value, bool> c10::overflows(From, bool) [with To = long unsigned int; From = complex<double>; std::enable_if_t<is_complex<From>::value, bool> = bool]’:
/var/www/chino/.venv-whisper/lib/python3.12/site-packages/torch/include/c10/util/TypeCast.h:201:55:   required from ‘To c10::checked_convert(From, const char*) [with To = long unsigned int; From = complex<double>]’
/var/www/chino/.venv-whisper/lib/python3.12/site-packages/torch/include/c10/core/Scalar.h:144:3:   required from here
/var/www/chino/.venv-whisper/lib/python3.12/site-packages/torch/include/c10/util/overflows.h:87:42: warning: comparing floating-point with ‘==’ or ‘!=’ is unsafe [-Wfloat-equal]
   87 |   if (!is_complex<To>::value && f.imag() != 0) {
      |                                 ~~~~~~~~~^~~~
/var/www/chino/.venv-whisper/lib/python3.12/site-packages/torch/include/c10/util/order_preserving_flat_hash_map.h: In instantiation of ‘void ska_ordered::detailv3::sherwood_v3_table<T, FindKey, ArgumentHash, Hasher, ArgumentEqual, Equal, ArgumentAlloc, EntryAlloc>::clear() [with T = std::pair<c10::IValue, c10::IValue>; FindKey = c10::IValue; ArgumentHash = c10::detail::DictKeyHash; Hasher = ska_ordered::detailv3::KeyOrValueHasher<c10::IValue, std::pair<c10::IValue, c10::IValue>, c10::detail::DictKeyHash>; ArgumentEqual = c10::detail::DictKeyEqualTo; Equal = ska_ordered::detailv3::KeyOrValueEquality<c10::IValue, std::pair<c10::IValue, c10::IValue>, c10::detail::DictKeyEqualTo>; ArgumentAlloc = std::allocator<std::pair<c10::IValue, c10::IValue> >; EntryAlloc = std::allocator<ska_ordered::detailv3::sherwood_v3_entry<std::pair<c10::IValue, c10::IValue> > >]’:
/var/www/chino/.venv-whisper/lib/python3.12/site-packages/torch/include/c10/util/order_preserving_flat_hash_map.h:416:5:   required from ‘ska_ordered::detailv3::sherwood_v3_table<T, FindKey, ArgumentHash, Hasher, ArgumentEqual, Equal, ArgumentAlloc, EntryAlloc>::~sherwood_v3_table() [with T = std::pair<c10::IValue, c10::IValue>; FindKey = c10::IValue; ArgumentHash = c10::detail::DictKeyHash; Hasher = ska_ordered::detailv3::KeyOrValueHasher<c10::IValue, std::pair<c10::IValue, c10::IValue>, c10::detail::DictKeyHash>; ArgumentEqual = c10::detail::DictKeyEqualTo; Equal = ska_ordered::detailv3::KeyOrValueEquality<c10::IValue, std::pair<c10::IValue, c10::IValue>, c10::detail::DictKeyEqualTo>; ArgumentAlloc = std::allocator<std::pair<c10::IValue, c10::IValue> >; EntryAlloc = std::allocator<ska_ordered::detailv3::sherwood_v3_entry<std::pair<c10::IValue, c10::IValue> > >]’
/var/www/chino/.venv-whisper/lib/python3.12/site-packages/torch/include/c10/util/order_preserving_flat_hash_map.h:2038:7:   required from here
/var/www/chino/.venv-whisper/lib/python3.12/site-packages/torch/include/c10/util/order_preserving_flat_hash_map.h:717:59: warning: conversion to ‘uint64_t’ {aka ‘long unsigned int’} from ‘int’ may change the sign of the result [-Wsign-conversion]
  717 |              static_cast<ptrdiff_t>(num_slots_minus_one + max_lookups);
      |                                                           ^~~~~~~~~~~
/var/www/chino/.venv-whisper/lib/python3.12/site-packages/torch/include/c10/util/order_preserving_flat_hash_map.h: In instantiation of ‘void ska_ordered::detailv3::sherwood_v3_table<T, FindKey, ArgumentHash, Hasher, ArgumentEqual, Equal, ArgumentAlloc, EntryAlloc>::deallocate_data(EntryPointer, uint64_t, int8_t) [with T = std::pair<c10::IValue, c10::IValue>; FindKey = c10::IValue; ArgumentHash = c10::detail::DictKeyHash; Hasher = ska_ordered::detailv3::KeyOrValueHasher<c10::IValue, std::pair<c10::IValue, c10::IValue>, c10::detail::DictKeyHash>; ArgumentEqual = c10::detail::DictKeyEqualTo; Equal = ska_ordered::detailv3::KeyOrValueEquality<c10::IValue, std::pair<c10::IValue, c10::IValue>, c10::detail::DictKeyEqualTo>; ArgumentAlloc = std::allocator<std::pair<c10::IValue, c10::IValue> >; EntryAlloc = std::allocator<ska_ordered::detailv3::sherwood_v3_entry<std::pair<c10::IValue, c10::IValue> > >; EntryPointer = ska_ordered::detailv3::sherwood_v3_entry<std::pair<c10::IValue, c10::IValue> >*; uint64_t = long unsigned int; int8_t = signed char]’:
/var/www/chino/.venv-whisper/lib/python3.12/site-packages/torch/include/c10/util/order_preserving_flat_hash_map.h:417:5:   required from ‘ska_ordered::detailv3::sherwood_v3_table<T, FindKey, ArgumentHash, Hasher, ArgumentEqual, Equal, ArgumentAlloc, EntryAlloc>::~sherwood_v3_table() [with T = std::pair<c10::IValue, c10::IValue>; FindKey = c10::IValue; ArgumentHash = c10::detail::DictKeyHash; Hasher = ska_ordered::detailv3::KeyOrValueHasher<c10::IValue, std::pair<c10::IValue, c10::IValue>, c10::detail::DictKeyHash>; ArgumentEqual = c10::detail::DictKeyEqualTo; Equal = ska_ordered::detailv3::KeyOrValueEquality<c10::IValue, std::pair<c10::IValue, c10::IValue>, c10::detail::DictKeyEqualTo>; ArgumentAlloc = std::allocator<std::pair<c10::IValue, c10::IValue> >; EntryAlloc = std::allocator<ska_ordered::detailv3::sherwood_v3_entry<std::pair<c10::IValue, c10::IValue> > >]’
/var/www/chino/.venv-whisper/lib/python3.12/site-packages/torch/include/c10/util/order_preserving_flat_hash_map.h:2038:7:   required from here
/var/www/chino/.venv-whisper/lib/python3.12/site-packages/torch/include/c10/util/order_preserving_flat_hash_map.h:972:46: warning: conversion to ‘uint64_t’ {aka ‘long unsigned int’} from ‘int’ may change the sign of the result [-Wsign-conversion]
  972 |         *this, begin, num_slots_minus_one_ + max_lookups_ + 1);
      |                                              ^~~~~~~~~~~~
/var/www/chino/.venv-whisper/lib/python3.12/site-packages/torch/include/c10/util/flat_hash_map.h: In instantiation of ‘void ska::detailv3::sherwood_v3_table<T, FindKey, ArgumentHash, DetailHasher, ArgumentEqual, Equal, ArgumentAlloc, EntryAlloc>::clear() [with T = std::pair<c10::DispatchKey, std::__cxx11::list<c10::impl::AnnotatedKernel> >; FindKey = c10::DispatchKey; ArgumentHash = std::hash<c10::DispatchKey>; DetailHasher = ska::detailv3::KeyOrValueHasher<c10::DispatchKey, std::pair<c10::DispatchKey, std::__cxx11::list<c10::impl::AnnotatedKernel> >, std::hash<c10::DispatchKey> >; ArgumentEqual = std::equal_to<c10::DispatchKey>; Equal = ska::detailv3::KeyOrValueEquality<c10::DispatchKey, std::pair<c10::DispatchKey, std::__cxx11::list<c10::impl::AnnotatedKernel> >, std::equal_to<c10::DispatchKey> >; ArgumentAlloc = std::allocator<std::pair<c10::DispatchKey, std::__cxx11::list<c10::impl::AnnotatedKernel> > >; EntryAlloc = std::allocator<ska::detailv3::sherwood_v3_entry<std::pair<c10::DispatchKey, std::__cxx11::list<c10::impl::AnnotatedKernel> > > >]’:
/var/www/chino/.venv-whisper/lib/python3.12/site-packages/torch/include/c10/util/flat_hash_map.h:420:5:   required from ‘ska::detailv3::sherwood_v3_table<T, FindKey, ArgumentHash, DetailHasher, ArgumentEqual, Equal, ArgumentAlloc, EntryAlloc>::~sherwood_v3_table() [with T = std::pair<c10::DispatchKey, std::__cxx11::list<c10::impl::AnnotatedKernel> >; FindKey = c10::DispatchKey; ArgumentHash = std::hash<c10::DispatchKey>; DetailHasher = ska::detailv3::KeyOrValueHasher<c10::DispatchKey, std::pair<c10::DispatchKey, std::__cxx11::list<c10::impl::AnnotatedKernel> >, std::hash<c10::DispatchKey> >; ArgumentEqual = std::equal_to<c10::DispatchKey>; Equal = ska::detailv3::KeyOrValueEquality<c10::DispatchKey, std::pair<c10::DispatchKey, std::__cxx11::list<c10::impl::AnnotatedKernel> >, std::equal_to<c10::DispatchKey> >; ArgumentAlloc = std::allocator<std::pair<c10::DispatchKey, std::__cxx11::list<c10::impl::AnnotatedKernel> > >; EntryAlloc = std::allocator<ska::detailv3::sherwood_v3_entry<std::pair<c10::DispatchKey, std::__cxx11::list<c10::impl::AnnotatedKernel> > > >]’
/var/www/chino/.venv-whisper/lib/python3.12/site-packages/torch/include/c10/util/flat_hash_map.h:1921:7:   required from here
/var/www/chino/.venv-whisper/lib/python3.12/site-packages/torch/include/c10/util/flat_hash_map.h:701:59: warning: conversion to ‘uint64_t’ {aka ‘long unsigned int’} from ‘int’ may change the sign of the result [-Wsign-conversion]
  701 |              static_cast<ptrdiff_t>(num_slots_minus_one + max_lookups);
      |                                                           ^~~~~~~~~~~
/var/www/chino/.venv-whisper/lib/python3.12/site-packages/torch/include/c10/util/flat_hash_map.h: In instantiation of ‘void ska::detailv3::sherwood_v3_table<T, FindKey, ArgumentHash, DetailHasher, ArgumentEqual, Equal, ArgumentAlloc, EntryAlloc>::deallocate_data(EntryPointer, uint64_t, int8_t) [with T = std::pair<c10::DispatchKey, std::__cxx11::list<c10::impl::AnnotatedKernel> >; FindKey = c10::DispatchKey; ArgumentHash = std::hash<c10::DispatchKey>; DetailHasher = ska::detailv3::KeyOrValueHasher<c10::DispatchKey, std::pair<c10::DispatchKey, std::__cxx11::list<c10::impl::AnnotatedKernel> >, std::hash<c10::DispatchKey> >; ArgumentEqual = std::equal_to<c10::DispatchKey>; Equal = ska::detailv3::KeyOrValueEquality<c10::DispatchKey, std::pair<c10::DispatchKey, std::__cxx11::list<c10::impl::AnnotatedKernel> >, std::equal_to<c10::DispatchKey> >; ArgumentAlloc = std::allocator<std::pair<c10::DispatchKey, std::__cxx11::list<c10::impl::AnnotatedKernel> > >; EntryAlloc = std::allocator<ska::detailv3::sherwood_v3_entry<std::pair<c10::DispatchKey, std::__cxx11::list<c10::impl::AnnotatedKernel> > > >; EntryPointer = ska::detailv3::sherwood_v3_entry<std::pair<c10::DispatchKey, std::__cxx11::list<c10::impl::AnnotatedKernel> > >*; uint64_t = long unsigned int; int8_t = signed char]’:
/var/www/chino/.venv-whisper/lib/python3.12/site-packages/torch/include/c10/util/flat_hash_map.h:421:5:   required from ‘ska::detailv3::sherwood_v3_table<T, FindKey, ArgumentHash, DetailHasher, ArgumentEqual, Equal, ArgumentAlloc, EntryAlloc>::~sherwood_v3_table() [with T = std::pair<c10::DispatchKey, std::__cxx11::list<c10::impl::AnnotatedKernel> >; FindKey = c10::DispatchKey; ArgumentHash = std::hash<c10::DispatchKey>; DetailHasher = ska::detailv3::KeyOrValueHasher<c10::DispatchKey, std::pair<c10::DispatchKey, std::__cxx11::list<c10::impl::AnnotatedKernel> >, std::hash<c10::DispatchKey> >; ArgumentEqual = std::equal_to<c10::DispatchKey>; Equal = ska::detailv3::KeyOrValueEquality<c10::DispatchKey, std::pair<c10::DispatchKey, std::__cxx11::list<c10::impl::AnnotatedKernel> >, std::equal_to<c10::DispatchKey> >; ArgumentAlloc = std::allocator<std::pair<c10::DispatchKey, std::__cxx11::list<c10::impl::AnnotatedKernel> > >; EntryAlloc = std::allocator<ska::detailv3::sherwood_v3_entry<std::pair<c10::DispatchKey, std::__cxx11::list<c10::impl::AnnotatedKernel> > > >]’
/var/www/chino/.venv-whisper/lib/python3.12/site-packages/torch/include/c10/util/flat_hash_map.h:1921:7:   required from here
/var/www/chino/.venv-whisper/lib/python3.12/site-packages/torch/include/c10/util/flat_hash_map.h:855:46: warning: conversion to ‘uint64_t’ {aka ‘long unsigned int’} from ‘int’ may change the sign of the result [-Wsign-conversion]
  855 |         *this, begin, num_slots_minus_one_ + max_lookups_ + 1);
      |                                              ^~~~~~~~~~~~
/var/www/chino/.venv-whisper/lib/python3.12/site-packages/torch/include/c10/util/SmallVector.h: In instantiation of ‘void c10::SmallVectorImpl<T>::append(in_iter, in_iter) [with in_iter = const c10::SymInt*; <template-parameter-2-2> = void; T = c10::SymInt]’:
/var/www/chino/.venv-whisper/lib/python3.12/site-packages/torch/include/c10/util/SmallVector.h:1316:17:   required from ‘c10::SmallVector<T, N>::SmallVector(Container&&) [with Container = c10::ArrayRef<c10::SymInt>&; typename std::enable_if<(is_convertible_v<typename std::iterator_traits<decltype (declval<Container>().begin())>::iterator_category, std::input_iterator_tag> && is_convertible_v<typename std::iterator_traits<decltype (declval<Container>().end())>::iterator_category, std::input_iterator_tag>), int>::type <anonymous> = 0; T = c10::SymInt; unsigned int N = 5]’
/usr/include/c++/13/variant:249:4:   required from ‘constexpr std::__detail::__variant::_Uninitialized<_Type, false>::_Uninitialized(std::in_place_index_t<0>, _Args&& ...) [with _Args = {c10::ArrayRef<c10::SymInt>&}; _Type = c10::SmallVector<c10::SymInt, 5>]’
/usr/include/c++/13/variant:411:4:   required from here
/var/www/chino/.venv-whisper/lib/python3.12/site-packages/torch/include/c10/util/SmallVector.h:730:40: warning: conversion to ‘c10::SmallVectorImpl<c10::SymInt>::size_type’ {aka ‘long unsigned int’} from ‘std::iterator_traits<const c10::SymInt*>::difference_type’ {aka ‘long int’} may change the sign of the result [-Wsign-conversion]
  730 |     size_type NumInputs = std::distance(in_start, in_end);
      |                           ~~~~~~~~~~~~~^~~~~~~~~~~~~~~~~~
/var/www/chino/.venv-whisper/lib/python3.12/site-packages/torch/include/c10/util/SmallVector.h: In instantiation of ‘void c10::SmallVectorImpl<T>::append(in_iter, in_iter) [with in_iter = __gnu_cxx::__normal_iterator<c10::SymInt*, std::vector<c10::SymInt, std::allocator<c10::SymInt> > >; <template-parameter-2-2> = void; T = c10::SymInt]’:
/var/www/chino/.venv-whisper/lib/python3.12/site-packages/torch/include/c10/util/SmallVector.h:1316:17:   required from ‘c10::SmallVector<T, N>::SmallVector(Container&&) [with Container = std::vector<c10::SymInt, std::allocator<c10::SymInt> >&; typename std::enable_if<(is_convertible_v<typename std::iterator_traits<decltype (declval<Container>().begin())>::iterator_category, std::input_iterator_tag> && is_convertible_v<typename std::iterator_traits<decltype (declval<Container>().end())>::iterator_category, std::input_iterator_tag>), int>::type <anonymous> = 0; T = c10::SymInt; unsigned int N = 5]’
/var/www/chino/.venv-whisper/lib/python3.12/site-packages/torch/include/torch/csrc/dynamo/compiled_autograd.h:1475:42:   required from here
/var/www/chino/.venv-whisper/lib/python3.12/site-packages/torch/include/c10/util/SmallVector.h:730:40: warning: conversion to ‘c10::SmallVectorImpl<c10::SymInt>::size_type’ {aka ‘long unsigned int’} from ‘std::__iterator_traits<__gnu_cxx::__normal_iterator<c10::SymInt*, std::vector<c10::SymInt, std::allocator<c10::SymInt> > >, void>::difference_type’ {aka ‘long int’} may change the sign of the result [-Wsign-conversion]
/var/www/chino/.venv-whisper/lib/python3.12/site-packages/torch/include/c10/util/flat_hash_map.h: In instantiation of ‘void ska::detailv3::sherwood_v3_table<T, FindKey, ArgumentHash, DetailHasher, ArgumentEqual, Equal, ArgumentAlloc, EntryAlloc>::clear() [with T = std::pair<std::__cxx11::basic_string<char>, c10::IValue>; FindKey = std::__cxx11::basic_string<char>; ArgumentHash = std::hash<std::__cxx11::basic_string<char> >; DetailHasher = ska::detailv3::KeyOrValueHasher<std::__cxx11::basic_string<char>, std::pair<std::__cxx11::basic_string<char>, c10::IValue>, std::hash<std::__cxx11::basic_string<char> > >; ArgumentEqual = std::equal_to<std::__cxx11::basic_string<char> >; Equal = ska::detailv3::KeyOrValueEquality<std::__cxx11::basic_string<char>, std::pair<std::__cxx11::basic_string<char>, c10::IValue>, std::equal_to<std::__cxx11::basic_string<char> > >; ArgumentAlloc = std::allocator<std::pair<std::__cxx11::basic_string<char>, c10::IValue> >; EntryAlloc = std::allocator<ska::detailv3::sherwood_v3_entry<std::pair<std::__cxx11::basic_string<char>, c10::IValue> > >]’:
/var/www/chino/.venv-whisper/lib/python3.12/site-packages/torch/include/c10/util/flat_hash_map.h:420:5:   required from ‘ska::detailv3::sherwood_v3_table<T, FindKey, ArgumentHash, DetailHasher, ArgumentEqual, Equal, ArgumentAlloc, EntryAlloc>::~sherwood_v3_table() [with T = std::pair<std::__cxx11::basic_string<char>, c10::IValue>; FindKey = std::__cxx11::basic_string<char>; ArgumentHash = std::hash<std::__cxx11::basic_string<char> >; DetailHasher = ska::detailv3::KeyOrValueHasher<std::__cxx11::basic_string<char>, std::pair<std::__cxx11::basic_string<char>, c10::IValue>, std::hash<std::__cxx11::basic_string<char> > >; ArgumentEqual = std::equal_to<std::__cxx11::basic_string<char> >; Equal = ska::detailv3::KeyOrValueEquality<std::__cxx11::basic_string<char>, std::pair<std::__cxx11::basic_string<char>, c10::IValue>, std::equal_to<std::__cxx11::basic_string<char> > >; ArgumentAlloc = std::allocator<std::pair<std::__cxx11::basic_string<char>, c10::IValue> >; EntryAlloc = std::allocator<ska::detailv3::sherwood_v3_entry<std::pair<std::__cxx11::basic_string<char>, c10::IValue> > >]’
/var/www/chino/.venv-whisper/lib/python3.12/site-packages/torch/include/c10/util/flat_hash_map.h:1948:3:   required from here
/var/www/chino/.venv-whisper/lib/python3.12/site-packages/torch/include/c10/util/flat_hash_map.h:701:59: warning: conversion to ‘uint64_t’ {aka ‘long unsigned int’} from ‘int’ may change the sign of the result [-Wsign-conversion]
  701 |              static_cast<ptrdiff_t>(num_slots_minus_one + max_lookups);
      |                                                           ^~~~~~~~~~~
/var/www/chino/.venv-whisper/lib/python3.12/site-packages/torch/include/c10/util/flat_hash_map.h: In instantiation of ‘void ska::detailv3::sherwood_v3_table<T, FindKey, ArgumentHash, DetailHasher, ArgumentEqual, Equal, ArgumentAlloc, EntryAlloc>::deallocate_data(EntryPointer, uint64_t, int8_t) [with T = std::pair<std::__cxx11::basic_string<char>, c10::IValue>; FindKey = std::__cxx11::basic_string<char>; ArgumentHash = std::hash<std::__cxx11::basic_string<char> >; DetailHasher = ska::detailv3::KeyOrValueHasher<std::__cxx11::basic_string<char>, std::pair<std::__cxx11::basic_string<char>, c10::IValue>, std::hash<std::__cxx11::basic_string<char> > >; ArgumentEqual = std::equal_to<std::__cxx11::basic_string<char> >; Equal = ska::detailv3::KeyOrValueEquality<std::__cxx11::basic_string<char>, std::pair<std::__cxx11::basic_string<char>, c10::IValue>, std::equal_to<std::__cxx11::basic_string<char> > >; ArgumentAlloc = std::allocator<std::pair<std::__cxx11::basic_string<char>, c10::IValue> >; EntryAlloc = std::allocator<ska::detailv3::sherwood_v3_entry<std::pair<std::__cxx11::basic_string<char>, c10::IValue> > >; EntryPointer = ska::detailv3::sherwood_v3_entry<std::pair<std::__cxx11::basic_string<char>, c10::IValue> >*; uint64_t = long unsigned int; int8_t = signed char]’:
/var/www/chino/.venv-whisper/lib/python3.12/site-packages/torch/include/c10/util/flat_hash_map.h:421:5:   required from ‘ska::detailv3::sherwood_v3_table<T, FindKey, ArgumentHash, DetailHasher, ArgumentEqual, Equal, ArgumentAlloc, EntryAlloc>::~sherwood_v3_table() [with T = std::pair<std::__cxx11::basic_string<char>, c10::IValue>; FindKey = std::__cxx11::basic_string<char>; ArgumentHash = std::hash<std::__cxx11::basic_string<char> >; DetailHasher = ska::detailv3::KeyOrValueHasher<std::__cxx11::basic_string<char>, std::pair<std::__cxx11::basic_string<char>, c10::IValue>, std::hash<std::__cxx11::basic_string<char> > >; ArgumentEqual = std::equal_to<std::__cxx11::basic_string<char> >; Equal = ska::detailv3::KeyOrValueEquality<std::__cxx11::basic_string<char>, std::pair<std::__cxx11::basic_string<char>, c10::IValue>, std::equal_to<std::__cxx11::basic_string<char> > >; ArgumentAlloc = std::allocator<std::pair<std::__cxx11::basic_string<char>, c10::IValue> >; EntryAlloc = std::allocator<ska::detailv3::sherwood_v3_entry<std::pair<std::__cxx11::basic_string<char>, c10::IValue> > >]’
/var/www/chino/.venv-whisper/lib/python3.12/site-packages/torch/include/c10/util/flat_hash_map.h:1948:3:   required from here
/var/www/chino/.venv-whisper/lib/python3.12/site-packages/torch/include/c10/util/flat_hash_map.h:855:46: warning: conversion to ‘uint64_t’ {aka ‘long unsigned int’} from ‘int’ may change the sign of the result [-Wsign-conversion]
  855 |         *this, begin, num_slots_minus_one_ + max_lookups_ + 1);
      |                                              ^~~~~~~~~~~~
/var/www/chino/.venv-whisper/lib/python3.12/site-packages/torch/include/c10/util/SmallVector.h: In instantiation of ‘c10::SmallVectorTemplateBase<T, true>::SmallVectorTemplateBase(size_t) [with T = long int; size_t = long unsigned int]’:
/var/www/chino/.venv-whisper/lib/python3.12/site-packages/torch/include/c10/util/SmallVector.h:647:70:   required from ‘c10::SmallVectorImpl<T>::SmallVectorImpl(unsigned int) [with T = long int]’
/var/www/chino/.venv-whisper/lib/python3.12/site-packages/torch/include/c10/util/SmallVector.h:1286:29:   required from ‘c10::SmallVector<T, N>::SmallVector(size_t, const T&) [with T = long int; unsigned int N = 5; size_t = long unsigned int]’
/var/www/chino/.venv-whisper/lib/python3.12/site-packages/torch/include/c10/core/SymIntArrayRef.h:57:34:   required from here
/var/www/chino/.venv-whisper/lib/python3.12/site-packages/torch/include/c10/util/SmallVector.h:539:34: warning: declaration of ‘Size’ shadows a member of ‘c10::SmallVectorTemplateBase<long int, true>’ [-Wshadow]
  539 |   SmallVectorTemplateBase(size_t Size) : SmallVectorTemplateCommon<T>(Size) {}
      |                           ~~~~~~~^~~~
/var/www/chino/.venv-whisper/lib/python3.12/site-packages/torch/include/c10/util/SmallVector.h:56:10: note: shadowed declaration is here
   56 |   Size_T Size = 0, Capacity;
      |          ^~~~
/var/www/chino/.venv-whisper/lib/python3.12/site-packages/torch/include/c10/util/SmallVector.h:539:34: warning: declaration of ‘Size’ shadows a member of ‘c10::SmallVectorTemplateBase<long int, true>’ [-Wshadow]
  539 |   SmallVectorTemplateBase(size_t Size) : SmallVectorTemplateCommon<T>(Size) {}
      |                           ~~~~~~~^~~~
/var/www/chino/.venv-whisper/lib/python3.12/site-packages/torch/include/c10/util/SmallVector.h:56:10: note: shadowed declaration is here
   56 |   Size_T Size = 0, Capacity;
      |          ^~~~
/var/www/chino/.venv-whisper/lib/python3.12/site-packages/torch/include/c10/util/SmallVector.h:539:34: warning: declaration of ‘Size’ shadows a member of ‘c10::SmallVectorTemplateBase<long int, true>’ [-Wshadow]
  539 |   SmallVectorTemplateBase(size_t Size) : SmallVectorTemplateCommon<T>(Size) {}
      |                           ~~~~~~~^~~~
/var/www/chino/.venv-whisper/lib/python3.12/site-packages/torch/include/c10/util/SmallVector.h:56:10: note: shadowed declaration is here
   56 |   Size_T Size = 0, Capacity;
      |          ^~~~
/var/www/chino/.venv-whisper/lib/python3.12/site-packages/torch/include/c10/util/SmallVector.h: In instantiation of ‘c10::SmallVectorTemplateBase<T, <anonymous> >::SmallVectorTemplateBase(size_t) [with T = c10::SymInt; bool <anonymous> = false; size_t = long unsigned int]’:
/var/www/chino/.venv-whisper/lib/python3.12/site-packages/torch/include/c10/util/SmallVector.h:647:70:   required from ‘c10::SmallVectorImpl<T>::SmallVectorImpl(unsigned int) [with T = c10::SymInt]’
/var/www/chino/.venv-whisper/lib/python3.12/site-packages/torch/include/c10/util/SmallVector.h:1319:66:   required from ‘c10::SmallVector<T, N>::SmallVector(std::initializer_list<_Tp>) [with T = c10::SymInt; unsigned int N = 5]’
/var/www/chino/.venv-whisper/lib/python3.12/site-packages/torch/include/c10/core/SymbolicShapeMeta.h:20:27:   required from here
/var/www/chino/.venv-whisper/lib/python3.12/site-packages/torch/include/c10/util/SmallVector.h:384:34: warning: declaration of ‘Size’ shadows a member of ‘c10::SmallVectorTemplateBase<c10::SymInt, false>’ [-Wshadow]
  384 |   SmallVectorTemplateBase(size_t Size) : SmallVectorTemplateCommon<T>(Size) {}
      |                           ~~~~~~~^~~~
/var/www/chino/.venv-whisper/lib/python3.12/site-packages/torch/include/c10/util/SmallVector.h:56:10: note: shadowed declaration is here
   56 |   Size_T Size = 0, Capacity;
      |          ^~~~
/var/www/chino/.venv-whisper/lib/python3.12/site-packages/torch/include/c10/util/SmallVector.h:384:34: warning: declaration of ‘Size’ shadows a member of ‘c10::SmallVectorTemplateBase<c10::SymInt, false>’ [-Wshadow]
  384 |   SmallVectorTemplateBase(size_t Size) : SmallVectorTemplateCommon<T>(Size) {}
      |                           ~~~~~~~^~~~
/var/www/chino/.venv-whisper/lib/python3.12/site-packages/torch/include/c10/util/SmallVector.h:56:10: note: shadowed declaration is here
   56 |   Size_T Size = 0, Capacity;
      |          ^~~~
/var/www/chino/.venv-whisper/lib/python3.12/site-packages/torch/include/c10/util/SmallVector.h:384:34: warning: declaration of ‘Size’ shadows a member of ‘c10::SmallVectorTemplateBase<c10::SymInt, false>’ [-Wshadow]
  384 |   SmallVectorTemplateBase(size_t Size) : SmallVectorTemplateCommon<T>(Size) {}
      |                           ~~~~~~~^~~~
/var/www/chino/.venv-whisper/lib/python3.12/site-packages/torch/include/c10/util/SmallVector.h:56:10: note: shadowed declaration is here
   56 |   Size_T Size = 0, Capacity;
      |          ^~~~
/var/www/chino/.venv-whisper/lib/python3.12/site-packages/torch/include/c10/util/TypeCast.h: In instantiation of ‘static bool c10::static_cast_with_inter_type<bool, src_t>::apply(src_t) [with src_t = double]’:
/var/www/chino/.venv-whisper/lib/python3.12/site-packages/torch/include/c10/util/TypeCast.h:192:54:   required from ‘To c10::convert(From) [with To = bool; From = double]’
/var/www/chino/.venv-whisper/lib/python3.12/site-packages/torch/include/c10/util/TypeCast.h:204:27:   required from ‘To c10::checked_convert(From, const char*) [with To = bool; From = double]’
/var/www/chino/.venv-whisper/lib/python3.12/site-packages/torch/include/c10/core/Scalar.h:141:3:   required from here
/var/www/chino/.venv-whisper/lib/python3.12/site-packages/torch/include/c10/util/TypeCast.h:82:63: warning: comparing floating-point with ‘==’ or ‘!=’ is unsafe [-Wfloat-equal]
   82 |     return static_cast<bool>(maybe_bool<complex, src_t>::apply(src));
      |                              ~~~~~~~~~~~~~~~~~~~~~~~~~~~~~~~~~^~~~~
/var/www/chino/.venv-whisper/lib/python3.12/site-packages/torch/include/c10/util/TypeCast.h: In instantiation of ‘static decltype(auto) c10::maybe_bool<true, src_t>::apply(src_t) [with src_t = c10::complex<double>]’:
/var/www/chino/.venv-whisper/lib/python3.12/site-packages/torch/include/c10/util/TypeCast.h:82:63:   required from ‘static bool c10::static_cast_with_inter_type<bool, src_t>::apply(src_t) [with src_t = c10::complex<double>]’
/var/www/chino/.venv-whisper/lib/python3.12/site-packages/torch/include/c10/util/TypeCast.h:192:54:   required from ‘To c10::convert(From) [with To = bool; From = complex<double>]’
/var/www/chino/.venv-whisper/lib/python3.12/site-packages/torch/include/c10/util/TypeCast.h:204:27:   required from ‘To c10::checked_convert(From, const char*) [with To = bool; From = complex<double>]’
/var/www/chino/.venv-whisper/lib/python3.12/site-packages/torch/include/c10/core/Scalar.h:141:3:   required from here
/var/www/chino/.venv-whisper/lib/python3.12/site-packages/torch/include/c10/util/TypeCast.h:57:20: warning: comparing floating-point with ‘==’ or ‘!=’ is unsafe [-Wfloat-equal]
   57 |     return src.real() || src.imag();
      |            ~~~~~~~~^~
/var/www/chino/.venv-whisper/lib/python3.12/site-packages/torch/include/c10/util/TypeCast.h:57:34: warning: comparing floating-point with ‘==’ or ‘!=’ is unsafe [-Wfloat-equal]
   57 |     return src.real() || src.imag();
      |                          ~~~~~~~~^~
/var/www/chino/.venv-whisper/lib/python3.12/site-packages/torch/include/c10/util/SmallVector.h: In instantiation of ‘void c10::SmallVectorImpl<T>::append(in_iter, in_iter) [with in_iter = const long int*; <template-parameter-2-2> = void; T = long int]’:
/var/www/chino/.venv-whisper/lib/python3.12/site-packages/torch/include/c10/util/SmallVector.h:778:11:   required from ‘void c10::SmallVectorImpl<T>::assign(in_iter, in_iter) [with in_iter = const long int*; <template-parameter-2-2> = void; T = long int]’
/var/www/chino/.venv-whisper/lib/python3.12/site-packages/torch/include/c10/util/SmallVector.h:1398:17:   required from ‘c10::SmallVector<T, N>& c10::SmallVector<T, N>::operator=(Container&&) [with Container = c10::ArrayRef<long int>&; typename std::enable_if<(is_convertible_v<typename std::iterator_traits<decltype (declval<Container>().begin())>::iterator_category, std::input_iterator_tag> && is_convertible_v<typename std::iterator_traits<decltype (declval<Container>().end())>::iterator_category, std::input_iterator_tag>), int>::type <anonymous> = 0; T = long int; unsigned int N = 6]’
/var/www/chino/.venv-whisper/lib/python3.12/site-packages/torch/include/ATen/TensorIterator.h:481:35:   required from here
/var/www/chino/.venv-whisper/lib/python3.12/site-packages/torch/include/c10/util/SmallVector.h:730:40: warning: conversion to ‘c10::SmallVectorImpl<long int>::size_type’ {aka ‘long unsigned int’} from ‘std::iterator_traits<const long int*>::difference_type’ {aka ‘long int’} may change the sign of the result [-Wsign-conversion]
  730 |     size_type NumInputs = std::distance(in_start, in_end);
      |                           ~~~~~~~~~~~~~^~~~~~~~~~~~~~~~~~
/var/www/chino/.venv-whisper/lib/python3.12/site-packages/torch/include/c10/util/SmallVector.h: In instantiation of ‘c10::SmallVectorTemplateBase<T, true>::SmallVectorTemplateBase(size_t) [with T = at::Dimname; size_t = long unsigned int]’:
/var/www/chino/.venv-whisper/lib/python3.12/site-packages/torch/include/c10/util/SmallVector.h:647:70:   required from ‘c10::SmallVectorImpl<T>::SmallVectorImpl(unsigned int) [with T = at::Dimname]’
/var/www/chino/.venv-whisper/lib/python3.12/site-packages/torch/include/c10/util/SmallVector.h:1278:39:   required from ‘c10::SmallVector<T, N>::SmallVector() [with T = at::Dimname; unsigned int N = 5]’
/var/www/chino/.venv-whisper/lib/python3.12/site-packages/torch/include/ATen/TensorIterator.h:249:18:   required from here
/var/www/chino/.venv-whisper/lib/python3.12/site-packages/torch/include/c10/util/SmallVector.h:539:34: warning: declaration of ‘Size’ shadows a member of ‘c10::SmallVectorTemplateBase<at::Dimname, true>’ [-Wshadow]
  539 |   SmallVectorTemplateBase(size_t Size) : SmallVectorTemplateCommon<T>(Size) {}
      |                           ~~~~~~~^~~~
/var/www/chino/.venv-whisper/lib/python3.12/site-packages/torch/include/c10/util/SmallVector.h:56:10: note: shadowed declaration is here
   56 |   Size_T Size = 0, Capacity;
      |          ^~~~
/var/www/chino/.venv-whisper/lib/python3.12/site-packages/torch/include/c10/util/SmallVector.h:539:34: warning: declaration of ‘Size’ shadows a member of ‘c10::SmallVectorTemplateBase<at::Dimname, true>’ [-Wshadow]
  539 |   SmallVectorTemplateBase(size_t Size) : SmallVectorTemplateCommon<T>(Size) {}
      |                           ~~~~~~~^~~~
/var/www/chino/.venv-whisper/lib/python3.12/site-packages/torch/include/c10/util/SmallVector.h:56:10: note: shadowed declaration is here
   56 |   Size_T Size = 0, Capacity;
      |          ^~~~
/var/www/chino/.venv-whisper/lib/python3.12/site-packages/torch/include/c10/util/SmallVector.h:539:34: warning: declaration of ‘Size’ shadows a member of ‘c10::SmallVectorTemplateBase<at::Dimname, true>’ [-Wshadow]
  539 |   SmallVectorTemplateBase(size_t Size) : SmallVectorTemplateCommon<T>(Size) {}
      |                           ~~~~~~~^~~~
/var/www/chino/.venv-whisper/lib/python3.12/site-packages/torch/include/c10/util/SmallVector.h:56:10: note: shadowed declaration is here
   56 |   Size_T Size = 0, Capacity;
      |          ^~~~
/var/www/chino/.venv-whisper/lib/python3.12/site-packages/torch/include/c10/util/SmallVector.h: In instantiation of ‘c10::SmallVectorTemplateBase<T, <anonymous> >::SmallVectorTemplateBase(size_t) [with T = at::OperandInfo; bool <anonymous> = false; size_t = long unsigned int]’:
/var/www/chino/.venv-whisper/lib/python3.12/site-packages/torch/include/c10/util/SmallVector.h:647:70:   required from ‘c10::SmallVectorImpl<T>::SmallVectorImpl(unsigned int) [with T = at::OperandInfo]’
/var/www/chino/.venv-whisper/lib/python3.12/site-packages/torch/include/c10/util/SmallVector.h:1278:39:   required from ‘c10::SmallVector<T, N>::SmallVector() [with T = at::OperandInfo; unsigned int N = 4]’
/var/www/chino/.venv-whisper/lib/python3.12/site-packages/torch/include/ATen/TensorIterator.h:249:18:   required from here
/var/www/chino/.venv-whisper/lib/python3.12/site-packages/torch/include/c10/util/SmallVector.h:384:34: warning: declaration of ‘Size’ shadows a member of ‘c10::SmallVectorTemplateBase<at::OperandInfo, false>’ [-Wshadow]
  384 |   SmallVectorTemplateBase(size_t Size) : SmallVectorTemplateCommon<T>(Size) {}
      |                           ~~~~~~~^~~~
/var/www/chino/.venv-whisper/lib/python3.12/site-packages/torch/include/c10/util/SmallVector.h:56:10: note: shadowed declaration is here
   56 |   Size_T Size = 0, Capacity;
      |          ^~~~
/var/www/chino/.venv-whisper/lib/python3.12/site-packages/torch/include/c10/util/SmallVector.h:384:34: warning: declaration of ‘Size’ shadows a member of ‘c10::SmallVectorTemplateBase<at::OperandInfo, false>’ [-Wshadow]
  384 |   SmallVectorTemplateBase(size_t Size) : SmallVectorTemplateCommon<T>(Size) {}
      |                           ~~~~~~~^~~~
/var/www/chino/.venv-whisper/lib/python3.12/site-packages/torch/include/c10/util/SmallVector.h:56:10: note: shadowed declaration is here
   56 |   Size_T Size = 0, Capacity;
      |          ^~~~
/var/www/chino/.venv-whisper/lib/python3.12/site-packages/torch/include/c10/util/SmallVector.h:384:34: warning: declaration of ‘Size’ shadows a member of ‘c10::SmallVectorTemplateBase<at::OperandInfo, false>’ [-Wshadow]
  384 |   SmallVectorTemplateBase(size_t Size) : SmallVectorTemplateCommon<T>(Size) {}
      |                           ~~~~~~~^~~~
/var/www/chino/.venv-whisper/lib/python3.12/site-packages/torch/include/c10/util/SmallVector.h:56:10: note: shadowed declaration is here
   56 |   Size_T Size = 0, Capacity;
      |          ^~~~
/var/www/chino/.venv-whisper/lib/python3.12/site-packages/torch/include/c10/util/SmallVector.h: In instantiation of ‘static void c10::SmallVectorTemplateBase<T, true>::uninitialized_copy(T1*, T1*, T2*, std::enable_if_t<is_same_v<typename std::remove_const<ItTy>::type, T2> >*) [with T1 = const long int; T2 = long int; T = long int; std::enable_if_t<is_same_v<typename std::remove_const<ItTy>::type, T2> > = void; typename std::remove_const<ItTy>::type = long int]’:
/var/www/chino/.venv-whisper/lib/python3.12/site-packages/torch/include/c10/util/SmallVector.h:1109:27:   required from ‘c10::SmallVectorImpl<T>& c10::SmallVectorImpl<T>::operator=(const c10::SmallVectorImpl<T>&) [with T = long int]’
/var/www/chino/.venv-whisper/lib/python3.12/site-packages/torch/include/c10/util/SmallVector.h:1325:36:   required from ‘c10::SmallVector<T, N>::SmallVector(const c10::SmallVector<T, N>&) [with T = long int; unsigned int N = 5]’
/var/www/chino/.venv-whisper/lib/python3.12/site-packages/torch/include/ATen/TensorIterator.h:249:18:   required from here
/var/www/chino/.venv-whisper/lib/python3.12/site-packages/torch/include/c10/util/SmallVector.h:574:51: warning: conversion to ‘long unsigned int’ from ‘long int’ may change the sign of the result [-Wsign-conversion]
  574 |       memcpy(reinterpret_cast<void*>(Dest), I, (E - I) * sizeof(T));
      |                                                ~~~^~~~
/var/www/chino/.venv-whisper/lib/python3.12/site-packages/torch/include/c10/util/SmallVector.h: In instantiation of ‘static void c10::SmallVectorTemplateBase<T, true>::uninitialized_copy(T1*, T1*, T2*, std::enable_if_t<is_same_v<typename std::remove_const<ItTy>::type, T2> >*) [with T1 = const at::Dimname; T2 = at::Dimname; T = at::Dimname; std::enable_if_t<is_same_v<typename std::remove_const<ItTy>::type, T2> > = void; typename std::remove_const<ItTy>::type = at::Dimname]’:
/var/www/chino/.venv-whisper/lib/python3.12/site-packages/torch/include/c10/util/SmallVector.h:1109:27:   required from ‘c10::SmallVectorImpl<T>& c10::SmallVectorImpl<T>::operator=(const c10::SmallVectorImpl<T>&) [with T = at::Dimname]’
/var/www/chino/.venv-whisper/lib/python3.12/site-packages/torch/include/c10/util/SmallVector.h:1325:36:   required from ‘c10::SmallVector<T, N>::SmallVector(const c10::SmallVector<T, N>&) [with T = at::Dimname; unsigned int N = 5]’
/var/www/chino/.venv-whisper/lib/python3.12/site-packages/torch/include/ATen/TensorIterator.h:249:18:   required from here
/var/www/chino/.venv-whisper/lib/python3.12/site-packages/torch/include/c10/util/SmallVector.h:574:51: warning: conversion to ‘long unsigned int’ from ‘long int’ may change the sign of the result [-Wsign-conversion]
/var/www/chino/.venv-whisper/lib/python3.12/site-packages/torch/include/c10/util/SmallVector.h: In instantiation of ‘c10::SmallVectorTemplateBase<T, true>::SmallVectorTemplateBase(size_t) [with T = long unsigned int; size_t = long unsigned int]’:
/var/www/chino/.venv-whisper/lib/python3.12/site-packages/torch/include/c10/util/SmallVector.h:647:70:   required from ‘c10::SmallVectorImpl<T>::SmallVectorImpl(unsigned int) [with T = long unsigned int]’
/var/www/chino/.venv-whisper/lib/python3.12/site-packages/torch/include/c10/util/SmallVector.h:1278:39:   required from ‘c10::SmallVector<T, N>::SmallVector() [with T = long unsigned int; unsigned int N = 2]’
/var/www/chino/.venv-whisper/lib/python3.12/site-packages/torch/include/torch/csrc/autograd/forward_grad.h:141:52:   required from here
/var/www/chino/.venv-whisper/lib/python3.12/site-packages/torch/include/c10/util/SmallVector.h:539:34: warning: declaration of ‘Size’ shadows a member of ‘c10::SmallVectorTemplateBase<long unsigned int, true>’ [-Wshadow]
  539 |   SmallVectorTemplateBase(size_t Size) : SmallVectorTemplateCommon<T>(Size) {}
      |                           ~~~~~~~^~~~
/var/www/chino/.venv-whisper/lib/python3.12/site-packages/torch/include/c10/util/SmallVector.h:56:10: note: shadowed declaration is here
   56 |   Size_T Size = 0, Capacity;
      |          ^~~~
/var/www/chino/.venv-whisper/lib/python3.12/site-packages/torch/include/c10/util/SmallVector.h:539:34: warning: declaration of ‘Size’ shadows a member of ‘c10::SmallVectorTemplateBase<long unsigned int, true>’ [-Wshadow]
  539 |   SmallVectorTemplateBase(size_t Size) : SmallVectorTemplateCommon<T>(Size) {}
      |                           ~~~~~~~^~~~
/var/www/chino/.venv-whisper/lib/python3.12/site-packages/torch/include/c10/util/SmallVector.h:56:10: note: shadowed declaration is here
   56 |   Size_T Size = 0, Capacity;
      |          ^~~~
/var/www/chino/.venv-whisper/lib/python3.12/site-packages/torch/include/c10/util/SmallVector.h:539:34: warning: declaration of ‘Size’ shadows a member of ‘c10::SmallVectorTemplateBase<long unsigned int, true>’ [-Wshadow]
  539 |   SmallVectorTemplateBase(size_t Size) : SmallVectorTemplateCommon<T>(Size) {}
      |                           ~~~~~~~^~~~
/var/www/chino/.venv-whisper/lib/python3.12/site-packages/torch/include/c10/util/SmallVector.h:56:10: note: shadowed declaration is here
   56 |   Size_T Size = 0, Capacity;
      |          ^~~~
/var/www/chino/.venv-whisper/lib/python3.12/site-packages/torch/include/c10/util/SmallVector.h: In instantiation of ‘c10::SmallVectorTemplateBase<T, true>::SmallVectorTemplateBase(size_t) [with T = at::namedinference::TensorName; size_t = long unsigned int]’:
/var/www/chino/.venv-whisper/lib/python3.12/site-packages/torch/include/c10/util/SmallVector.h:647:70:   required from ‘c10::SmallVectorImpl<T>::SmallVectorImpl(unsigned int) [with T = at::namedinference::TensorName]’
/var/www/chino/.venv-whisper/lib/python3.12/site-packages/torch/include/c10/util/SmallVector.h:1335:29:   required from ‘c10::SmallVector<T, N>::SmallVector(c10::SmallVector<T, N>&&) [with T = at::namedinference::TensorName; unsigned int N = 10]’
/var/www/chino/.venv-whisper/lib/python3.12/site-packages/torch/include/ATen/TensorNames.h:71:49:   required from here
/var/www/chino/.venv-whisper/lib/python3.12/site-packages/torch/include/c10/util/SmallVector.h:539:34: warning: declaration of ‘Size’ shadows a member of ‘c10::SmallVectorTemplateBase<at::namedinference::TensorName, true>’ [-Wshadow]
  539 |   SmallVectorTemplateBase(size_t Size) : SmallVectorTemplateCommon<T>(Size) {}
      |                           ~~~~~~~^~~~
/var/www/chino/.venv-whisper/lib/python3.12/site-packages/torch/include/c10/util/SmallVector.h:56:10: note: shadowed declaration is here
   56 |   Size_T Size = 0, Capacity;
      |          ^~~~
/var/www/chino/.venv-whisper/lib/python3.12/site-packages/torch/include/c10/util/SmallVector.h:539:34: warning: declaration of ‘Size’ shadows a member of ‘c10::SmallVectorTemplateBase<at::namedinference::TensorName, true>’ [-Wshadow]
  539 |   SmallVectorTemplateBase(size_t Size) : SmallVectorTemplateCommon<T>(Size) {}
      |                           ~~~~~~~^~~~
/var/www/chino/.venv-whisper/lib/python3.12/site-packages/torch/include/c10/util/SmallVector.h:56:10: note: shadowed declaration is here
   56 |   Size_T Size = 0, Capacity;
      |          ^~~~
/var/www/chino/.venv-whisper/lib/python3.12/site-packages/torch/include/c10/util/SmallVector.h:539:34: warning: declaration of ‘Size’ shadows a member of ‘c10::SmallVectorTemplateBase<at::namedinference::TensorName, true>’ [-Wshadow]
  539 |   SmallVectorTemplateBase(size_t Size) : SmallVectorTemplateCommon<T>(Size) {}
      |                           ~~~~~~~^~~~
/var/www/chino/.venv-whisper/lib/python3.12/site-packages/torch/include/c10/util/SmallVector.h:56:10: note: shadowed declaration is here
   56 |   Size_T Size = 0, Capacity;
      |          ^~~~
/var/www/chino/.venv-whisper/lib/python3.12/site-packages/torch/include/c10/util/SmallVector.h: In instantiation of ‘c10::SmallVectorTemplateBase<T, true>::SmallVectorTemplateBase(size_t) [with T = at::StepCallbacks::StartEndPair; size_t = long unsigned int]’:
/var/www/chino/.venv-whisper/lib/python3.12/site-packages/torch/include/c10/util/SmallVector.h:647:70:   required from ‘c10::SmallVectorImpl<T>::SmallVectorImpl(unsigned int) [with T = at::StepCallbacks::StartEndPair]’
/var/www/chino/.venv-whisper/lib/python3.12/site-packages/torch/include/c10/util/SmallVector.h:1278:39:   required from ‘c10::SmallVector<T, N>::SmallVector() [with T = at::StepCallbacks::StartEndPair; unsigned int N = 4]’
/var/www/chino/.venv-whisper/lib/python3.12/site-packages/torch/include/ATen/record_function.h:263:44:   required from here
/var/www/chino/.venv-whisper/lib/python3.12/site-packages/torch/include/c10/util/SmallVector.h:539:34: warning: declaration of ‘Size’ shadows a member of ‘c10::SmallVectorTemplateBase<at::StepCallbacks::StartEndPair, true>’ [-Wshadow]
  539 |   SmallVectorTemplateBase(size_t Size) : SmallVectorTemplateCommon<T>(Size) {}
      |                           ~~~~~~~^~~~
/var/www/chino/.venv-whisper/lib/python3.12/site-packages/torch/include/c10/util/SmallVector.h:56:10: note: shadowed declaration is here
   56 |   Size_T Size = 0, Capacity;
      |          ^~~~
/var/www/chino/.venv-whisper/lib/python3.12/site-packages/torch/include/c10/util/SmallVector.h:539:34: warning: declaration of ‘Size’ shadows a member of ‘c10::SmallVectorTemplateBase<at::StepCallbacks::StartEndPair, true>’ [-Wshadow]
  539 |   SmallVectorTemplateBase(size_t Size) : SmallVectorTemplateCommon<T>(Size) {}
      |                           ~~~~~~~^~~~
/var/www/chino/.venv-whisper/lib/python3.12/site-packages/torch/include/c10/util/SmallVector.h:56:10: note: shadowed declaration is here
   56 |   Size_T Size = 0, Capacity;
      |          ^~~~
/var/www/chino/.venv-whisper/lib/python3.12/site-packages/torch/include/c10/util/SmallVector.h:539:34: warning: declaration of ‘Size’ shadows a member of ‘c10::SmallVectorTemplateBase<at::StepCallbacks::StartEndPair, true>’ [-Wshadow]
  539 |   SmallVectorTemplateBase(size_t Size) : SmallVectorTemplateCommon<T>(Size) {}
      |                           ~~~~~~~^~~~
/var/www/chino/.venv-whisper/lib/python3.12/site-packages/torch/include/c10/util/SmallVector.h:56:10: note: shadowed declaration is here
   56 |   Size_T Size = 0, Capacity;
      |          ^~~~
/var/www/chino/.venv-whisper/lib/python3.12/site-packages/torch/include/c10/util/SmallVector.h: In instantiation of ‘c10::SmallVectorTemplateBase<T, <anonymous> >::SmallVectorTemplateBase(size_t) [with T = torch::autograd::InputMetadata; bool <anonymous> = false; size_t = long unsigned int]’:
/var/www/chino/.venv-whisper/lib/python3.12/site-packages/torch/include/c10/util/SmallVector.h:647:70:   required from ‘c10::SmallVectorImpl<T>::SmallVectorImpl(unsigned int) [with T = torch::autograd::InputMetadata]’
/var/www/chino/.venv-whisper/lib/python3.12/site-packages/torch/include/c10/util/SmallVector.h:1278:39:   required from ‘c10::SmallVector<T, N>::SmallVector() [with T = torch::autograd::InputMetadata; unsigned int N = 2]’
/var/www/chino/.venv-whisper/lib/python3.12/site-packages/torch/include/torch/csrc/autograd/function.h:118:69:   required from here
/var/www/chino/.venv-whisper/lib/python3.12/site-packages/torch/include/c10/util/SmallVector.h:384:34: warning: declaration of ‘Size’ shadows a member of ‘c10::SmallVectorTemplateBase<torch::autograd::InputMetadata, false>’ [-Wshadow]
  384 |   SmallVectorTemplateBase(size_t Size) : SmallVectorTemplateCommon<T>(Size) {}
      |                           ~~~~~~~^~~~
/var/www/chino/.venv-whisper/lib/python3.12/site-packages/torch/include/c10/util/SmallVector.h:56:10: note: shadowed declaration is here
   56 |   Size_T Size = 0, Capacity;
      |          ^~~~
/var/www/chino/.venv-whisper/lib/python3.12/site-packages/torch/include/c10/util/SmallVector.h:384:34: warning: declaration of ‘Size’ shadows a member of ‘c10::SmallVectorTemplateBase<torch::autograd::InputMetadata, false>’ [-Wshadow]
  384 |   SmallVectorTemplateBase(size_t Size) : SmallVectorTemplateCommon<T>(Size) {}
      |                           ~~~~~~~^~~~
/var/www/chino/.venv-whisper/lib/python3.12/site-packages/torch/include/c10/util/SmallVector.h:56:10: note: shadowed declaration is here
   56 |   Size_T Size = 0, Capacity;
      |          ^~~~
/var/www/chino/.venv-whisper/lib/python3.12/site-packages/torch/include/c10/util/SmallVector.h:384:34: warning: declaration of ‘Size’ shadows a member of ‘c10::SmallVectorTemplateBase<torch::autograd::InputMetadata, false>’ [-Wshadow]
  384 |   SmallVectorTemplateBase(size_t Size) : SmallVectorTemplateCommon<T>(Size) {}
      |                           ~~~~~~~^~~~
/var/www/chino/.venv-whisper/lib/python3.12/site-packages/torch/include/c10/util/SmallVector.h:56:10: note: shadowed declaration is here
   56 |   Size_T Size = 0, Capacity;
      |          ^~~~
/var/www/chino/.venv-whisper/lib/python3.12/site-packages/torch/include/c10/util/SmallVector.h: In instantiation of ‘void c10::SmallVectorTemplateCommon<T, <template-parameter-1-2> >::assertSafeToAddRange(const T*, const T*) [with T = c10::SymInt; <template-parameter-1-2> = void]’:
/var/www/chino/.venv-whisper/lib/python3.12/site-packages/torch/include/c10/util/SmallVector.h:729:31:   required from ‘void c10::SmallVectorImpl<T>::append(in_iter, in_iter) [with in_iter = const c10::SymInt*; <template-parameter-2-2> = void; T = c10::SymInt]’
/var/www/chino/.venv-whisper/lib/python3.12/site-packages/torch/include/c10/util/SmallVector.h:1316:17:   required from ‘c10::SmallVector<T, N>::SmallVector(Container&&) [with Container = c10::ArrayRef<c10::SymInt>&; typename std::enable_if<(is_convertible_v<typename std::iterator_traits<decltype (declval<Container>().begin())>::iterator_category, std::input_iterator_tag> && is_convertible_v<typename std::iterator_traits<decltype (declval<Container>().end())>::iterator_category, std::input_iterator_tag>), int>::type <anonymous> = 0; T = c10::SymInt; unsigned int N = 5]’
/usr/include/c++/13/variant:249:4:   required from ‘constexpr std::__detail::__variant::_Uninitialized<_Type, false>::_Uninitialized(std::in_place_index_t<0>, _Args&& ...) [with _Args = {c10::ArrayRef<c10::SymInt>&}; _Type = c10::SmallVector<c10::SymInt, 5>]’
/usr/include/c++/13/variant:411:4:   required from here
/var/www/chino/.venv-whisper/lib/python3.12/site-packages/torch/include/c10/util/SmallVector.h:225:36: warning: conversion to ‘size_t’ {aka ‘long unsigned int’} from ‘long int’ may change the sign of the result [-Wsign-conversion]
  225 |     this->assertSafeToAdd(From, To - From);
      |                                 ~~~^~~~~~
/var/www/chino/.venv-whisper/lib/python3.12/site-packages/torch/include/c10/util/SmallVector.h:226:38: warning: conversion to ‘size_t’ {aka ‘long unsigned int’} from ‘long int’ may change the sign of the result [-Wsign-conversion]
  226 |     this->assertSafeToAdd(To - 1, To - From);
      |                                   ~~~^~~~~~
/var/www/chino/.venv-whisper/lib/python3.12/site-packages/torch/include/c10/util/SmallVector.h: In instantiation of ‘c10::SmallVectorTemplateBase<T, <anonymous> >::SmallVectorTemplateBase(size_t) [with T = c10::intrusive_ptr<torch::jit::Tree>; bool <anonymous> = false; size_t = long unsigned int]’:
/var/www/chino/.venv-whisper/lib/python3.12/site-packages/torch/include/c10/util/SmallVector.h:647:70:   required from ‘c10::SmallVectorImpl<T>::SmallVectorImpl(unsigned int) [with T = c10::intrusive_ptr<torch::jit::Tree>]’
/var/www/chino/.venv-whisper/lib/python3.12/site-packages/torch/include/c10/util/SmallVector.h:1278:39:   required from ‘c10::SmallVector<T, N>::SmallVector() [with T = c10::intrusive_ptr<torch::jit::Tree>; unsigned int N = 4]’
/var/www/chino/.venv-whisper/lib/python3.12/site-packages/torch/include/torch/csrc/jit/frontend/tree.h:48:42:   required from here
/var/www/chino/.venv-whisper/lib/python3.12/site-packages/torch/include/c10/util/SmallVector.h:384:34: warning: declaration of ‘Size’ shadows a member of ‘c10::SmallVectorTemplateBase<c10::intrusive_ptr<torch::jit::Tree>, false>’ [-Wshadow]
  384 |   SmallVectorTemplateBase(size_t Size) : SmallVectorTemplateCommon<T>(Size) {}
      |                           ~~~~~~~^~~~
/var/www/chino/.venv-whisper/lib/python3.12/site-packages/torch/include/c10/util/SmallVector.h:56:10: note: shadowed declaration is here
   56 |   Size_T Size = 0, Capacity;
      |          ^~~~
/var/www/chino/.venv-whisper/lib/python3.12/site-packages/torch/include/c10/util/SmallVector.h:384:34: warning: declaration of ‘Size’ shadows a member of ‘c10::SmallVectorTemplateBase<c10::intrusive_ptr<torch::jit::Tree>, false>’ [-Wshadow]
  384 |   SmallVectorTemplateBase(size_t Size) : SmallVectorTemplateCommon<T>(Size) {}
      |                           ~~~~~~~^~~~
/var/www/chino/.venv-whisper/lib/python3.12/site-packages/torch/include/c10/util/SmallVector.h:56:10: note: shadowed declaration is here
   56 |   Size_T Size = 0, Capacity;
      |          ^~~~
/var/www/chino/.venv-whisper/lib/python3.12/site-packages/torch/include/c10/util/SmallVector.h:384:34: warning: declaration of ‘Size’ shadows a member of ‘c10::SmallVectorTemplateBase<c10::intrusive_ptr<torch::jit::Tree>, false>’ [-Wshadow]
  384 |   SmallVectorTemplateBase(size_t Size) : SmallVectorTemplateCommon<T>(Size) {}
      |                           ~~~~~~~^~~~
/var/www/chino/.venv-whisper/lib/python3.12/site-packages/torch/include/c10/util/SmallVector.h:56:10: note: shadowed declaration is here
   56 |   Size_T Size = 0, Capacity;
      |          ^~~~
/var/www/chino/.venv-whisper/lib/python3.12/site-packages/torch/include/c10/util/SmallVector.h: In instantiation of ‘void c10::SmallVectorImpl<T>::append(in_iter, in_iter) [with in_iter = __gnu_cxx::__normal_iterator<const torch::jit::Expr*, std::vector<torch::jit::Expr, std::allocator<torch::jit::Expr> > >; <template-parameter-2-2> = void; T = c10::intrusive_ptr<torch::jit::Tree>]’:
/var/www/chino/.venv-whisper/lib/python3.12/site-packages/torch/include/c10/util/SmallVector.h:1296:17:   required from ‘c10::SmallVector<T, N>::SmallVector(ItTy, ItTy) [with ItTy = __gnu_cxx::__normal_iterator<const torch::jit::Expr*, std::vector<torch::jit::Expr, std::allocator<torch::jit::Expr> > >; <template-parameter-2-2> = void; T = c10::intrusive_ptr<torch::jit::Tree>; unsigned int N = 4]’
/var/www/chino/.venv-whisper/lib/python3.12/site-packages/torch/include/torch/csrc/jit/frontend/tree_views.h:188:14:   required from ‘static torch::jit::List<T> torch::jit::List<T>::create(const torch::jit::SourceRange&, const std::vector<_Tp>&) [with T = torch::jit::Expr]’
/var/www/chino/.venv-whisper/lib/python3.12/site-packages/torch/include/torch/csrc/jit/frontend/tree_views.h:1265:25:   required from here
/var/www/chino/.venv-whisper/lib/python3.12/site-packages/torch/include/c10/util/SmallVector.h:730:40: warning: conversion to ‘c10::SmallVectorImpl<c10::intrusive_ptr<torch::jit::Tree> >::size_type’ {aka ‘long unsigned int’} from ‘std::__iterator_traits<__gnu_cxx::__normal_iterator<const torch::jit::Expr*, std::vector<torch::jit::Expr, std::allocator<torch::jit::Expr> > >, void>::difference_type’ {aka ‘long int’} may change the sign of the result [-Wsign-conversion]
  730 |     size_type NumInputs = std::distance(in_start, in_end);
      |                           ~~~~~~~~~~~~~^~~~~~~~~~~~~~~~~~
/var/www/chino/.venv-whisper/lib/python3.12/site-packages/torch/include/c10/util/SmallVector.h: In instantiation of ‘c10::SmallVectorTemplateCommon<T, <template-parameter-1-2> >::SmallVectorTemplateCommon(size_t) [with T = long int; <template-parameter-1-2> = void; size_t = long unsigned int]’:
/var/www/chino/.venv-whisper/lib/python3.12/site-packages/torch/include/c10/util/SmallVector.h:539:75:   required from ‘c10::SmallVectorTemplateBase<T, true>::SmallVectorTemplateBase(size_t) [with T = long int; size_t = long unsigned int]’
/var/www/chino/.venv-whisper/lib/python3.12/site-packages/torch/include/c10/util/SmallVector.h:647:70:   required from ‘c10::SmallVectorImpl<T>::SmallVectorImpl(unsigned int) [with T = long int]’
/var/www/chino/.venv-whisper/lib/python3.12/site-packages/torch/include/c10/util/SmallVector.h:1286:29:   required from ‘c10::SmallVector<T, N>::SmallVector(size_t, const T&) [with T = long int; unsigned int N = 5; size_t = long unsigned int]’
/var/www/chino/.venv-whisper/lib/python3.12/site-packages/torch/include/c10/core/SymIntArrayRef.h:57:34:   required from here
/var/www/chino/.venv-whisper/lib/python3.12/site-packages/torch/include/c10/util/SmallVector.h:137:36: warning: declaration of ‘Size’ shadows a member of ‘c10::SmallVectorTemplateCommon<long int, void>’ [-Wshadow]
  137 |   SmallVectorTemplateCommon(size_t Size) : Base(getFirstEl(), Size) {}
      |                             ~~~~~~~^~~~
/var/www/chino/.venv-whisper/lib/python3.12/site-packages/torch/include/c10/util/SmallVector.h:56:10: note: shadowed declaration is here
   56 |   Size_T Size = 0, Capacity;
      |          ^~~~
/var/www/chino/.venv-whisper/lib/python3.12/site-packages/torch/include/c10/util/SmallVector.h:137:36: warning: declaration of ‘Size’ shadows a member of ‘c10::SmallVectorTemplateCommon<long int, void>’ [-Wshadow]
  137 |   SmallVectorTemplateCommon(size_t Size) : Base(getFirstEl(), Size) {}
      |                             ~~~~~~~^~~~
/var/www/chino/.venv-whisper/lib/python3.12/site-packages/torch/include/c10/util/SmallVector.h:56:10: note: shadowed declaration is here
   56 |   Size_T Size = 0, Capacity;
      |          ^~~~
/var/www/chino/.venv-whisper/lib/python3.12/site-packages/torch/include/c10/util/SmallVector.h:137:36: warning: declaration of ‘Size’ shadows a member of ‘c10::SmallVectorTemplateCommon<long int, void>’ [-Wshadow]
  137 |   SmallVectorTemplateCommon(size_t Size) : Base(getFirstEl(), Size) {}
      |                             ~~~~~~~^~~~
/var/www/chino/.venv-whisper/lib/python3.12/site-packages/torch/include/c10/util/SmallVector.h:56:10: note: shadowed declaration is here
   56 |   Size_T Size = 0, Capacity;
      |          ^~~~
/var/www/chino/.venv-whisper/lib/python3.12/site-packages/torch/include/c10/util/SmallVector.h: In instantiation of ‘static void c10::SmallVectorTemplateBase<T, true>::uninitialized_copy(T1*, T1*, T2*, std::enable_if_t<is_same_v<typename std::remove_const<ItTy>::type, T2> >*) [with T1 = long int; T2 = long int; T = long int; std::enable_if_t<is_same_v<typename std::remove_const<ItTy>::type, T2> > = void; typename std::remove_const<ItTy>::type = long int]’:
/var/www/chino/.venv-whisper/lib/python3.12/site-packages/torch/include/c10/util/SmallVector.h:549:23:   required from ‘static void c10::SmallVectorTemplateBase<T, true>::uninitialized_move(It1, It1, It2) [with It1 = long int*; It2 = long int*; T = long int]’
/var/www/chino/.venv-whisper/lib/python3.12/site-packages/torch/include/c10/util/SmallVector.h:1173:27:   required from ‘c10::SmallVectorImpl<T>& c10::SmallVectorImpl<T>::operator=(c10::SmallVectorImpl<T>&&) [with T = long int]’
/var/www/chino/.venv-whisper/lib/python3.12/site-packages/torch/include/c10/util/SmallVector.h:1337:36:   required from ‘c10::SmallVector<T, N>::SmallVector(c10::SmallVector<T, N>&&) [with T = long int; unsigned int N = 5]’
/var/www/chino/.venv-whisper/lib/python3.12/site-packages/torch/include/c10/core/SymIntArrayRef.h:61:10:   required from here
/var/www/chino/.venv-whisper/lib/python3.12/site-packages/torch/include/c10/util/SmallVector.h:574:51: warning: conversion to ‘long unsigned int’ from ‘long int’ may change the sign of the result [-Wsign-conversion]
  574 |       memcpy(reinterpret_cast<void*>(Dest), I, (E - I) * sizeof(T));
      |                                                ~~~^~~~
/var/www/chino/.venv-whisper/lib/python3.12/site-packages/torch/include/c10/util/SmallVector.h: In instantiation of ‘c10::SmallVectorTemplateCommon<T, <template-parameter-1-2> >::SmallVectorTemplateCommon(size_t) [with T = c10::SymInt; <template-parameter-1-2> = void; size_t = long unsigned int]’:
/var/www/chino/.venv-whisper/lib/python3.12/site-packages/torch/include/c10/util/SmallVector.h:384:75:   required from ‘c10::SmallVectorTemplateBase<T, <anonymous> >::SmallVectorTemplateBase(size_t) [with T = c10::SymInt; bool <anonymous> = false; size_t = long unsigned int]’
/var/www/chino/.venv-whisper/lib/python3.12/site-packages/torch/include/c10/util/SmallVector.h:647:70:   required from ‘c10::SmallVectorImpl<T>::SmallVectorImpl(unsigned int) [with T = c10::SymInt]’
/var/www/chino/.venv-whisper/lib/python3.12/site-packages/torch/include/c10/util/SmallVector.h:1319:66:   required from ‘c10::SmallVector<T, N>::SmallVector(std::initializer_list<_Tp>) [with T = c10::SymInt; unsigned int N = 5]’
/var/www/chino/.venv-whisper/lib/python3.12/site-packages/torch/include/c10/core/SymbolicShapeMeta.h:20:27:   required from here
/var/www/chino/.venv-whisper/lib/python3.12/site-packages/torch/include/c10/util/SmallVector.h:137:36: warning: declaration of ‘Size’ shadows a member of ‘c10::SmallVectorTemplateCommon<c10::SymInt, void>’ [-Wshadow]
  137 |   SmallVectorTemplateCommon(size_t Size) : Base(getFirstEl(), Size) {}
      |                             ~~~~~~~^~~~
/var/www/chino/.venv-whisper/lib/python3.12/site-packages/torch/include/c10/util/SmallVector.h:56:10: note: shadowed declaration is here
   56 |   Size_T Size = 0, Capacity;
      |          ^~~~
/var/www/chino/.venv-whisper/lib/python3.12/site-packages/torch/include/c10/util/SmallVector.h:137:36: warning: declaration of ‘Size’ shadows a member of ‘c10::SmallVectorTemplateCommon<c10::SymInt, void>’ [-Wshadow]
  137 |   SmallVectorTemplateCommon(size_t Size) : Base(getFirstEl(), Size) {}
      |                             ~~~~~~~^~~~
/var/www/chino/.venv-whisper/lib/python3.12/site-packages/torch/include/c10/util/SmallVector.h:56:10: note: shadowed declaration is here
   56 |   Size_T Size = 0, Capacity;
      |          ^~~~
/var/www/chino/.venv-whisper/lib/python3.12/site-packages/torch/include/c10/util/SmallVector.h:137:36: warning: declaration of ‘Size’ shadows a member of ‘c10::SmallVectorTemplateCommon<c10::SymInt, void>’ [-Wshadow]
  137 |   SmallVectorTemplateCommon(size_t Size) : Base(getFirstEl(), Size) {}
      |                             ~~~~~~~^~~~
/var/www/chino/.venv-whisper/lib/python3.12/site-packages/torch/include/c10/util/SmallVector.h:56:10: note: shadowed declaration is here
   56 |   Size_T Size = 0, Capacity;
      |          ^~~~
/var/www/chino/.venv-whisper/lib/python3.12/site-packages/torch/include/c10/util/SmallVector.h: In instantiation of ‘void c10::SmallVectorTemplateCommon<T, <template-parameter-1-2> >::assertSafeToAddRange(const T*, const T*) [with T = long int; <template-parameter-1-2> = void]’:
/var/www/chino/.venv-whisper/lib/python3.12/site-packages/torch/include/c10/util/SmallVector.h:729:31:   required from ‘void c10::SmallVectorImpl<T>::append(in_iter, in_iter) [with in_iter = const long int*; <template-parameter-2-2> = void; T = long int]’
/var/www/chino/.venv-whisper/lib/python3.12/site-packages/torch/include/c10/util/SmallVector.h:778:11:   required from ‘void c10::SmallVectorImpl<T>::assign(in_iter, in_iter) [with in_iter = const long int*; <template-parameter-2-2> = void; T = long int]’
/var/www/chino/.venv-whisper/lib/python3.12/site-packages/torch/include/c10/util/SmallVector.h:1398:17:   required from ‘c10::SmallVector<T, N>& c10::SmallVector<T, N>::operator=(Container&&) [with Container = c10::ArrayRef<long int>&; typename std::enable_if<(is_convertible_v<typename std::iterator_traits<decltype (declval<Container>().begin())>::iterator_category, std::input_iterator_tag> && is_convertible_v<typename std::iterator_traits<decltype (declval<Container>().end())>::iterator_category, std::input_iterator_tag>), int>::type <anonymous> = 0; T = long int; unsigned int N = 6]’
/var/www/chino/.venv-whisper/lib/python3.12/site-packages/torch/include/ATen/TensorIterator.h:481:35:   required from here
/var/www/chino/.venv-whisper/lib/python3.12/site-packages/torch/include/c10/util/SmallVector.h:225:36: warning: conversion to ‘size_t’ {aka ‘long unsigned int’} from ‘long int’ may change the sign of the result [-Wsign-conversion]
  225 |     this->assertSafeToAdd(From, To - From);
      |                                 ~~~^~~~~~
/var/www/chino/.venv-whisper/lib/python3.12/site-packages/torch/include/c10/util/SmallVector.h:226:38: warning: conversion to ‘size_t’ {aka ‘long unsigned int’} from ‘long int’ may change the sign of the result [-Wsign-conversion]
  226 |     this->assertSafeToAdd(To - 1, To - From);
      |                                   ~~~^~~~~~
/var/www/chino/.venv-whisper/lib/python3.12/site-packages/torch/include/c10/util/SmallVector.h: In instantiation of ‘c10::SmallVectorTemplateCommon<T, <template-parameter-1-2> >::SmallVectorTemplateCommon(size_t) [with T = at::Dimname; <template-parameter-1-2> = void; size_t = long unsigned int]’:
/var/www/chino/.venv-whisper/lib/python3.12/site-packages/torch/include/c10/util/SmallVector.h:539:75:   required from ‘c10::SmallVectorTemplateBase<T, true>::SmallVectorTemplateBase(size_t) [with T = at::Dimname; size_t = long unsigned int]’
/var/www/chino/.venv-whisper/lib/python3.12/site-packages/torch/include/c10/util/SmallVector.h:647:70:   required from ‘c10::SmallVectorImpl<T>::SmallVectorImpl(unsigned int) [with T = at::Dimname]’
/var/www/chino/.venv-whisper/lib/python3.12/site-packages/torch/include/c10/util/SmallVector.h:1278:39:   required from ‘c10::SmallVector<T, N>::SmallVector() [with T = at::Dimname; unsigned int N = 5]’
/var/www/chino/.venv-whisper/lib/python3.12/site-packages/torch/include/ATen/TensorIterator.h:249:18:   required from here
/var/www/chino/.venv-whisper/lib/python3.12/site-packages/torch/include/c10/util/SmallVector.h:137:36: warning: declaration of ‘Size’ shadows a member of ‘c10::SmallVectorTemplateCommon<at::Dimname, void>’ [-Wshadow]
  137 |   SmallVectorTemplateCommon(size_t Size) : Base(getFirstEl(), Size) {}
      |                             ~~~~~~~^~~~
/var/www/chino/.venv-whisper/lib/python3.12/site-packages/torch/include/c10/util/SmallVector.h:56:10: note: shadowed declaration is here
   56 |   Size_T Size = 0, Capacity;
      |          ^~~~
/var/www/chino/.venv-whisper/lib/python3.12/site-packages/torch/include/c10/util/SmallVector.h:137:36: warning: declaration of ‘Size’ shadows a member of ‘c10::SmallVectorTemplateCommon<at::Dimname, void>’ [-Wshadow]
  137 |   SmallVectorTemplateCommon(size_t Size) : Base(getFirstEl(), Size) {}
      |                             ~~~~~~~^~~~
/var/www/chino/.venv-whisper/lib/python3.12/site-packages/torch/include/c10/util/SmallVector.h:56:10: note: shadowed declaration is here
   56 |   Size_T Size = 0, Capacity;
      |          ^~~~
/var/www/chino/.venv-whisper/lib/python3.12/site-packages/torch/include/c10/util/SmallVector.h:137:36: warning: declaration of ‘Size’ shadows a member of ‘c10::SmallVectorTemplateCommon<at::Dimname, void>’ [-Wshadow]
  137 |   SmallVectorTemplateCommon(size_t Size) : Base(getFirstEl(), Size) {}
      |                             ~~~~~~~^~~~
/var/www/chino/.venv-whisper/lib/python3.12/site-packages/torch/include/c10/util/SmallVector.h:56:10: note: shadowed declaration is here
   56 |   Size_T Size = 0, Capacity;
      |          ^~~~
/var/www/chino/.venv-whisper/lib/python3.12/site-packages/torch/include/c10/util/SmallVector.h: In instantiation of ‘c10::SmallVectorTemplateCommon<T, <template-parameter-1-2> >::SmallVectorTemplateCommon(size_t) [with T = at::OperandInfo; <template-parameter-1-2> = void; size_t = long unsigned int]’:
/var/www/chino/.venv-whisper/lib/python3.12/site-packages/torch/include/c10/util/SmallVector.h:384:75:   required from ‘c10::SmallVectorTemplateBase<T, <anonymous> >::SmallVectorTemplateBase(size_t) [with T = at::OperandInfo; bool <anonymous> = false; size_t = long unsigned int]’
/var/www/chino/.venv-whisper/lib/python3.12/site-packages/torch/include/c10/util/SmallVector.h:647:70:   required from ‘c10::SmallVectorImpl<T>::SmallVectorImpl(unsigned int) [with T = at::OperandInfo]’
/var/www/chino/.venv-whisper/lib/python3.12/site-packages/torch/include/c10/util/SmallVector.h:1278:39:   required from ‘c10::SmallVector<T, N>::SmallVector() [with T = at::OperandInfo; unsigned int N = 4]’
/var/www/chino/.venv-whisper/lib/python3.12/site-packages/torch/include/ATen/TensorIterator.h:249:18:   required from here
/var/www/chino/.venv-whisper/lib/python3.12/site-packages/torch/include/c10/util/SmallVector.h:137:36: warning: declaration of ‘Size’ shadows a member of ‘c10::SmallVectorTemplateCommon<at::OperandInfo, void>’ [-Wshadow]
  137 |   SmallVectorTemplateCommon(size_t Size) : Base(getFirstEl(), Size) {}
      |                             ~~~~~~~^~~~
/var/www/chino/.venv-whisper/lib/python3.12/site-packages/torch/include/c10/util/SmallVector.h:56:10: note: shadowed declaration is here
   56 |   Size_T Size = 0, Capacity;
      |          ^~~~
/var/www/chino/.venv-whisper/lib/python3.12/site-packages/torch/include/c10/util/SmallVector.h:137:36: warning: declaration of ‘Size’ shadows a member of ‘c10::SmallVectorTemplateCommon<at::OperandInfo, void>’ [-Wshadow]
  137 |   SmallVectorTemplateCommon(size_t Size) : Base(getFirstEl(), Size) {}
      |                             ~~~~~~~^~~~
/var/www/chino/.venv-whisper/lib/python3.12/site-packages/torch/include/c10/util/SmallVector.h:56:10: note: shadowed declaration is here
   56 |   Size_T Size = 0, Capacity;
      |          ^~~~
/var/www/chino/.venv-whisper/lib/python3.12/site-packages/torch/include/c10/util/SmallVector.h:137:36: warning: declaration of ‘Size’ shadows a member of ‘c10::SmallVectorTemplateCommon<at::OperandInfo, void>’ [-Wshadow]
  137 |   SmallVectorTemplateCommon(size_t Size) : Base(getFirstEl(), Size) {}
      |                             ~~~~~~~^~~~
/var/www/chino/.venv-whisper/lib/python3.12/site-packages/torch/include/c10/util/SmallVector.h:56:10: note: shadowed declaration is here
   56 |   Size_T Size = 0, Capacity;
      |          ^~~~
/var/www/chino/.venv-whisper/lib/python3.12/site-packages/torch/include/c10/util/SmallVector.h: In instantiation of ‘static void c10::SmallVectorTemplateBase<T, true>::uninitialized_copy(T1*, T1*, T2*, std::enable_if_t<is_same_v<typename std::remove_const<ItTy>::type, T2> >*) [with T1 = at::Dimname; T2 = at::Dimname; T = at::Dimname; std::enable_if_t<is_same_v<typename std::remove_const<ItTy>::type, T2> > = void; typename std::remove_const<ItTy>::type = at::Dimname]’:
/var/www/chino/.venv-whisper/lib/python3.12/site-packages/torch/include/c10/util/SmallVector.h:549:23:   required from ‘static void c10::SmallVectorTemplateBase<T, true>::uninitialized_move(It1, It1, It2) [with It1 = at::Dimname*; It2 = at::Dimname*; T = at::Dimname]’
/var/www/chino/.venv-whisper/lib/python3.12/site-packages/torch/include/c10/util/SmallVector.h:1173:27:   required from ‘c10::SmallVectorImpl<T>& c10::SmallVectorImpl<T>::operator=(c10::SmallVectorImpl<T>&&) [with T = at::Dimname]’
/var/www/chino/.venv-whisper/lib/python3.12/site-packages/torch/include/c10/util/SmallVector.h:1337:36:   required from ‘c10::SmallVector<T, N>::SmallVector(c10::SmallVector<T, N>&&) [with T = at::Dimname; unsigned int N = 5]’
/var/www/chino/.venv-whisper/lib/python3.12/site-packages/torch/include/ATen/TensorIterator.h:249:18:   required from here
/var/www/chino/.venv-whisper/lib/python3.12/site-packages/torch/include/c10/util/SmallVector.h:574:51: warning: conversion to ‘long unsigned int’ from ‘long int’ may change the sign of the result [-Wsign-conversion]
  574 |       memcpy(reinterpret_cast<void*>(Dest), I, (E - I) * sizeof(T));
      |                                                ~~~^~~~
/var/www/chino/.venv-whisper/lib/python3.12/site-packages/torch/include/c10/util/SmallVector.h: In instantiation of ‘c10::SmallVectorTemplateCommon<T, <template-parameter-1-2> >::SmallVectorTemplateCommon(size_t) [with T = long unsigned int; <template-parameter-1-2> = void; size_t = long unsigned int]’:
/var/www/chino/.venv-whisper/lib/python3.12/site-packages/torch/include/c10/util/SmallVector.h:539:75:   required from ‘c10::SmallVectorTemplateBase<T, true>::SmallVectorTemplateBase(size_t) [with T = long unsigned int; size_t = long unsigned int]’
/var/www/chino/.venv-whisper/lib/python3.12/site-packages/torch/include/c10/util/SmallVector.h:647:70:   required from ‘c10::SmallVectorImpl<T>::SmallVectorImpl(unsigned int) [with T = long unsigned int]’
/var/www/chino/.venv-whisper/lib/python3.12/site-packages/torch/include/c10/util/SmallVector.h:1278:39:   required from ‘c10::SmallVector<T, N>::SmallVector() [with T = long unsigned int; unsigned int N = 2]’
/var/www/chino/.venv-whisper/lib/python3.12/site-packages/torch/include/torch/csrc/autograd/forward_grad.h:141:52:   required from here
/var/www/chino/.venv-whisper/lib/python3.12/site-packages/torch/include/c10/util/SmallVector.h:137:36: warning: declaration of ‘Size’ shadows a member of ‘c10::SmallVectorTemplateCommon<long unsigned int, void>’ [-Wshadow]
  137 |   SmallVectorTemplateCommon(size_t Size) : Base(getFirstEl(), Size) {}
      |                             ~~~~~~~^~~~
/var/www/chino/.venv-whisper/lib/python3.12/site-packages/torch/include/c10/util/SmallVector.h:56:10: note: shadowed declaration is here
   56 |   Size_T Size = 0, Capacity;
      |          ^~~~
/var/www/chino/.venv-whisper/lib/python3.12/site-packages/torch/include/c10/util/SmallVector.h:137:36: warning: declaration of ‘Size’ shadows a member of ‘c10::SmallVectorTemplateCommon<long unsigned int, void>’ [-Wshadow]
  137 |   SmallVectorTemplateCommon(size_t Size) : Base(getFirstEl(), Size) {}
      |                             ~~~~~~~^~~~
/var/www/chino/.venv-whisper/lib/python3.12/site-packages/torch/include/c10/util/SmallVector.h:56:10: note: shadowed declaration is here
   56 |   Size_T Size = 0, Capacity;
      |          ^~~~
/var/www/chino/.venv-whisper/lib/python3.12/site-packages/torch/include/c10/util/SmallVector.h:137:36: warning: declaration of ‘Size’ shadows a member of ‘c10::SmallVectorTemplateCommon<long unsigned int, void>’ [-Wshadow]
  137 |   SmallVectorTemplateCommon(size_t Size) : Base(getFirstEl(), Size) {}
      |                             ~~~~~~~^~~~
/var/www/chino/.venv-whisper/lib/python3.12/site-packages/torch/include/c10/util/SmallVector.h:56:10: note: shadowed declaration is here
   56 |   Size_T Size = 0, Capacity;
      |          ^~~~
/var/www/chino/.venv-whisper/lib/python3.12/site-packages/torch/include/c10/util/SmallVector.h: In instantiation of ‘c10::SmallVectorTemplateCommon<T, <template-parameter-1-2> >::SmallVectorTemplateCommon(size_t) [with T = at::namedinference::TensorName; <template-parameter-1-2> = void; size_t = long unsigned int]’:
/var/www/chino/.venv-whisper/lib/python3.12/site-packages/torch/include/c10/util/SmallVector.h:539:75:   required from ‘c10::SmallVectorTemplateBase<T, true>::SmallVectorTemplateBase(size_t) [with T = at::namedinference::TensorName; size_t = long unsigned int]’
/var/www/chino/.venv-whisper/lib/python3.12/site-packages/torch/include/c10/util/SmallVector.h:647:70:   required from ‘c10::SmallVectorImpl<T>::SmallVectorImpl(unsigned int) [with T = at::namedinference::TensorName]’
/var/www/chino/.venv-whisper/lib/python3.12/site-packages/torch/include/c10/util/SmallVector.h:1335:29:   required from ‘c10::SmallVector<T, N>::SmallVector(c10::SmallVector<T, N>&&) [with T = at::namedinference::TensorName; unsigned int N = 10]’
/var/www/chino/.venv-whisper/lib/python3.12/site-packages/torch/include/ATen/TensorNames.h:71:49:   required from here
/var/www/chino/.venv-whisper/lib/python3.12/site-packages/torch/include/c10/util/SmallVector.h:137:36: warning: declaration of ‘Size’ shadows a member of ‘c10::SmallVectorTemplateCommon<at::namedinference::TensorName, void>’ [-Wshadow]
  137 |   SmallVectorTemplateCommon(size_t Size) : Base(getFirstEl(), Size) {}
      |                             ~~~~~~~^~~~
/var/www/chino/.venv-whisper/lib/python3.12/site-packages/torch/include/c10/util/SmallVector.h:56:10: note: shadowed declaration is here
   56 |   Size_T Size = 0, Capacity;
      |          ^~~~
/var/www/chino/.venv-whisper/lib/python3.12/site-packages/torch/include/c10/util/SmallVector.h:137:36: warning: declaration of ‘Size’ shadows a member of ‘c10::SmallVectorTemplateCommon<at::namedinference::TensorName, void>’ [-Wshadow]
  137 |   SmallVectorTemplateCommon(size_t Size) : Base(getFirstEl(), Size) {}
      |                             ~~~~~~~^~~~
/var/www/chino/.venv-whisper/lib/python3.12/site-packages/torch/include/c10/util/SmallVector.h:56:10: note: shadowed declaration is here
   56 |   Size_T Size = 0, Capacity;
      |          ^~~~
/var/www/chino/.venv-whisper/lib/python3.12/site-packages/torch/include/c10/util/SmallVector.h:137:36: warning: declaration of ‘Size’ shadows a member of ‘c10::SmallVectorTemplateCommon<at::namedinference::TensorName, void>’ [-Wshadow]
  137 |   SmallVectorTemplateCommon(size_t Size) : Base(getFirstEl(), Size) {}
      |                             ~~~~~~~^~~~
/var/www/chino/.venv-whisper/lib/python3.12/site-packages/torch/include/c10/util/SmallVector.h:56:10: note: shadowed declaration is here
   56 |   Size_T Size = 0, Capacity;
      |          ^~~~
/var/www/chino/.venv-whisper/lib/python3.12/site-packages/torch/include/c10/util/SmallVector.h: In instantiation of ‘static void c10::SmallVectorTemplateBase<T, true>::uninitialized_copy(T1*, T1*, T2*, std::enable_if_t<is_same_v<typename std::remove_const<ItTy>::type, T2> >*) [with T1 = at::namedinference::TensorName; T2 = at::namedinference::TensorName; T = at::namedinference::TensorName; std::enable_if_t<is_same_v<typename std::remove_const<ItTy>::type, T2> > = void; typename std::remove_const<ItTy>::type = at::namedinference::TensorName]’:
/var/www/chino/.venv-whisper/lib/python3.12/site-packages/torch/include/c10/util/SmallVector.h:549:23:   required from ‘static void c10::SmallVectorTemplateBase<T, true>::uninitialized_move(It1, It1, It2) [with It1 = at::namedinference::TensorName*; It2 = at::namedinference::TensorName*; T = at::namedinference::TensorName]’
/var/www/chino/.venv-whisper/lib/python3.12/site-packages/torch/include/c10/util/SmallVector.h:1173:27:   required from ‘c10::SmallVectorImpl<T>& c10::SmallVectorImpl<T>::operator=(c10::SmallVectorImpl<T>&&) [with T = at::namedinference::TensorName]’
/var/www/chino/.venv-whisper/lib/python3.12/site-packages/torch/include/c10/util/SmallVector.h:1337:36:   required from ‘c10::SmallVector<T, N>::SmallVector(c10::SmallVector<T, N>&&) [with T = at::namedinference::TensorName; unsigned int N = 10]’
/var/www/chino/.venv-whisper/lib/python3.12/site-packages/torch/include/ATen/TensorNames.h:71:49:   required from here
/var/www/chino/.venv-whisper/lib/python3.12/site-packages/torch/include/c10/util/SmallVector.h:574:51: warning: conversion to ‘long unsigned int’ from ‘long int’ may change the sign of the result [-Wsign-conversion]
  574 |       memcpy(reinterpret_cast<void*>(Dest), I, (E - I) * sizeof(T));
      |                                                ~~~^~~~
/var/www/chino/.venv-whisper/lib/python3.12/site-packages/torch/include/c10/util/SmallVector.h: In instantiation of ‘c10::SmallVectorTemplateCommon<T, <template-parameter-1-2> >::SmallVectorTemplateCommon(size_t) [with T = at::StepCallbacks::StartEndPair; <template-parameter-1-2> = void; size_t = long unsigned int]’:
/var/www/chino/.venv-whisper/lib/python3.12/site-packages/torch/include/c10/util/SmallVector.h:539:75:   required from ‘c10::SmallVectorTemplateBase<T, true>::SmallVectorTemplateBase(size_t) [with T = at::StepCallbacks::StartEndPair; size_t = long unsigned int]’
/var/www/chino/.venv-whisper/lib/python3.12/site-packages/torch/include/c10/util/SmallVector.h:647:70:   required from ‘c10::SmallVectorImpl<T>::SmallVectorImpl(unsigned int) [with T = at::StepCallbacks::StartEndPair]’
/var/www/chino/.venv-whisper/lib/python3.12/site-packages/torch/include/c10/util/SmallVector.h:1278:39:   required from ‘c10::SmallVector<T, N>::SmallVector() [with T = at::StepCallbacks::StartEndPair; unsigned int N = 4]’
/var/www/chino/.venv-whisper/lib/python3.12/site-packages/torch/include/ATen/record_function.h:263:44:   required from here
/var/www/chino/.venv-whisper/lib/python3.12/site-packages/torch/include/c10/util/SmallVector.h:137:36: warning: declaration of ‘Size’ shadows a member of ‘c10::SmallVectorTemplateCommon<at::StepCallbacks::StartEndPair, void>’ [-Wshadow]
  137 |   SmallVectorTemplateCommon(size_t Size) : Base(getFirstEl(), Size) {}
      |                             ~~~~~~~^~~~
/var/www/chino/.venv-whisper/lib/python3.12/site-packages/torch/include/c10/util/SmallVector.h:56:10: note: shadowed declaration is here
   56 |   Size_T Size = 0, Capacity;
      |          ^~~~
/var/www/chino/.venv-whisper/lib/python3.12/site-packages/torch/include/c10/util/SmallVector.h:137:36: warning: declaration of ‘Size’ shadows a member of ‘c10::SmallVectorTemplateCommon<at::StepCallbacks::StartEndPair, void>’ [-Wshadow]
  137 |   SmallVectorTemplateCommon(size_t Size) : Base(getFirstEl(), Size) {}
      |                             ~~~~~~~^~~~
/var/www/chino/.venv-whisper/lib/python3.12/site-packages/torch/include/c10/util/SmallVector.h:56:10: note: shadowed declaration is here
   56 |   Size_T Size = 0, Capacity;
      |          ^~~~
/var/www/chino/.venv-whisper/lib/python3.12/site-packages/torch/include/c10/util/SmallVector.h:137:36: warning: declaration of ‘Size’ shadows a member of ‘c10::SmallVectorTemplateCommon<at::StepCallbacks::StartEndPair, void>’ [-Wshadow]
  137 |   SmallVectorTemplateCommon(size_t Size) : Base(getFirstEl(), Size) {}
      |                             ~~~~~~~^~~~
/var/www/chino/.venv-whisper/lib/python3.12/site-packages/torch/include/c10/util/SmallVector.h:56:10: note: shadowed declaration is here
   56 |   Size_T Size = 0, Capacity;
      |          ^~~~
/var/www/chino/.venv-whisper/lib/python3.12/site-packages/torch/include/c10/util/SmallVector.h: In instantiation of ‘c10::SmallVectorTemplateCommon<T, <template-parameter-1-2> >::SmallVectorTemplateCommon(size_t) [with T = torch::autograd::InputMetadata; <template-parameter-1-2> = void; size_t = long unsigned int]’:
/var/www/chino/.venv-whisper/lib/python3.12/site-packages/torch/include/c10/util/SmallVector.h:384:75:   required from ‘c10::SmallVectorTemplateBase<T, <anonymous> >::SmallVectorTemplateBase(size_t) [with T = torch::autograd::InputMetadata; bool <anonymous> = false; size_t = long unsigned int]’
/var/www/chino/.venv-whisper/lib/python3.12/site-packages/torch/include/c10/util/SmallVector.h:647:70:   required from ‘c10::SmallVectorImpl<T>::SmallVectorImpl(unsigned int) [with T = torch::autograd::InputMetadata]’
/var/www/chino/.venv-whisper/lib/python3.12/site-packages/torch/include/c10/util/SmallVector.h:1278:39:   required from ‘c10::SmallVector<T, N>::SmallVector() [with T = torch::autograd::InputMetadata; unsigned int N = 2]’
/var/www/chino/.venv-whisper/lib/python3.12/site-packages/torch/include/torch/csrc/autograd/function.h:118:69:   required from here
/var/www/chino/.venv-whisper/lib/python3.12/site-packages/torch/include/c10/util/SmallVector.h:137:36: warning: declaration of ‘Size’ shadows a member of ‘c10::SmallVectorTemplateCommon<torch::autograd::InputMetadata, void>’ [-Wshadow]
  137 |   SmallVectorTemplateCommon(size_t Size) : Base(getFirstEl(), Size) {}
      |                             ~~~~~~~^~~~
/var/www/chino/.venv-whisper/lib/python3.12/site-packages/torch/include/c10/util/SmallVector.h:56:10: note: shadowed declaration is here
   56 |   Size_T Size = 0, Capacity;
      |          ^~~~
/var/www/chino/.venv-whisper/lib/python3.12/site-packages/torch/include/c10/util/SmallVector.h:137:36: warning: declaration of ‘Size’ shadows a member of ‘c10::SmallVectorTemplateCommon<torch::autograd::InputMetadata, void>’ [-Wshadow]
  137 |   SmallVectorTemplateCommon(size_t Size) : Base(getFirstEl(), Size) {}
      |                             ~~~~~~~^~~~
/var/www/chino/.venv-whisper/lib/python3.12/site-packages/torch/include/c10/util/SmallVector.h:56:10: note: shadowed declaration is here
   56 |   Size_T Size = 0, Capacity;
      |          ^~~~
/var/www/chino/.venv-whisper/lib/python3.12/site-packages/torch/include/c10/util/SmallVector.h:137:36: warning: declaration of ‘Size’ shadows a member of ‘c10::SmallVectorTemplateCommon<torch::autograd::InputMetadata, void>’ [-Wshadow]
  137 |   SmallVectorTemplateCommon(size_t Size) : Base(getFirstEl(), Size) {}
      |                             ~~~~~~~^~~~
/var/www/chino/.venv-whisper/lib/python3.12/site-packages/torch/include/c10/util/SmallVector.h:56:10: note: shadowed declaration is here
   56 |   Size_T Size = 0, Capacity;
      |          ^~~~
/var/www/chino/.venv-whisper/lib/python3.12/site-packages/torch/include/c10/util/SmallVector.h: In instantiation of ‘c10::SmallVectorTemplateCommon<T, <template-parameter-1-2> >::SmallVectorTemplateCommon(size_t) [with T = c10::intrusive_ptr<torch::jit::Tree>; <template-parameter-1-2> = void; size_t = long unsigned int]’:
/var/www/chino/.venv-whisper/lib/python3.12/site-packages/torch/include/c10/util/SmallVector.h:384:75:   required from ‘c10::SmallVectorTemplateBase<T, <anonymous> >::SmallVectorTemplateBase(size_t) [with T = c10::intrusive_ptr<torch::jit::Tree>; bool <anonymous> = false; size_t = long unsigned int]’
/var/www/chino/.venv-whisper/lib/python3.12/site-packages/torch/include/c10/util/SmallVector.h:647:70:   required from ‘c10::SmallVectorImpl<T>::SmallVectorImpl(unsigned int) [with T = c10::intrusive_ptr<torch::jit::Tree>]’
/var/www/chino/.venv-whisper/lib/python3.12/site-packages/torch/include/c10/util/SmallVector.h:1278:39:   required from ‘c10::SmallVector<T, N>::SmallVector() [with T = c10::intrusive_ptr<torch::jit::Tree>; unsigned int N = 4]’
/var/www/chino/.venv-whisper/lib/python3.12/site-packages/torch/include/torch/csrc/jit/frontend/tree.h:48:42:   required from here
/var/www/chino/.venv-whisper/lib/python3.12/site-packages/torch/include/c10/util/SmallVector.h:137:36: warning: declaration of ‘Size’ shadows a member of ‘c10::SmallVectorTemplateCommon<c10::intrusive_ptr<torch::jit::Tree>, void>’ [-Wshadow]
  137 |   SmallVectorTemplateCommon(size_t Size) : Base(getFirstEl(), Size) {}
      |                             ~~~~~~~^~~~
/var/www/chino/.venv-whisper/lib/python3.12/site-packages/torch/include/c10/util/SmallVector.h:56:10: note: shadowed declaration is here
   56 |   Size_T Size = 0, Capacity;
      |          ^~~~
/var/www/chino/.venv-whisper/lib/python3.12/site-packages/torch/include/c10/util/SmallVector.h:137:36: warning: declaration of ‘Size’ shadows a member of ‘c10::SmallVectorTemplateCommon<c10::intrusive_ptr<torch::jit::Tree>, void>’ [-Wshadow]
  137 |   SmallVectorTemplateCommon(size_t Size) : Base(getFirstEl(), Size) {}
      |                             ~~~~~~~^~~~
/var/www/chino/.venv-whisper/lib/python3.12/site-packages/torch/include/c10/util/SmallVector.h:56:10: note: shadowed declaration is here
   56 |   Size_T Size = 0, Capacity;
      |          ^~~~
/var/www/chino/.venv-whisper/lib/python3.12/site-packages/torch/include/c10/util/SmallVector.h:137:36: warning: declaration of ‘Size’ shadows a member of ‘c10::SmallVectorTemplateCommon<c10::intrusive_ptr<torch::jit::Tree>, void>’ [-Wshadow]
  137 |   SmallVectorTemplateCommon(size_t Size) : Base(getFirstEl(), Size) {}
      |                             ~~~~~~~^~~~
/var/www/chino/.venv-whisper/lib/python3.12/site-packages/torch/include/c10/util/SmallVector.h:56:10: note: shadowed declaration is here
   56 |   Size_T Size = 0, Capacity;
      |          ^~~~
/var/www/chino/.venv-whisper/lib/python3.12/site-packages/torch/include/c10/util/SmallVector.h: In instantiation of ‘void c10::SmallVectorImpl<T>::append(in_iter, in_iter) [with in_iter = const c10::intrusive_ptr<torch::jit::Tree>*; <template-parameter-2-2> = void; T = c10::intrusive_ptr<torch::jit::Tree>]’:
/var/www/chino/.venv-whisper/lib/python3.12/site-packages/torch/include/c10/util/SmallVector.h:744:11:   required from ‘void c10::SmallVectorImpl<T>::append(std::initializer_list<_Tp>) [with T = c10::intrusive_ptr<torch::jit::Tree>]’
/var/www/chino/.venv-whisper/lib/python3.12/site-packages/torch/include/c10/util/SmallVector.h:783:11:   required from ‘void c10::SmallVectorImpl<T>::assign(std::initializer_list<_Tp>) [with T = c10::intrusive_ptr<torch::jit::Tree>]’
/var/www/chino/.venv-whisper/lib/python3.12/site-packages/torch/include/c10/util/SmallVector.h:1320:17:   required from ‘c10::SmallVector<T, N>::SmallVector(std::initializer_list<_Tp>) [with T = c10::intrusive_ptr<torch::jit::Tree>; unsigned int N = 4]’
/var/www/chino/.venv-whisper/lib/python3.12/site-packages/torch/include/torch/csrc/jit/frontend/tree_views.h:233:25:   required from here
/var/www/chino/.venv-whisper/lib/python3.12/site-packages/torch/include/c10/util/SmallVector.h:730:40: warning: conversion to ‘c10::SmallVectorImpl<c10::intrusive_ptr<torch::jit::Tree> >::size_type’ {aka ‘long unsigned int’} from ‘std::iterator_traits<const c10::intrusive_ptr<torch::jit::Tree>*>::difference_type’ {aka ‘long int’} may change the sign of the result [-Wsign-conversion]
  730 |     size_type NumInputs = std::distance(in_start, in_end);
      |                           ~~~~~~~~~~~~~^~~~~~~~~~~~~~~~~~
/var/www/chino/.venv-whisper/lib/python3.12/site-packages/torch/include/c10/util/flat_hash_map.h: In instantiation of ‘void ska::detailv3::sherwood_v3_table<T, FindKey, ArgumentHash, DetailHasher, ArgumentEqual, Equal, ArgumentAlloc, EntryAlloc>::rehash(uint64_t) [with T = std::pair<std::__cxx11::basic_string<char>, c10::IValue>; FindKey = std::__cxx11::basic_string<char>; ArgumentHash = std::hash<std::__cxx11::basic_string<char> >; DetailHasher = ska::detailv3::KeyOrValueHasher<std::__cxx11::basic_string<char>, std::pair<std::__cxx11::basic_string<char>, c10::IValue>, std::hash<std::__cxx11::basic_string<char> > >; ArgumentEqual = std::equal_to<std::__cxx11::basic_string<char> >; Equal = ska::detailv3::KeyOrValueEquality<std::__cxx11::basic_string<char>, std::pair<std::__cxx11::basic_string<char>, c10::IValue>, std::equal_to<std::__cxx11::basic_string<char> > >; ArgumentAlloc = std::allocator<std::pair<std::__cxx11::basic_string<char>, c10::IValue> >; EntryAlloc = std::allocator<ska::detailv3::sherwood_v3_entry<std::pair<std::__cxx11::basic_string<char>, c10::IValue> > >; uint64_t = long unsigned int]’:
/var/www/chino/.venv-whisper/lib/python3.12/site-packages/torch/include/c10/util/flat_hash_map.h:847:5:   required from ‘void ska::detailv3::sherwood_v3_table<T, FindKey, ArgumentHash, DetailHasher, ArgumentEqual, Equal, ArgumentAlloc, EntryAlloc>::grow() [with T = std::pair<std::__cxx11::basic_string<char>, c10::IValue>; FindKey = std::__cxx11::basic_string<char>; ArgumentHash = std::hash<std::__cxx11::basic_string<char> >; DetailHasher = ska::detailv3::KeyOrValueHasher<std::__cxx11::basic_string<char>, std::pair<std::__cxx11::basic_string<char>, c10::IValue>, std::hash<std::__cxx11::basic_string<char> > >; ArgumentEqual = std::equal_to<std::__cxx11::basic_string<char> >; Equal = ska::detailv3::KeyOrValueEquality<std::__cxx11::basic_string<char>, std::pair<std::__cxx11::basic_string<char>, c10::IValue>, std::equal_to<std::__cxx11::basic_string<char> > >; ArgumentAlloc = std::allocator<std::pair<std::__cxx11::basic_string<char>, c10::IValue> >; EntryAlloc = std::allocator<ska::detailv3::sherwood_v3_entry<std::pair<std::__cxx11::basic_string<char>, c10::IValue> > >]’
/var/www/chino/.venv-whisper/lib/python3.12/site-packages/torch/include/c10/util/flat_hash_map.h:812:7:   required from ‘std::pair<ska::detailv3::sherwood_v3_table<T, FindKey, ArgumentHash, DetailHasher, ArgumentEqual, Equal, ArgumentAlloc, EntryAlloc>::templated_iterator<T>, bool> ska::detailv3::sherwood_v3_table<T, FindKey, ArgumentHash, DetailHasher, ArgumentEqual, Equal, ArgumentAlloc, EntryAlloc>::emplace_new_key(int8_t, EntryPointer, Key&&, Args&& ...) [with Key = std::pair<std::__cxx11::basic_string<char>, c10::IValue>; Args = {}; T = std::pair<std::__cxx11::basic_string<char>, c10::IValue>; FindKey = std::__cxx11::basic_string<char>; ArgumentHash = std::hash<std::__cxx11::basic_string<char> >; DetailHasher = ska::detailv3::KeyOrValueHasher<std::__cxx11::basic_string<char>, std::pair<std::__cxx11::basic_string<char>, c10::IValue>, std::hash<std::__cxx11::basic_string<char> > >; ArgumentEqual = std::equal_to<std::__cxx11::basic_string<char> >; Equal = ska::detailv3::KeyOrValueEquality<std::__cxx11::basic_string<char>, std::pair<std::__cxx11::basic_string<char>, c10::IValue>, std::equal_to<std::__cxx11::basic_string<char> > >; ArgumentAlloc = std::allocator<std::pair<std::__cxx11::basic_string<char>, c10::IValue> >; EntryAlloc = std::allocator<ska::detailv3::sherwood_v3_entry<std::pair<std::__cxx11::basic_string<char>, c10::IValue> > >; int8_t = signed char; EntryPointer = ska::detailv3::sherwood_v3_entry<std::pair<std::__cxx11::basic_string<char>, c10::IValue> >*]’
/var/www/chino/.venv-whisper/lib/python3.12/site-packages/torch/include/c10/util/flat_hash_map.h:563:27:   required from ‘std::pair<ska::detailv3::sherwood_v3_table<T, FindKey, ArgumentHash, DetailHasher, ArgumentEqual, Equal, ArgumentAlloc, EntryAlloc>::templated_iterator<T>, bool> ska::detailv3::sherwood_v3_table<T, FindKey, ArgumentHash, DetailHasher, ArgumentEqual, Equal, ArgumentAlloc, EntryAlloc>::emplace(Key&&, Args&& ...) [with Key = std::pair<std::__cxx11::basic_string<char>, c10::IValue>; Args = {}; T = std::pair<std::__cxx11::basic_string<char>, c10::IValue>; FindKey = std::__cxx11::basic_string<char>; ArgumentHash = std::hash<std::__cxx11::basic_string<char> >; DetailHasher = ska::detailv3::KeyOrValueHasher<std::__cxx11::basic_string<char>, std::pair<std::__cxx11::basic_string<char>, c10::IValue>, std::hash<std::__cxx11::basic_string<char> > >; ArgumentEqual = std::equal_to<std::__cxx11::basic_string<char> >; Equal = ska::detailv3::KeyOrValueEquality<std::__cxx11::basic_string<char>, std::pair<std::__cxx11::basic_string<char>, c10::IValue>, std::equal_to<std::__cxx11::basic_string<char> > >; ArgumentAlloc = std::allocator<std::pair<std::__cxx11::basic_string<char>, c10::IValue> >; EntryAlloc = std::allocator<ska::detailv3::sherwood_v3_entry<std::pair<std::__cxx11::basic_string<char>, c10::IValue> > >]’
/var/www/chino/.venv-whisper/lib/python3.12/site-packages/torch/include/c10/util/flat_hash_map.h:574:19:   required from ‘std::pair<ska::detailv3::sherwood_v3_table<T, FindKey, ArgumentHash, DetailHasher, ArgumentEqual, Equal, ArgumentAlloc, EntryAlloc>::templated_iterator<T>, bool> ska::detailv3::sherwood_v3_table<T, FindKey, ArgumentHash, DetailHasher, ArgumentEqual, Equal, ArgumentAlloc, EntryAlloc>::insert(value_type&&) [with T = std::pair<std::__cxx11::basic_string<char>, c10::IValue>; FindKey = std::__cxx11::basic_string<char>; ArgumentHash = std::hash<std::__cxx11::basic_string<char> >; DetailHasher = ska::detailv3::KeyOrValueHasher<std::__cxx11::basic_string<char>, std::pair<std::__cxx11::basic_string<char>, c10::IValue>, std::hash<std::__cxx11::basic_string<char> > >; ArgumentEqual = std::equal_to<std::__cxx11::basic_string<char> >; Equal = ska::detailv3::KeyOrValueEquality<std::__cxx11::basic_string<char>, std::pair<std::__cxx11::basic_string<char>, c10::IValue>, std::equal_to<std::__cxx11::basic_string<char> > >; ArgumentAlloc = std::allocator<std::pair<std::__cxx11::basic_string<char>, c10::IValue> >; EntryAlloc = std::allocator<ska::detailv3::sherwood_v3_entry<std::pair<std::__cxx11::basic_string<char>, c10::IValue> > >; value_type = std::pair<std::__cxx11::basic_string<char>, c10::IValue>]’
/var/www/chino/.venv-whisper/lib/python3.12/site-packages/torch/include/torch/csrc/dynamo/compiled_autograd.h:1545:17:   required from here
/var/www/chino/.venv-whisper/lib/python3.12/site-packages/torch/include/c10/util/flat_hash_map.h:611:56: warning: conversion to ‘uint64_t’ {aka ‘long unsigned int’} from ‘int’ may change the sign of the result [-Wsign-conversion]
  611 |         AllocatorTraits::allocate(*this, num_buckets + new_max_lookups));
      |                                                        ^~~~~~~~~~~~~~~
/var/www/chino/.venv-whisper/lib/python3.12/site-packages/torch/include/c10/util/flat_hash_map.h:613:60: warning: conversion to ‘uint64_t’ {aka ‘long unsigned int’} from ‘int’ may change the sign of the result [-Wsign-conversion]
  613 |         new_buckets + static_cast<ptrdiff_t>(num_buckets + new_max_lookups - 1);
      |                                                            ^~~~~~~~~~~~~~~
/var/www/chino/.venv-whisper/lib/python3.12/site-packages/torch/include/c10/util/flat_hash_map.h:626:62: warning: conversion to ‘uint64_t’ {aka ‘long unsigned int’} from ‘int’ may change the sign of the result [-Wsign-conversion]
  626 |              end = it + static_cast<ptrdiff_t>(num_buckets + old_max_lookups);
      |                                                              ^~~~~~~~~~~~~~~
/var/www/chino/.venv-whisper/lib/python3.12/site-packages/torch/include/c10/util/SmallVector.h: In instantiation of ‘void c10::SmallVectorTemplateCommon<T, <template-parameter-1-2> >::assertSafeToAddRange(const T*, const T*) [with T = c10::intrusive_ptr<torch::jit::Tree>; <template-parameter-1-2> = void]’:
/var/www/chino/.venv-whisper/lib/python3.12/site-packages/torch/include/c10/util/SmallVector.h:729:31:   required from ‘void c10::SmallVectorImpl<T>::append(in_iter, in_iter) [with in_iter = const c10::intrusive_ptr<torch::jit::Tree>*; <template-parameter-2-2> = void; T = c10::intrusive_ptr<torch::jit::Tree>]’
/var/www/chino/.venv-whisper/lib/python3.12/site-packages/torch/include/c10/util/SmallVector.h:744:11:   required from ‘void c10::SmallVectorImpl<T>::append(std::initializer_list<_Tp>) [with T = c10::intrusive_ptr<torch::jit::Tree>]’
/var/www/chino/.venv-whisper/lib/python3.12/site-packages/torch/include/c10/util/SmallVector.h:783:11:   required from ‘void c10::SmallVectorImpl<T>::assign(std::initializer_list<_Tp>) [with T = c10::intrusive_ptr<torch::jit::Tree>]’
/var/www/chino/.venv-whisper/lib/python3.12/site-packages/torch/include/c10/util/SmallVector.h:1320:17:   required from ‘c10::SmallVector<T, N>::SmallVector(std::initializer_list<_Tp>) [with T = c10::intrusive_ptr<torch::jit::Tree>; unsigned int N = 4]’
/var/www/chino/.venv-whisper/lib/python3.12/site-packages/torch/include/torch/csrc/jit/frontend/tree_views.h:233:25:   required from here
/var/www/chino/.venv-whisper/lib/python3.12/site-packages/torch/include/c10/util/SmallVector.h:225:36: warning: conversion to ‘size_t’ {aka ‘long unsigned int’} from ‘long int’ may change the sign of the result [-Wsign-conversion]
  225 |     this->assertSafeToAdd(From, To - From);
      |                                 ~~~^~~~~~
/var/www/chino/.venv-whisper/lib/python3.12/site-packages/torch/include/c10/util/SmallVector.h:226:38: warning: conversion to ‘size_t’ {aka ‘long unsigned int’} from ‘long int’ may change the sign of the result [-Wsign-conversion]
  226 |     this->assertSafeToAdd(To - 1, To - From);
      |                                   ~~~^~~~~~
/var/www/chino/.venv-whisper/lib/python3.12/site-packages/torch/include/c10/util/order_preserving_flat_hash_map.h: In instantiation of ‘void ska_ordered::detailv3::sherwood_v3_table<T, FindKey, ArgumentHash, Hasher, ArgumentEqual, Equal, ArgumentAlloc, EntryAlloc>::rehash(uint64_t) [with T = std::pair<c10::IValue, c10::IValue>; FindKey = c10::IValue; ArgumentHash = c10::detail::DictKeyHash; Hasher = ska_ordered::detailv3::KeyOrValueHasher<c10::IValue, std::pair<c10::IValue, c10::IValue>, c10::detail::DictKeyHash>; ArgumentEqual = c10::detail::DictKeyEqualTo; Equal = ska_ordered::detailv3::KeyOrValueEquality<c10::IValue, std::pair<c10::IValue, c10::IValue>, c10::detail::DictKeyEqualTo>; ArgumentAlloc = std::allocator<std::pair<c10::IValue, c10::IValue> >; EntryAlloc = std::allocator<ska_ordered::detailv3::sherwood_v3_entry<std::pair<c10::IValue, c10::IValue> > >; uint64_t = long unsigned int]’:
/var/www/chino/.venv-whisper/lib/python3.12/site-packages/torch/include/c10/util/order_preserving_flat_hash_map.h:817:5:   required from ‘void ska_ordered::detailv3::sherwood_v3_table<T, FindKey, ArgumentHash, Hasher, ArgumentEqual, Equal, ArgumentAlloc, EntryAlloc>::rehash_for_other_container(const ska_ordered::detailv3::sherwood_v3_table<T, FindKey, ArgumentHash, Hasher, ArgumentEqual, Equal, ArgumentAlloc, EntryAlloc>&) [with T = std::pair<c10::IValue, c10::IValue>; FindKey = c10::IValue; ArgumentHash = c10::detail::DictKeyHash; Hasher = ska_ordered::detailv3::KeyOrValueHasher<c10::IValue, std::pair<c10::IValue, c10::IValue>, c10::detail::DictKeyHash>; ArgumentEqual = c10::detail::DictKeyEqualTo; Equal = ska_ordered::detailv3::KeyOrValueEquality<c10::IValue, std::pair<c10::IValue, c10::IValue>, c10::detail::DictKeyEqualTo>; ArgumentAlloc = std::allocator<std::pair<c10::IValue, c10::IValue> >; EntryAlloc = std::allocator<ska_ordered::detailv3::sherwood_v3_entry<std::pair<c10::IValue, c10::IValue> > >]’
/var/www/chino/.venv-whisper/lib/python3.12/site-packages/torch/include/c10/util/order_preserving_flat_hash_map.h:350:5:   required from ‘ska_ordered::detailv3::sherwood_v3_table<T, FindKey, ArgumentHash, Hasher, ArgumentEqual, Equal, ArgumentAlloc, EntryAlloc>::sherwood_v3_table(const ska_ordered::detailv3::sherwood_v3_table<T, FindKey, ArgumentHash, Hasher, ArgumentEqual, Equal, ArgumentAlloc, EntryAlloc>&, const ArgumentAlloc&) [with T = std::pair<c10::IValue, c10::IValue>; FindKey = c10::IValue; ArgumentHash = c10::detail::DictKeyHash; Hasher = ska_ordered::detailv3::KeyOrValueHasher<c10::IValue, std::pair<c10::IValue, c10::IValue>, c10::detail::DictKeyHash>; ArgumentEqual = c10::detail::DictKeyEqualTo; Equal = ska_ordered::detailv3::KeyOrValueEquality<c10::IValue, std::pair<c10::IValue, c10::IValue>, c10::detail::DictKeyEqualTo>; ArgumentAlloc = std::allocator<std::pair<c10::IValue, c10::IValue> >; EntryAlloc = std::allocator<ska_ordered::detailv3::sherwood_v3_entry<std::pair<c10::IValue, c10::IValue> > >]’
/var/www/chino/.venv-whisper/lib/python3.12/site-packages/torch/include/c10/util/order_preserving_flat_hash_map.h:344:39:   required from ‘ska_ordered::detailv3::sherwood_v3_table<T, FindKey, ArgumentHash, Hasher, ArgumentEqual, Equal, ArgumentAlloc, EntryAlloc>::sherwood_v3_table(const ska_ordered::detailv3::sherwood_v3_table<T, FindKey, ArgumentHash, Hasher, ArgumentEqual, Equal, ArgumentAlloc, EntryAlloc>&) [with T = std::pair<c10::IValue, c10::IValue>; FindKey = c10::IValue; ArgumentHash = c10::detail::DictKeyHash; Hasher = ska_ordered::detailv3::KeyOrValueHasher<c10::IValue, std::pair<c10::IValue, c10::IValue>, c10::detail::DictKeyHash>; ArgumentEqual = c10::detail::DictKeyEqualTo; Equal = ska_ordered::detailv3::KeyOrValueEquality<c10::IValue, std::pair<c10::IValue, c10::IValue>, c10::detail::DictKeyEqualTo>; ArgumentAlloc = std::allocator<std::pair<c10::IValue, c10::IValue> >; EntryAlloc = std::allocator<ska_ordered::detailv3::sherwood_v3_entry<std::pair<c10::IValue, c10::IValue> > >]’
/var/www/chino/.venv-whisper/lib/python3.12/site-packages/torch/include/c10/util/order_preserving_flat_hash_map.h:2038:7:   required from ‘static c10::intrusive_ptr<T, NullType> c10::intrusive_ptr<T, NullType>::make(Args&& ...) [with Args = {const ska_ordered::order_preserving_flat_hash_map<c10::IValue, c10::IValue, c10::detail::DictKeyHash, c10::detail::DictKeyEqualTo, std::allocator<std::pair<c10::IValue, c10::IValue> > >&, const c10::detail::DictImpl::DictElementTypes&}; TTarget = c10::detail::DictImpl; NullType = c10::detail::intrusive_target_default_null_type<c10::detail::DictImpl>]’
/var/www/chino/.venv-whisper/lib/python3.12/site-packages/torch/include/c10/util/intrusive_ptr.h:754:48:   required from ‘c10::intrusive_ptr<TTarget, NullType> c10::make_intrusive(Args&& ...) [with TTarget = detail::DictImpl; NullType = detail::intrusive_target_default_null_type<detail::DictImpl>; Args = {const ska_ordered::order_preserving_flat_hash_map<IValue, IValue, detail::DictKeyHash, detail::DictKeyEqualTo, std::allocator<std::pair<IValue, IValue> > >&, const detail::DictImpl::DictElementTypes&}]’
/var/www/chino/.venv-whisper/lib/python3.12/site-packages/torch/include/ATen/core/Dict_inl.h:62:34:   required from here
/var/www/chino/.venv-whisper/lib/python3.12/site-packages/torch/include/c10/util/order_preserving_flat_hash_map.h:599:56: warning: conversion to ‘uint64_t’ {aka ‘long unsigned int’} from ‘int’ may change the sign of the result [-Wsign-conversion]
  599 |         AllocatorTraits::allocate(*this, num_buckets + new_max_lookups));
      |                                                        ^~~~~~~~~~~~~~~
/var/www/chino/.venv-whisper/lib/python3.12/site-packages/torch/include/c10/util/order_preserving_flat_hash_map.h:601:60: warning: conversion to ‘uint64_t’ {aka ‘long unsigned int’} from ‘int’ may change the sign of the result [-Wsign-conversion]
  601 |         new_buckets + static_cast<ptrdiff_t>(num_buckets + new_max_lookups - 1);
      |                                                            ^~~~~~~~~~~~~~~
[ 22%] Linking CXX static library AdbSynth_artefacts/libAdbSynth_SharedCode.a
[100%] Built target AdbSynth
